epoch,lr,step,test_neg_dy_l1_loss,test_total_l1_loss,test_y_l1_loss,train_neg_dy_mse_loss,train_total_mse_loss,train_y_mse_loss,val_neg_dy_l1_loss,val_neg_dy_mse_loss,val_total_l1_loss,val_total_mse_loss,val_y_l1_loss,val_y_mse_loss
0.0,6.750000011379598e-06,26,,,,399.59893798828125,399.59893798828125,0.0,15.23309326171875,400.74542236328125,15.23309326171875,400.74542236328125,0.0,0.0
1.0,1.3500000022759195e-05,53,,,,398.996826171875,398.996826171875,0.0,15.224527359008789,400.21551513671875,15.224527359008789,400.21551513671875,0.0,0.0
2.0,2.0249999579391442e-05,80,15.363154411315918,15.363154411315918,0.0,398.4833068847656,398.4833068847656,0.0,15.211427688598633,399.34222412109375,15.211427688598633,399.34222412109375,0.0,0.0
3.0,2.700000004551839e-05,107,,,,397.1593017578125,397.1593017578125,0.0,15.184008598327637,397.4651184082031,15.184008598327637,397.4651184082031,0.0,0.0
4.0,3.3749998692655936e-05,134,15.283549308776855,15.283549308776855,0.0,394.78350830078125,394.78350830078125,0.0,15.132270812988281,393.6329345703125,15.132270812988281,393.6329345703125,0.0,0.0
5.0,4.0499999158782884e-05,161,,,,390.50384521484375,390.50384521484375,0.0,15.058378219604492,388.468994140625,15.058378219604492,388.468994140625,0.0,0.0
6.0,4.724999962490983e-05,188,15.168954849243164,15.168954849243164,0.0,386.3831787109375,386.3831787109375,0.0,15.008014678955078,385.54608154296875,15.008014678955078,385.54608154296875,0.0,0.0
7.0,5.400000009103678e-05,215,,,,384.3177795410156,384.3177795410156,0.0,14.986902236938477,384.41558837890625,14.986902236938477,384.41558837890625,0.0,0.0
8.0,6.075000055716373e-05,242,15.110855102539062,15.110855102539062,0.0,382.8878173828125,382.8878173828125,0.0,14.969985961914062,383.3203430175781,14.969985961914062,383.3203430175781,0.0,0.0
9.0,6.749999738531187e-05,269,,,,381.44635009765625,381.44635009765625,0.0,14.95135498046875,382.1393127441406,14.95135498046875,382.1393127441406,0.0,0.0
10.0,7.424999785143882e-05,296,15.041296005249023,15.041296005249023,0.0,379.9150085449219,379.9150085449219,0.0,14.921649932861328,380.60797119140625,14.921649932861328,380.60797119140625,0.0,0.0
11.0,8.099999831756577e-05,323,,,,378.5616455078125,378.5616455078125,0.0,14.926639556884766,380.6939392089844,14.926639556884766,380.6939392089844,0.0,0.0
12.0,8.774999878369272e-05,350,14.989773750305176,14.989773750305176,0.0,377.37542724609375,377.37542724609375,0.0,14.880067825317383,378.2406311035156,14.880067825317383,378.2406311035156,0.0,0.0
13.0,9.449999924981967e-05,377,,,,375.657470703125,375.657470703125,0.0,14.856927871704102,376.90966796875,14.856927871704102,376.90966796875,0.0,0.0
14.0,0.00010124999971594661,404,14.93124771118164,14.93124771118164,0.0,374.2294006347656,374.2294006347656,0.0,14.832786560058594,375.5859375,14.832786560058594,375.5859375,0.0,0.0
15.0,0.00010800000018207356,431,,,,372.42694091796875,372.42694091796875,0.0,14.79387378692627,373.67047119140625,14.79387378692627,373.67047119140625,0.0,0.0
16.0,0.00011475000064820051,458,14.851234436035156,14.851234436035156,0.0,370.5646667480469,370.5646667480469,0.0,14.792190551757812,373.1844482421875,14.792190551757812,373.1844482421875,0.0,0.0
17.0,0.00012150000111432746,485,,,,368.88763427734375,368.88763427734375,0.0,14.73475456237793,370.6790466308594,14.73475456237793,370.6790466308594,0.0,0.0
18.0,0.0001282500015804544,512,14.753348350524902,14.753348350524902,0.0,366.7015380859375,366.7015380859375,0.0,14.706926345825195,369.0523681640625,14.706926345825195,369.0523681640625,0.0,0.0
19.0,0.00013499999477062374,539,,,,364.6770935058594,364.6770935058594,0.0,14.683748245239258,368.3016662597656,14.683748245239258,368.3016662597656,0.0,0.0
20.0,0.0001417500025127083,566,14.65258502960205,14.65258502960205,0.0,362.7413330078125,362.7413330078125,0.0,14.640317916870117,366.03802490234375,14.640317916870117,366.03802490234375,0.0,0.0
21.0,0.00014849999570287764,593,,,,361.065185546875,361.065185546875,0.0,14.617334365844727,365.113037109375,14.617334365844727,365.113037109375,0.0,0.0
22.0,0.0001552500034449622,620,14.623162269592285,14.623162269592285,0.0,360.2326354980469,360.2326354980469,0.0,14.597190856933594,363.75384521484375,14.597190856933594,363.75384521484375,0.0,0.0
23.0,0.00016199999663513154,647,,,,357.7705383300781,357.7705383300781,0.0,14.560674667358398,362.373779296875,14.560674667358398,362.373779296875,0.0,0.0
24.0,0.0001687500043772161,674,14.518082618713379,14.518082618713379,0.0,357.0877380371094,357.0877380371094,0.0,14.514254570007324,360.28143310546875,14.514254570007324,360.28143310546875,0.0,0.0
25.0,0.00017549999756738544,701,,,,356.43792724609375,356.43792724609375,0.0,14.516488075256348,360.228759765625,14.516488075256348,360.228759765625,0.0,0.0
26.0,0.00018225000530947,728,14.516541481018066,14.516541481018066,0.0,355.169921875,355.169921875,0.0,14.506102561950684,359.6164245605469,14.506102561950684,359.6164245605469,0.0,0.0
27.0,0.00018899999849963933,755,,,,353.39727783203125,353.39727783203125,0.0,14.461040496826172,357.3675537109375,14.461040496826172,357.3675537109375,0.0,0.0
28.0,0.0001957500062417239,782,14.43918228149414,14.43918228149414,0.0,352.2982482910156,352.2982482910156,0.0,14.448474884033203,356.91973876953125,14.448474884033203,356.91973876953125,0.0,0.0
29.0,0.00020249999943189323,809,,,,352.05120849609375,352.05120849609375,0.0,14.428874969482422,355.8244323730469,14.428874969482422,355.8244323730469,0.0,0.0
30.0,0.0002092500071739778,836,14.426483154296875,14.426483154296875,0.0,349.8347473144531,349.8347473144531,0.0,14.415136337280273,355.30426025390625,14.415136337280273,355.30426025390625,0.0,0.0
31.0,0.00021600000036414713,863,,,,348.9657287597656,348.9657287597656,0.0,14.406143188476562,354.6300354003906,14.406143188476562,354.6300354003906,0.0,0.0
32.0,0.00022274999355431646,890,14.454565048217773,14.454565048217773,0.0,348.37109375,348.37109375,0.0,14.443400382995605,356.22900390625,14.443400382995605,356.22900390625,0.0,0.0
33.0,0.00022950000129640102,917,,,,347.8313903808594,347.8313903808594,0.0,14.38923454284668,354.103271484375,14.38923454284668,354.103271484375,0.0,0.0
34.0,0.00023624999448657036,944,14.335517883300781,14.335517883300781,0.0,346.49371337890625,346.49371337890625,0.0,14.322792053222656,350.50054931640625,14.322792053222656,350.50054931640625,0.0,0.0
35.0,0.00024300000222865492,971,,,,344.7681579589844,344.7681579589844,0.0,14.337697982788086,351.1668701171875,14.337697982788086,351.1668701171875,0.0,0.0
36.0,0.0002497500099707395,998,14.344396591186523,14.344396591186523,0.0,344.1806335449219,344.1806335449219,0.0,14.323098182678223,350.48028564453125,14.323098182678223,350.48028564453125,0.0,0.0
37.0,0.0002565000031609088,1025,,,,343.62908935546875,343.62908935546875,0.0,14.280476570129395,347.95245361328125,14.280476570129395,347.95245361328125,0.0,0.0
38.0,0.00026324999635107815,1052,14.398540496826172,14.398540496826172,0.0,341.356201171875,341.356201171875,0.0,14.375774383544922,352.6866455078125,14.375774383544922,352.6866455078125,0.0,0.0
39.0,0.0002699999895412475,1079,,,,341.7571716308594,341.7571716308594,0.0,14.244281768798828,346.14617919921875,14.244281768798828,346.14617919921875,0.0,0.0
40.0,0.0002767500118352473,1106,14.26506233215332,14.26506233215332,0.0,338.639404296875,338.639404296875,0.0,14.254222869873047,346.38519287109375,14.254222869873047,346.38519287109375,0.0,0.0
41.0,0.0002835000050254166,1133,,,,337.74224853515625,337.74224853515625,0.0,14.215131759643555,344.48565673828125,14.215131759643555,344.48565673828125,0.0,0.0
42.0,0.00029024999821558595,1160,14.223365783691406,14.223365783691406,0.0,336.53106689453125,336.53106689453125,0.0,14.188941955566406,342.8475646972656,14.188941955566406,342.8475646972656,0.0,0.0
43.0,0.0002969999914057553,1187,,,,337.76885986328125,337.76885986328125,0.0,14.21662712097168,343.79681396484375,14.21662712097168,343.79681396484375,0.0,0.0
44.0,0.00030375001369975507,1214,14.20472240447998,14.20472240447998,0.0,334.3719177246094,334.3719177246094,0.0,14.15755558013916,340.98876953125,14.15755558013916,340.98876953125,0.0,0.0
45.0,0.0003105000068899244,1241,,,,333.8771057128906,333.8771057128906,0.0,14.17335033416748,341.79754638671875,14.17335033416748,341.79754638671875,0.0,0.0
46.0,0.00031725000008009374,1268,14.200871467590332,14.200871467590332,0.0,332.9203186035156,332.9203186035156,0.0,14.148374557495117,339.7831726074219,14.148374557495117,339.7831726074219,0.0,0.0
47.0,0.0003239999932702631,1295,,,,330.42401123046875,330.42401123046875,0.0,14.075826644897461,336.1873779296875,14.075826644897461,336.1873779296875,0.0,0.0
48.0,0.0003307499864604324,1322,14.120375633239746,14.120375633239746,0.0,327.1524658203125,327.1524658203125,0.0,14.055570602416992,335.21728515625,14.055570602416992,335.21728515625,0.0,0.0
49.0,0.0003375000087544322,1349,,,,326.503173828125,326.503173828125,0.0,14.026288986206055,333.26800537109375,14.026288986206055,333.26800537109375,0.0,0.0
50.0,0.00034425000194460154,1376,14.092816352844238,14.092816352844238,0.0,323.2950439453125,323.2950439453125,0.0,13.99992561340332,332.24267578125,13.99992561340332,332.24267578125,0.0,0.0
51.0,0.00035099999513477087,1403,,,,323.0660400390625,323.0660400390625,0.0,13.979681015014648,330.3799133300781,13.979681015014648,330.3799133300781,0.0,0.0
52.0,0.0003577499883249402,1430,14.032540321350098,14.032540321350098,0.0,321.193359375,321.193359375,0.0,13.94232177734375,328.897216796875,13.94232177734375,328.897216796875,0.0,0.0
53.0,0.00036450001061894,1457,,,,317.47442626953125,317.47442626953125,0.0,13.900763511657715,326.11846923828125,13.900763511657715,326.11846923828125,0.0,0.0
54.0,0.00037125000380910933,1484,14.041289329528809,14.041289329528809,0.0,315.54302978515625,315.54302978515625,0.0,13.919548034667969,326.983154296875,13.919548034667969,326.983154296875,0.0,0.0
55.0,0.00037799999699927866,1511,,,,312.6143798828125,312.6143798828125,0.0,13.924930572509766,326.9982604980469,13.924930572509766,326.9982604980469,0.0,0.0
56.0,0.000384749990189448,1538,14.044061660766602,14.044061660766602,0.0,312.5249328613281,312.5249328613281,0.0,13.89764404296875,326.0000305175781,13.89764404296875,326.0000305175781,0.0,0.0
57.0,0.0003915000124834478,1565,,,,308.41851806640625,308.41851806640625,0.0,13.800405502319336,320.481689453125,13.800405502319336,320.481689453125,0.0,0.0
58.0,0.0003982500056736171,1592,13.886162757873535,13.886162757873535,0.0,305.7985534667969,305.7985534667969,0.0,13.75208854675293,317.84283447265625,13.75208854675293,317.84283447265625,0.0,0.0
59.0,0.00040499999886378646,1619,,,,302.1942443847656,302.1942443847656,0.0,13.661949157714844,313.45184326171875,13.661949157714844,313.45184326171875,0.0,0.0
60.0,0.0004117499920539558,1646,13.826372146606445,13.826372146606445,0.0,300.4128112792969,300.4128112792969,0.0,13.67112922668457,313.38714599609375,13.67112922668457,313.38714599609375,0.0,0.0
61.0,0.0004185000143479556,1673,,,,299.2550354003906,299.2550354003906,0.0,13.652405738830566,313.2470703125,13.652405738830566,313.2470703125,0.0,0.0
62.0,0.0004252500075381249,1700,13.867286682128906,13.867286682128906,0.0,296.3060607910156,296.3060607910156,0.0,13.740036010742188,316.7901916503906,13.740036010742188,316.7901916503906,0.0,0.0
63.0,0.00043200000072829425,1727,,,,293.022216796875,293.022216796875,0.0,13.555238723754883,308.2538146972656,13.555238723754883,308.2538146972656,0.0,0.0
64.0,0.0004387499939184636,1754,13.659466743469238,13.659466743469238,0.0,288.9513244628906,288.9513244628906,0.0,13.507865905761719,305.2944641113281,13.507865905761719,305.2944641113281,0.0,0.0
65.0,0.0004454999871086329,1781,,,,286.9004821777344,286.9004821777344,0.0,13.473360061645508,304.265869140625,13.473360061645508,304.265869140625,0.0,0.0
66.0,0.0004522500094026327,1808,13.57315444946289,13.57315444946289,0.0,283.85333251953125,283.85333251953125,0.0,13.371210098266602,298.97161865234375,13.371210098266602,298.97161865234375,0.0,0.0
67.0,0.00045900000259280205,1835,,,,279.5112609863281,279.5112609863281,0.0,13.313931465148926,296.380859375,13.313931465148926,296.380859375,0.0,0.0
68.0,0.0004657499957829714,1862,13.462733268737793,13.462733268737793,0.0,276.5976257324219,276.5976257324219,0.0,13.28126049041748,294.2620849609375,13.28126049041748,294.2620849609375,0.0,0.0
69.0,0.0004724999889731407,1889,,,,274.3050842285156,274.3050842285156,0.0,13.217277526855469,290.5701599121094,13.217277526855469,290.5701599121094,0.0,0.0
70.0,0.0004792500112671405,1916,13.332207679748535,13.332207679748535,0.0,269.58087158203125,269.58087158203125,0.0,13.164259910583496,288.1898193359375,13.164259910583496,288.1898193359375,0.0,0.0
71.0,0.00048600000445730984,1943,,,,268.4756774902344,268.4756774902344,0.0,13.238792419433594,292.58111572265625,13.238792419433594,292.58111572265625,0.0,0.0
72.0,0.0004927500267513096,1970,13.313745498657227,13.313745498657227,0.0,266.4523620605469,266.4523620605469,0.0,13.143521308898926,287.4993896484375,13.143521308898926,287.4993896484375,0.0,0.0
73.0,0.000499500019941479,1997,,,,260.507080078125,260.507080078125,0.0,13.043924331665039,283.1219482421875,13.043924331665039,283.1219482421875,0.0,0.0
74.0,0.0005000000237487257,2024,13.138616561889648,13.138616561889648,0.0,257.61749267578125,257.61749267578125,0.0,12.986502647399902,279.56500244140625,12.986502647399902,279.56500244140625,0.0,0.0
75.0,0.0005000000237487257,2051,,,,253.6005859375,253.6005859375,0.0,12.951391220092773,278.3614501953125,12.951391220092773,278.3614501953125,0.0,0.0
76.0,0.0005000000237487257,2078,13.077165603637695,13.077165603637695,0.0,251.1186065673828,251.1186065673828,0.0,12.872568130493164,274.40692138671875,12.872568130493164,274.40692138671875,0.0,0.0
77.0,0.0005000000237487257,2105,,,,249.23898315429688,249.23898315429688,0.0,12.831902503967285,273.61181640625,12.831902503967285,273.61181640625,0.0,0.0
78.0,0.0005000000237487257,2132,13.005773544311523,13.005773544311523,0.0,244.7699737548828,244.7699737548828,0.0,12.80941390991211,271.5968017578125,12.80941390991211,271.5968017578125,0.0,0.0
79.0,0.0005000000237487257,2159,,,,242.96475219726562,242.96475219726562,0.0,12.643451690673828,264.0177001953125,12.643451690673828,264.0177001953125,0.0,0.0
80.0,0.0005000000237487257,2186,12.797693252563477,12.797693252563477,0.0,238.03585815429688,238.03585815429688,0.0,12.632963180541992,263.77545166015625,12.632963180541992,263.77545166015625,0.0,0.0
81.0,0.0005000000237487257,2213,,,,237.0396270751953,237.0396270751953,0.0,12.627551078796387,264.1881408691406,12.627551078796387,264.1881408691406,0.0,0.0
82.0,0.0005000000237487257,2240,12.642522811889648,12.642522811889648,0.0,233.9266815185547,233.9266815185547,0.0,12.483957290649414,257.86175537109375,12.483957290649414,257.86175537109375,0.0,0.0
83.0,0.0005000000237487257,2267,,,,230.2076416015625,230.2076416015625,0.0,12.435117721557617,255.40985107421875,12.435117721557617,255.40985107421875,0.0,0.0
84.0,0.0005000000237487257,2294,12.645770072937012,12.645770072937012,0.0,229.2401580810547,229.2401580810547,0.0,12.3925142288208,253.73062133789062,12.3925142288208,253.73062133789062,0.0,0.0
85.0,0.0005000000237487257,2321,,,,226.0133819580078,226.0133819580078,0.0,12.358598709106445,251.59951782226562,12.358598709106445,251.59951782226562,0.0,0.0
86.0,0.0005000000237487257,2348,12.493875503540039,12.493875503540039,0.0,223.52432250976562,223.52432250976562,0.0,12.295623779296875,249.5406036376953,12.295623779296875,249.5406036376953,0.0,0.0
87.0,0.0005000000237487257,2375,,,,220.5407257080078,220.5407257080078,0.0,12.254910469055176,247.96441650390625,12.254910469055176,247.96441650390625,0.0,0.0
88.0,0.0005000000237487257,2402,12.358159065246582,12.358159065246582,0.0,218.6334228515625,218.6334228515625,0.0,12.203031539916992,245.13845825195312,12.203031539916992,245.13845825195312,0.0,0.0
89.0,0.0005000000237487257,2429,,,,217.67344665527344,217.67344665527344,0.0,12.132437705993652,242.5071258544922,12.132437705993652,242.5071258544922,0.0,0.0
90.0,0.0005000000237487257,2456,12.28134536743164,12.28134536743164,0.0,213.9571075439453,213.9571075439453,0.0,12.089258193969727,241.06712341308594,12.089258193969727,241.06712341308594,0.0,0.0
91.0,0.0005000000237487257,2483,,,,211.62637329101562,211.62637329101562,0.0,12.066652297973633,239.01461791992188,12.066652297973633,239.01461791992188,0.0,0.0
92.0,0.0005000000237487257,2510,12.18244743347168,12.18244743347168,0.0,208.47508239746094,208.47508239746094,0.0,12.009186744689941,237.34487915039062,12.009186744689941,237.34487915039062,0.0,0.0
93.0,0.0005000000237487257,2537,,,,206.7432403564453,206.7432403564453,0.0,11.956295013427734,235.1376190185547,11.956295013427734,235.1376190185547,0.0,0.0
94.0,0.0005000000237487257,2564,12.101741790771484,12.101741790771484,0.0,205.5535430908203,205.5535430908203,0.0,11.931278228759766,233.5617218017578,11.931278228759766,233.5617218017578,0.0,0.0
95.0,0.0005000000237487257,2591,,,,204.18222045898438,204.18222045898438,0.0,11.918903350830078,233.20538330078125,11.918903350830078,233.20538330078125,0.0,0.0
96.0,0.0005000000237487257,2618,12.11744499206543,12.11744499206543,0.0,203.04571533203125,203.04571533203125,0.0,11.940895080566406,234.19778442382812,11.940895080566406,234.19778442382812,0.0,0.0
97.0,0.0005000000237487257,2645,,,,203.42483520507812,203.42483520507812,0.0,11.855589866638184,231.07083129882812,11.855589866638184,231.07083129882812,0.0,0.0
98.0,0.0005000000237487257,2672,11.98420238494873,11.98420238494873,0.0,198.80239868164062,198.80239868164062,0.0,11.818700790405273,228.940673828125,11.818700790405273,228.940673828125,0.0,0.0
99.0,0.0005000000237487257,2699,,,,196.01744079589844,196.01744079589844,0.0,11.693281173706055,223.75128173828125,11.693281173706055,223.75128173828125,0.0,0.0
100.0,0.0005000000237487257,2726,11.836835861206055,11.836835861206055,0.0,194.891357421875,194.891357421875,0.0,11.675662994384766,223.49652099609375,11.675662994384766,223.49652099609375,0.0,0.0
101.0,0.0005000000237487257,2753,,,,193.6682586669922,193.6682586669922,0.0,11.624478340148926,221.38262939453125,11.624478340148926,221.38262939453125,0.0,0.0
102.0,0.0005000000237487257,2780,11.749449729919434,11.749449729919434,0.0,191.41590881347656,191.41590881347656,0.0,11.557306289672852,219.33468627929688,11.557306289672852,219.33468627929688,0.0,0.0
103.0,0.0005000000237487257,2807,,,,189.83799743652344,189.83799743652344,0.0,11.497509002685547,216.591064453125,11.497509002685547,216.591064453125,0.0,0.0
104.0,0.0005000000237487257,2834,11.768628120422363,11.768628120422363,0.0,189.2076416015625,189.2076416015625,0.0,11.552809715270996,218.94293212890625,11.552809715270996,218.94293212890625,0.0,0.0
105.0,0.0005000000237487257,2861,,,,188.4589080810547,188.4589080810547,0.0,11.490180969238281,215.85525512695312,11.490180969238281,215.85525512695312,0.0,0.0
106.0,0.0005000000237487257,2888,11.598042488098145,11.598042488098145,0.0,186.26760864257812,186.26760864257812,0.0,11.41743278503418,213.09519958496094,11.41743278503418,213.09519958496094,0.0,0.0
107.0,0.0005000000237487257,2915,,,,185.13426208496094,185.13426208496094,0.0,11.420191764831543,213.26388549804688,11.420191764831543,213.26388549804688,0.0,0.0
108.0,0.0005000000237487257,2942,11.589380264282227,11.589380264282227,0.0,184.63055419921875,184.63055419921875,0.0,11.408906936645508,212.5216064453125,11.408906936645508,212.5216064453125,0.0,0.0
109.0,0.0005000000237487257,2969,,,,185.02760314941406,185.02760314941406,0.0,11.519079208374023,216.60000610351562,11.519079208374023,216.60000610351562,0.0,0.0
110.0,0.0005000000237487257,2996,11.51679801940918,11.51679801940918,0.0,183.98463439941406,183.98463439941406,0.0,11.339271545410156,210.56239318847656,11.339271545410156,210.56239318847656,0.0,0.0
111.0,0.0005000000237487257,3023,,,,180.9344940185547,180.9344940185547,0.0,11.327207565307617,209.9555206298828,11.327207565307617,209.9555206298828,0.0,0.0
112.0,0.0005000000237487257,3050,11.378087997436523,11.378087997436523,0.0,178.2877197265625,178.2877197265625,0.0,11.199591636657715,204.96250915527344,11.199591636657715,204.96250915527344,0.0,0.0
113.0,0.0005000000237487257,3077,,,,176.83258056640625,176.83258056640625,0.0,11.30583381652832,209.18771362304688,11.30583381652832,209.18771362304688,0.0,0.0
114.0,0.0005000000237487257,3104,11.411933898925781,11.411933898925781,0.0,178.0989990234375,178.0989990234375,0.0,11.218353271484375,205.51303100585938,11.218353271484375,205.51303100585938,0.0,0.0
115.0,0.0005000000237487257,3131,,,,176.18836975097656,176.18836975097656,0.0,11.156728744506836,203.08018493652344,11.156728744506836,203.08018493652344,0.0,0.0
116.0,0.0005000000237487257,3158,11.366662979125977,11.366662979125977,0.0,176.50054931640625,176.50054931640625,0.0,11.152828216552734,202.81265258789062,11.152828216552734,202.81265258789062,0.0,0.0
117.0,0.0005000000237487257,3185,,,,174.5917205810547,174.5917205810547,0.0,11.12386703491211,202.07748413085938,11.12386703491211,202.07748413085938,0.0,0.0
118.0,0.0005000000237487257,3212,11.255874633789062,11.255874633789062,0.0,171.9911346435547,171.9911346435547,0.0,11.060884475708008,199.84518432617188,11.060884475708008,199.84518432617188,0.0,0.0
119.0,0.0005000000237487257,3239,,,,171.47964477539062,171.47964477539062,0.0,11.052087783813477,199.20260620117188,11.052087783813477,199.20260620117188,0.0,0.0
120.0,0.0005000000237487257,3266,11.258840560913086,11.258840560913086,0.0,171.86134338378906,171.86134338378906,0.0,11.016109466552734,197.9990234375,11.016109466552734,197.9990234375,0.0,0.0
121.0,0.0005000000237487257,3293,,,,169.7473602294922,169.7473602294922,0.0,11.027806282043457,198.26373291015625,11.027806282043457,198.26373291015625,0.0,0.0
122.0,0.0005000000237487257,3320,11.261488914489746,11.261488914489746,0.0,172.8856658935547,172.8856658935547,0.0,11.081106185913086,199.57708740234375,11.081106185913086,199.57708740234375,0.0,0.0
123.0,0.0005000000237487257,3347,,,,170.21946716308594,170.21946716308594,0.0,10.95004940032959,196.062744140625,10.95004940032959,196.062744140625,0.0,0.0
124.0,0.0005000000237487257,3374,11.109312057495117,11.109312057495117,0.0,166.98419189453125,166.98419189453125,0.0,10.903608322143555,194.12396240234375,10.903608322143555,194.12396240234375,0.0,0.0
125.0,0.0005000000237487257,3401,,,,165.92408752441406,165.92408752441406,0.0,10.927776336669922,194.729736328125,10.927776336669922,194.729736328125,0.0,0.0
126.0,0.0005000000237487257,3428,11.054298400878906,11.054298400878906,0.0,164.59922790527344,164.59922790527344,0.0,10.88399600982666,192.91793823242188,10.88399600982666,192.91793823242188,0.0,0.0
127.0,0.0005000000237487257,3455,,,,164.84103393554688,164.84103393554688,0.0,10.877272605895996,192.8612060546875,10.877272605895996,192.8612060546875,0.0,0.0
128.0,0.0005000000237487257,3482,11.066198348999023,11.066198348999023,0.0,165.1467742919922,165.1467742919922,0.0,10.877603530883789,193.5782470703125,10.877603530883789,193.5782470703125,0.0,0.0
129.0,0.0005000000237487257,3509,,,,163.4153289794922,163.4153289794922,0.0,10.8118257522583,190.93031311035156,10.8118257522583,190.93031311035156,0.0,0.0
130.0,0.0005000000237487257,3536,11.02674674987793,11.02674674987793,0.0,162.71864318847656,162.71864318847656,0.0,10.808029174804688,190.86703491210938,10.808029174804688,190.86703491210938,0.0,0.0
131.0,0.0005000000237487257,3563,,,,162.97900390625,162.97900390625,0.0,10.756396293640137,188.49940490722656,10.756396293640137,188.49940490722656,0.0,0.0
132.0,0.0005000000237487257,3590,11.00523567199707,11.00523567199707,0.0,161.05642700195312,161.05642700195312,0.0,10.79517936706543,189.96994018554688,10.79517936706543,189.96994018554688,0.0,0.0
133.0,0.0005000000237487257,3617,,,,161.0817108154297,161.0817108154297,0.0,10.786210060119629,189.9027099609375,10.786210060119629,189.9027099609375,0.0,0.0
134.0,0.0005000000237487257,3644,10.913010597229004,10.913010597229004,0.0,160.57089233398438,160.57089233398438,0.0,10.707239151000977,187.07400512695312,10.707239151000977,187.07400512695312,0.0,0.0
135.0,0.0005000000237487257,3671,,,,158.9542236328125,158.9542236328125,0.0,10.681404113769531,185.34495544433594,10.681404113769531,185.34495544433594,0.0,0.0
136.0,0.0005000000237487257,3698,10.840860366821289,10.840860366821289,0.0,158.00302124023438,158.00302124023438,0.0,10.655584335327148,185.41900634765625,10.655584335327148,185.41900634765625,0.0,0.0
137.0,0.0005000000237487257,3725,,,,158.17169189453125,158.17169189453125,0.0,10.625894546508789,184.26443481445312,10.625894546508789,184.26443481445312,0.0,0.0
138.0,0.0005000000237487257,3752,10.954150199890137,10.954150199890137,0.0,157.73355102539062,157.73355102539062,0.0,10.749735832214355,188.57054138183594,10.749735832214355,188.57054138183594,0.0,0.0
139.0,0.0005000000237487257,3779,,,,157.8968505859375,157.8968505859375,0.0,10.631771087646484,184.31210327148438,10.631771087646484,184.31210327148438,0.0,0.0
140.0,0.0005000000237487257,3806,10.721661567687988,10.721661567687988,0.0,155.2705841064453,155.2705841064453,0.0,10.52692985534668,180.77952575683594,10.52692985534668,180.77952575683594,0.0,0.0
141.0,0.0005000000237487257,3833,,,,156.2468719482422,156.2468719482422,0.0,10.649421691894531,184.91896057128906,10.649421691894531,184.91896057128906,0.0,0.0
142.0,0.0005000000237487257,3860,10.75321102142334,10.75321102142334,0.0,155.44033813476562,155.44033813476562,0.0,10.567497253417969,182.67303466796875,10.567497253417969,182.67303466796875,0.0,0.0
143.0,0.0005000000237487257,3887,,,,153.17532348632812,153.17532348632812,0.0,10.471639633178711,179.13818359375,10.471639633178711,179.13818359375,0.0,0.0
144.0,0.0005000000237487257,3914,10.714054107666016,10.714054107666016,0.0,154.06275939941406,154.06275939941406,0.0,10.526542663574219,180.72164916992188,10.526542663574219,180.72164916992188,0.0,0.0
145.0,0.0005000000237487257,3941,,,,152.83981323242188,152.83981323242188,0.0,10.52962589263916,180.71170043945312,10.52962589263916,180.71170043945312,0.0,0.0
146.0,0.0005000000237487257,3968,10.680219650268555,10.680219650268555,0.0,152.26480102539062,152.26480102539062,0.0,10.508503913879395,180.00181579589844,10.508503913879395,180.00181579589844,0.0,0.0
147.0,0.0005000000237487257,3995,,,,151.0028076171875,151.0028076171875,0.0,10.474305152893066,178.79946899414062,10.474305152893066,178.79946899414062,0.0,0.0
148.0,0.0005000000237487257,4022,10.775495529174805,10.775495529174805,0.0,150.50717163085938,150.50717163085938,0.0,10.616453170776367,183.12269592285156,10.616453170776367,183.12269592285156,0.0,0.0
149.0,0.0005000000237487257,4049,,,,152.51515197753906,152.51515197753906,0.0,10.426322937011719,177.44168090820312,10.426322937011719,177.44168090820312,0.0,0.0
150.0,0.0005000000237487257,4076,10.601911544799805,10.601911544799805,0.0,150.50686645507812,150.50686645507812,0.0,10.444177627563477,178.16653442382812,10.444177627563477,178.16653442382812,0.0,0.0
151.0,0.0005000000237487257,4103,,,,150.03082275390625,150.03082275390625,0.0,10.420368194580078,177.46890258789062,10.420368194580078,177.46890258789062,0.0,0.0
152.0,0.0005000000237487257,4130,10.616374015808105,10.616374015808105,0.0,150.39663696289062,150.39663696289062,0.0,10.460198402404785,178.79483032226562,10.460198402404785,178.79483032226562,0.0,0.0
153.0,0.0005000000237487257,4157,,,,148.3683319091797,148.3683319091797,0.0,10.426810264587402,177.7970428466797,10.426810264587402,177.7970428466797,0.0,0.0
154.0,0.0005000000237487257,4184,10.561843872070312,10.561843872070312,0.0,147.19029235839844,147.19029235839844,0.0,10.391592025756836,176.45547485351562,10.391592025756836,176.45547485351562,0.0,0.0
155.0,0.0005000000237487257,4211,,,,149.52207946777344,149.52207946777344,0.0,10.4847993850708,178.92367553710938,10.4847993850708,178.92367553710938,0.0,0.0
156.0,0.0005000000237487257,4238,10.580602645874023,10.580602645874023,0.0,148.5783233642578,148.5783233642578,0.0,10.396345138549805,176.122802734375,10.396345138549805,176.122802734375,0.0,0.0
157.0,0.0005000000237487257,4265,,,,146.97340393066406,146.97340393066406,0.0,10.31126594543457,174.110107421875,10.31126594543457,174.110107421875,0.0,0.0
158.0,0.0005000000237487257,4292,10.486674308776855,10.486674308776855,0.0,147.19288635253906,147.19288635253906,0.0,10.289532661437988,173.19290161132812,10.289532661437988,173.19290161132812,0.0,0.0
159.0,0.0005000000237487257,4319,,,,146.60678100585938,146.60678100585938,0.0,10.328022003173828,173.939208984375,10.328022003173828,173.939208984375,0.0,0.0
160.0,0.0005000000237487257,4346,10.38202953338623,10.38202953338623,0.0,144.7923583984375,144.7923583984375,0.0,10.24008560180664,171.3713836669922,10.24008560180664,171.3713836669922,0.0,0.0
161.0,0.0005000000237487257,4373,,,,145.3436737060547,145.3436737060547,0.0,10.302825927734375,173.2949676513672,10.302825927734375,173.2949676513672,0.0,0.0
162.0,0.0005000000237487257,4400,10.459607124328613,10.459607124328613,0.0,144.93270874023438,144.93270874023438,0.0,10.284236907958984,172.12359619140625,10.284236907958984,172.12359619140625,0.0,0.0
163.0,0.0005000000237487257,4427,,,,144.39068603515625,144.39068603515625,0.0,10.31208324432373,173.736572265625,10.31208324432373,173.736572265625,0.0,0.0
164.0,0.0005000000237487257,4454,10.404870986938477,10.404870986938477,0.0,145.16867065429688,145.16867065429688,0.0,10.227633476257324,170.9364013671875,10.227633476257324,170.9364013671875,0.0,0.0
165.0,0.0005000000237487257,4481,,,,142.40615844726562,142.40615844726562,0.0,10.201295852661133,169.37400817871094,10.201295852661133,169.37400817871094,0.0,0.0
166.0,0.0005000000237487257,4508,10.427102088928223,10.427102088928223,0.0,143.0449981689453,143.0449981689453,0.0,10.27501106262207,172.3094482421875,10.27501106262207,172.3094482421875,0.0,0.0
167.0,0.0005000000237487257,4535,,,,142.15293884277344,142.15293884277344,0.0,10.238807678222656,171.15284729003906,10.238807678222656,171.15284729003906,0.0,0.0
168.0,0.0005000000237487257,4562,10.443909645080566,10.443909645080566,0.0,143.47267150878906,143.47267150878906,0.0,10.261069297790527,171.81906127929688,10.261069297790527,171.81906127929688,0.0,0.0
169.0,0.0005000000237487257,4589,,,,142.3805389404297,142.3805389404297,0.0,10.152563095092773,168.47512817382812,10.152563095092773,168.47512817382812,0.0,0.0
170.0,0.0005000000237487257,4616,10.296052932739258,10.296052932739258,0.0,140.78634643554688,140.78634643554688,0.0,10.153356552124023,168.25906372070312,10.153356552124023,168.25906372070312,0.0,0.0
171.0,0.0005000000237487257,4643,,,,140.87876892089844,140.87876892089844,0.0,10.155078887939453,168.65606689453125,10.155078887939453,168.65606689453125,0.0,0.0
172.0,0.0005000000237487257,4670,10.297739028930664,10.297739028930664,0.0,141.07455444335938,141.07455444335938,0.0,10.12313461303711,167.40142822265625,10.12313461303711,167.40142822265625,0.0,0.0
173.0,0.0005000000237487257,4697,,,,140.32046508789062,140.32046508789062,0.0,10.186393737792969,169.79095458984375,10.186393737792969,169.79095458984375,0.0,0.0
174.0,0.0005000000237487257,4724,10.324309349060059,10.324309349060059,0.0,140.92547607421875,140.92547607421875,0.0,10.156072616577148,168.24594116210938,10.156072616577148,168.24594116210938,0.0,0.0
175.0,0.0005000000237487257,4751,,,,139.69874572753906,139.69874572753906,0.0,10.099102020263672,166.55398559570312,10.099102020263672,166.55398559570312,0.0,0.0
176.0,0.0005000000237487257,4778,10.239154815673828,10.239154815673828,0.0,138.78750610351562,138.78750610351562,0.0,10.09920883178711,166.8770751953125,10.09920883178711,166.8770751953125,0.0,0.0
177.0,0.0005000000237487257,4805,,,,140.24757385253906,140.24757385253906,0.0,10.11699104309082,167.19712829589844,10.11699104309082,167.19712829589844,0.0,0.0
178.0,0.0005000000237487257,4832,10.252948760986328,10.252948760986328,0.0,138.43760681152344,138.43760681152344,0.0,10.087807655334473,166.2481689453125,10.087807655334473,166.2481689453125,0.0,0.0
179.0,0.0005000000237487257,4859,,,,139.3137664794922,139.3137664794922,0.0,10.17519760131836,169.028564453125,10.17519760131836,169.028564453125,0.0,0.0
180.0,0.0005000000237487257,4886,10.316015243530273,10.316015243530273,0.0,139.2526092529297,139.2526092529297,0.0,10.126594543457031,167.77493286132812,10.126594543457031,167.77493286132812,0.0,0.0
181.0,0.0005000000237487257,4913,,,,137.76499938964844,137.76499938964844,0.0,10.092948913574219,166.65493774414062,10.092948913574219,166.65493774414062,0.0,0.0
182.0,0.0005000000237487257,4940,10.165494918823242,10.165494918823242,0.0,137.28822326660156,137.28822326660156,0.0,9.97858715057373,162.61216735839844,9.97858715057373,162.61216735839844,0.0,0.0
183.0,0.0005000000237487257,4967,,,,136.3279266357422,136.3279266357422,0.0,9.989920616149902,163.24798583984375,9.989920616149902,163.24798583984375,0.0,0.0
184.0,0.0005000000237487257,4994,10.164970397949219,10.164970397949219,0.0,136.0572967529297,136.0572967529297,0.0,9.990771293640137,162.70626831054688,9.990771293640137,162.70626831054688,0.0,0.0
185.0,0.0005000000237487257,5021,,,,135.77923583984375,135.77923583984375,0.0,10.000764846801758,163.31747436523438,10.000764846801758,163.31747436523438,0.0,0.0
186.0,0.0005000000237487257,5048,10.139965057373047,10.139965057373047,0.0,135.05862426757812,135.05862426757812,0.0,10.052597045898438,164.87985229492188,10.052597045898438,164.87985229492188,0.0,0.0
187.0,0.0005000000237487257,5075,,,,136.4986114501953,136.4986114501953,0.0,10.128486633300781,167.2677764892578,10.128486633300781,167.2677764892578,0.0,0.0
188.0,0.0005000000237487257,5102,10.172296524047852,10.172296524047852,0.0,136.4984588623047,136.4984588623047,0.0,10.004051208496094,163.4698944091797,10.004051208496094,163.4698944091797,0.0,0.0
189.0,0.0005000000237487257,5129,,,,135.0953826904297,135.0953826904297,0.0,9.95095443725586,161.4894561767578,9.95095443725586,161.4894561767578,0.0,0.0
190.0,0.0005000000237487257,5156,10.110580444335938,10.110580444335938,0.0,133.92674255371094,133.92674255371094,0.0,9.931966781616211,161.28457641601562,9.931966781616211,161.28457641601562,0.0,0.0
191.0,0.0005000000237487257,5183,,,,135.17100524902344,135.17100524902344,0.0,9.936813354492188,161.07565307617188,9.936813354492188,161.07565307617188,0.0,0.0
192.0,0.0005000000237487257,5210,10.06824016571045,10.06824016571045,0.0,133.51808166503906,133.51808166503906,0.0,9.925880432128906,160.98471069335938,9.925880432128906,160.98471069335938,0.0,0.0
193.0,0.0005000000237487257,5237,,,,132.73098754882812,132.73098754882812,0.0,9.961522102355957,161.73439025878906,9.961522102355957,161.73439025878906,0.0,0.0
194.0,0.0005000000237487257,5264,10.224843978881836,10.224843978881836,0.0,134.23635864257812,134.23635864257812,0.0,10.094154357910156,166.24017333984375,10.094154357910156,166.24017333984375,0.0,0.0
195.0,0.0005000000237487257,5291,,,,133.4766845703125,133.4766845703125,0.0,9.945995330810547,161.62051391601562,9.945995330810547,161.62051391601562,0.0,0.0
196.0,0.0005000000237487257,5318,10.03361988067627,10.03361988067627,0.0,132.2266387939453,132.2266387939453,0.0,9.889150619506836,159.70697021484375,9.889150619506836,159.70697021484375,0.0,0.0
197.0,0.0005000000237487257,5345,,,,132.6220703125,132.6220703125,0.0,9.929244995117188,161.04244995117188,9.929244995117188,161.04244995117188,0.0,0.0
198.0,0.0005000000237487257,5372,10.012085914611816,10.012085914611816,0.0,132.19491577148438,132.19491577148438,0.0,9.837446212768555,158.63070678710938,9.837446212768555,158.63070678710938,0.0,0.0
199.0,0.0005000000237487257,5399,,,,130.972412109375,130.972412109375,0.0,9.822303771972656,157.8074188232422,9.822303771972656,157.8074188232422,0.0,0.0
200.0,0.0005000000237487257,5426,10.100406646728516,10.100406646728516,0.0,130.14549255371094,130.14549255371094,0.0,9.928102493286133,161.19281005859375,9.928102493286133,161.19281005859375,0.0,0.0
201.0,0.0005000000237487257,5453,,,,132.50369262695312,132.50369262695312,0.0,9.926025390625,161.41815185546875,9.926025390625,161.41815185546875,0.0,0.0
202.0,0.0005000000237487257,5480,10.004910469055176,10.004910469055176,0.0,131.49209594726562,131.49209594726562,0.0,9.852367401123047,158.75575256347656,9.852367401123047,158.75575256347656,0.0,0.0
203.0,0.0005000000237487257,5507,,,,130.3667755126953,130.3667755126953,0.0,9.811670303344727,157.19761657714844,9.811670303344727,157.19761657714844,0.0,0.0
204.0,0.0005000000237487257,5534,10.131017684936523,10.131017684936523,0.0,130.3673553466797,130.3673553466797,0.0,9.973066329956055,162.662841796875,9.973066329956055,162.662841796875,0.0,0.0
205.0,0.0005000000237487257,5561,,,,132.40528869628906,132.40528869628906,0.0,9.911092758178711,160.49432373046875,9.911092758178711,160.49432373046875,0.0,0.0
206.0,0.0005000000237487257,5588,10.006776809692383,10.006776809692383,0.0,130.24095153808594,130.24095153808594,0.0,9.870878219604492,159.413330078125,9.870878219604492,159.413330078125,0.0,0.0
207.0,0.0005000000237487257,5615,,,,130.0552978515625,130.0552978515625,0.0,9.877565383911133,159.31588745117188,9.877565383911133,159.31588745117188,0.0,0.0
208.0,0.0005000000237487257,5642,9.880997657775879,9.880997657775879,0.0,129.48252868652344,129.48252868652344,0.0,9.745943069458008,154.73294067382812,9.745943069458008,154.73294067382812,0.0,0.0
209.0,0.0005000000237487257,5669,,,,128.01307678222656,128.01307678222656,0.0,9.773712158203125,156.27537536621094,9.773712158203125,156.27537536621094,0.0,0.0
210.0,0.0005000000237487257,5696,9.885159492492676,9.885159492492676,0.0,127.93233489990234,127.93233489990234,0.0,9.742961883544922,155.14242553710938,9.742961883544922,155.14242553710938,0.0,0.0
211.0,0.0005000000237487257,5723,,,,128.3729248046875,128.3729248046875,0.0,9.810220718383789,157.64013671875,9.810220718383789,157.64013671875,0.0,0.0
212.0,0.0005000000237487257,5750,9.910629272460938,9.910629272460938,0.0,128.3884735107422,128.3884735107422,0.0,9.756589889526367,155.5826873779297,9.756589889526367,155.5826873779297,0.0,0.0
213.0,0.0005000000237487257,5777,,,,128.5867919921875,128.5867919921875,0.0,9.766799926757812,155.50096130371094,9.766799926757812,155.50096130371094,0.0,0.0
214.0,0.0005000000237487257,5804,9.976966857910156,9.976966857910156,0.0,128.51458740234375,128.51458740234375,0.0,9.8359375,158.0180206298828,9.8359375,158.0180206298828,0.0,0.0
215.0,0.0005000000237487257,5831,,,,128.5523681640625,128.5523681640625,0.0,9.743846893310547,155.8380126953125,9.743846893310547,155.8380126953125,0.0,0.0
216.0,0.0005000000237487257,5858,9.850204467773438,9.850204467773438,0.0,127.25366973876953,127.25366973876953,0.0,9.735027313232422,154.87326049804688,9.735027313232422,154.87326049804688,0.0,0.0
217.0,0.0005000000237487257,5885,,,,126.66861724853516,126.66861724853516,0.0,9.716118812561035,154.615234375,9.716118812561035,154.615234375,0.0,0.0
218.0,0.0005000000237487257,5912,9.856271743774414,9.856271743774414,0.0,126.64751434326172,126.64751434326172,0.0,9.75039291381836,155.40513610839844,9.75039291381836,155.40513610839844,0.0,0.0
219.0,0.0005000000237487257,5939,,,,127.07295227050781,127.07295227050781,0.0,9.8101806640625,157.31396484375,9.8101806640625,157.31396484375,0.0,0.0
220.0,0.0005000000237487257,5966,9.820062637329102,9.820062637329102,0.0,127.7078857421875,127.7078857421875,0.0,9.655961990356445,152.68563842773438,9.655961990356445,152.68563842773438,0.0,0.0
221.0,0.0005000000237487257,5993,,,,126.94214630126953,126.94214630126953,0.0,9.789600372314453,156.4082794189453,9.789600372314453,156.4082794189453,0.0,0.0
222.0,0.0005000000237487257,6020,9.846715927124023,9.846715927124023,0.0,126.00183868408203,126.00183868408203,0.0,9.696977615356445,153.59226989746094,9.696977615356445,153.59226989746094,0.0,0.0
223.0,0.0005000000237487257,6047,,,,126.9459457397461,126.9459457397461,0.0,9.725730895996094,154.67214965820312,9.725730895996094,154.67214965820312,0.0,0.0
224.0,0.0005000000237487257,6074,9.815892219543457,9.815892219543457,0.0,125.16683197021484,125.16683197021484,0.0,9.65905475616455,152.72055053710938,9.65905475616455,152.72055053710938,0.0,0.0
225.0,0.0005000000237487257,6101,,,,125.92534637451172,125.92534637451172,0.0,9.707507133483887,154.38551330566406,9.707507133483887,154.38551330566406,0.0,0.0
226.0,0.0005000000237487257,6128,9.799650192260742,9.799650192260742,0.0,125.34081268310547,125.34081268310547,0.0,9.65170669555664,152.69326782226562,9.65170669555664,152.69326782226562,0.0,0.0
227.0,0.0005000000237487257,6155,,,,125.4205551147461,125.4205551147461,0.0,9.634997367858887,152.16790771484375,9.634997367858887,152.16790771484375,0.0,0.0
228.0,0.0005000000237487257,6182,9.837347030639648,9.837347030639648,0.0,124.3436279296875,124.3436279296875,0.0,9.657552719116211,152.81838989257812,9.657552719116211,152.81838989257812,0.0,0.0
229.0,0.0005000000237487257,6209,,,,124.66485595703125,124.66485595703125,0.0,9.693201065063477,153.67022705078125,9.693201065063477,153.67022705078125,0.0,0.0
230.0,0.0005000000237487257,6236,9.802282333374023,9.802282333374023,0.0,126.8763198852539,126.8763198852539,0.0,9.71138858795166,154.5193328857422,9.71138858795166,154.5193328857422,0.0,0.0
231.0,0.0005000000237487257,6263,,,,124.99324035644531,124.99324035644531,0.0,9.624076843261719,151.56741333007812,9.624076843261719,151.56741333007812,0.0,0.0
232.0,0.0005000000237487257,6290,9.800201416015625,9.800201416015625,0.0,123.08511352539062,123.08511352539062,0.0,9.621694564819336,151.4513702392578,9.621694564819336,151.4513702392578,0.0,0.0
233.0,0.0005000000237487257,6317,,,,123.61934661865234,123.61934661865234,0.0,9.637527465820312,152.1785888671875,9.637527465820312,152.1785888671875,0.0,0.0
234.0,0.0005000000237487257,6344,9.718969345092773,9.718969345092773,0.0,123.22647857666016,123.22647857666016,0.0,9.587652206420898,150.47576904296875,9.587652206420898,150.47576904296875,0.0,0.0
235.0,0.0005000000237487257,6371,,,,123.18952941894531,123.18952941894531,0.0,9.589723587036133,150.37890625,9.589723587036133,150.37890625,0.0,0.0
236.0,0.0005000000237487257,6398,9.683173179626465,9.683173179626465,0.0,123.7298583984375,123.7298583984375,0.0,9.568426132202148,149.93719482421875,9.568426132202148,149.93719482421875,0.0,0.0
237.0,0.0005000000237487257,6425,,,,121.8104248046875,121.8104248046875,0.0,9.570289611816406,150.0522918701172,9.570289611816406,150.0522918701172,0.0,0.0
238.0,0.0005000000237487257,6452,9.70343017578125,9.70343017578125,0.0,121.8739013671875,121.8739013671875,0.0,9.591547012329102,150.8541717529297,9.591547012329102,150.8541717529297,0.0,0.0
239.0,0.0005000000237487257,6479,,,,124.95914459228516,124.95914459228516,0.0,9.699480056762695,153.45733642578125,9.699480056762695,153.45733642578125,0.0,0.0
240.0,0.0005000000237487257,6506,9.698640823364258,9.698640823364258,0.0,123.36527252197266,123.36527252197266,0.0,9.566375732421875,150.5209503173828,9.566375732421875,150.5209503173828,0.0,0.0
241.0,0.0005000000237487257,6533,,,,121.46221923828125,121.46221923828125,0.0,9.635847091674805,152.09629821777344,9.635847091674805,152.09629821777344,0.0,0.0
242.0,0.0005000000237487257,6560,9.697843551635742,9.697843551635742,0.0,122.55420684814453,122.55420684814453,0.0,9.537165641784668,148.8681640625,9.537165641784668,148.8681640625,0.0,0.0
243.0,0.0005000000237487257,6587,,,,121.1238784790039,121.1238784790039,0.0,9.60254192352295,151.3429718017578,9.60254192352295,151.3429718017578,0.0,0.0
244.0,0.0005000000237487257,6614,9.71743392944336,9.71743392944336,0.0,121.96241760253906,121.96241760253906,0.0,9.621190071105957,151.7721710205078,9.621190071105957,151.7721710205078,0.0,0.0
245.0,0.0005000000237487257,6641,,,,121.56210327148438,121.56210327148438,0.0,9.613422393798828,151.15475463867188,9.613422393798828,151.15475463867188,0.0,0.0
246.0,0.0005000000237487257,6668,9.74221134185791,9.74221134185791,0.0,121.94773864746094,121.94773864746094,0.0,9.604549407958984,150.64349365234375,9.604549407958984,150.64349365234375,0.0,0.0
247.0,0.0005000000237487257,6695,,,,121.61299896240234,121.61299896240234,0.0,9.582690238952637,150.9403076171875,9.582690238952637,150.9403076171875,0.0,0.0
248.0,0.0005000000237487257,6722,9.713127136230469,9.713127136230469,0.0,121.27339935302734,121.27339935302734,0.0,9.547435760498047,149.80990600585938,9.547435760498047,149.80990600585938,0.0,0.0
249.0,0.0005000000237487257,6749,,,,120.29544830322266,120.29544830322266,0.0,9.48932933807373,147.3526611328125,9.48932933807373,147.3526611328125,0.0,0.0
250.0,0.0005000000237487257,6776,9.6829195022583,9.6829195022583,0.0,120.17906188964844,120.17906188964844,0.0,9.546415328979492,149.69244384765625,9.546415328979492,149.69244384765625,0.0,0.0
251.0,0.0005000000237487257,6803,,,,121.21897888183594,121.21897888183594,0.0,9.555254936218262,149.85562133789062,9.555254936218262,149.85562133789062,0.0,0.0
252.0,0.0005000000237487257,6830,9.59749984741211,9.59749984741211,0.0,121.95687103271484,121.95687103271484,0.0,9.457260131835938,146.732177734375,9.457260131835938,146.732177734375,0.0,0.0
253.0,0.0005000000237487257,6857,,,,119.27555084228516,119.27555084228516,0.0,9.501163482666016,147.9912109375,9.501163482666016,147.9912109375,0.0,0.0
254.0,0.0005000000237487257,6884,9.64099407196045,9.64099407196045,0.0,119.56450653076172,119.56450653076172,0.0,9.49797248840332,147.989501953125,9.49797248840332,147.989501953125,0.0,0.0
255.0,0.0005000000237487257,6911,,,,118.93226623535156,118.93226623535156,0.0,9.468206405639648,147.11532592773438,9.468206405639648,147.11532592773438,0.0,0.0
256.0,0.0005000000237487257,6938,9.586445808410645,9.586445808410645,0.0,118.52488708496094,118.52488708496094,0.0,9.455877304077148,146.53109741210938,9.455877304077148,146.53109741210938,0.0,0.0
257.0,0.0005000000237487257,6965,,,,120.06790161132812,120.06790161132812,0.0,9.585861206054688,150.17160034179688,9.585861206054688,150.17160034179688,0.0,0.0
258.0,0.0005000000237487257,6992,9.641950607299805,9.641950607299805,0.0,120.0997543334961,120.0997543334961,0.0,9.513402938842773,147.95779418945312,9.513402938842773,147.95779418945312,0.0,0.0
259.0,0.0005000000237487257,7019,,,,120.59654235839844,120.59654235839844,0.0,9.586000442504883,149.88829040527344,9.586000442504883,149.88829040527344,0.0,0.0
260.0,0.0005000000237487257,7046,9.611987113952637,9.611987113952637,0.0,120.33997344970703,120.33997344970703,0.0,9.55212688446045,149.19342041015625,9.55212688446045,149.19342041015625,0.0,0.0
261.0,0.0005000000237487257,7073,,,,119.89854431152344,119.89854431152344,0.0,9.506982803344727,148.05050659179688,9.506982803344727,148.05050659179688,0.0,0.0
262.0,0.0005000000237487257,7100,9.558826446533203,9.558826446533203,0.0,119.74308013916016,119.74308013916016,0.0,9.474390029907227,147.05979919433594,9.474390029907227,147.05979919433594,0.0,0.0
263.0,0.0005000000237487257,7127,,,,118.48265075683594,118.48265075683594,0.0,9.439067840576172,146.37545776367188,9.439067840576172,146.37545776367188,0.0,0.0
264.0,0.0005000000237487257,7154,9.609451293945312,9.609451293945312,0.0,118.01571655273438,118.01571655273438,0.0,9.489255905151367,147.416748046875,9.489255905151367,147.416748046875,0.0,0.0
265.0,0.0005000000237487257,7181,,,,119.0091781616211,119.0091781616211,0.0,9.453131675720215,146.55804443359375,9.453131675720215,146.55804443359375,0.0,0.0
266.0,0.0005000000237487257,7208,9.559222221374512,9.559222221374512,0.0,117.51200103759766,117.51200103759766,0.0,9.445636749267578,146.63229370117188,9.445636749267578,146.63229370117188,0.0,0.0
267.0,0.0005000000237487257,7235,,,,116.86771392822266,116.86771392822266,0.0,9.41496467590332,145.16477966308594,9.41496467590332,145.16477966308594,0.0,0.0
268.0,0.0005000000237487257,7262,9.611307144165039,9.611307144165039,0.0,117.66970825195312,117.66970825195312,0.0,9.509581565856934,147.97610473632812,9.509581565856934,147.97610473632812,0.0,0.0
269.0,0.0005000000237487257,7289,,,,118.09204864501953,118.09204864501953,0.0,9.464781761169434,146.9405517578125,9.464781761169434,146.9405517578125,0.0,0.0
270.0,0.0005000000237487257,7316,9.520150184631348,9.520150184631348,0.0,118.00775909423828,118.00775909423828,0.0,9.442083358764648,146.01788330078125,9.442083358764648,146.01788330078125,0.0,0.0
271.0,0.0005000000237487257,7343,,,,116.49478912353516,116.49478912353516,0.0,9.481714248657227,147.30914306640625,9.481714248657227,147.30914306640625,0.0,0.0
272.0,0.0005000000237487257,7370,9.554804801940918,9.554804801940918,0.0,118.4022445678711,118.4022445678711,0.0,9.382379531860352,145.12217712402344,9.382379531860352,145.12217712402344,0.0,0.0
273.0,0.0005000000237487257,7397,,,,119.94175720214844,119.94175720214844,0.0,9.534011840820312,149.3640594482422,9.534011840820312,149.3640594482422,0.0,0.0
274.0,0.0005000000237487257,7424,9.433555603027344,9.433555603027344,0.0,117.26885986328125,117.26885986328125,0.0,9.34017562866211,143.68301391601562,9.34017562866211,143.68301391601562,0.0,0.0
275.0,0.0005000000237487257,7451,,,,115.56370544433594,115.56370544433594,0.0,9.350061416625977,143.73028564453125,9.350061416625977,143.73028564453125,0.0,0.0
276.0,0.0005000000237487257,7478,9.465328216552734,9.465328216552734,0.0,114.71131896972656,114.71131896972656,0.0,9.364978790283203,143.92494201660156,9.364978790283203,143.92494201660156,0.0,0.0
277.0,0.0005000000237487257,7505,,,,115.74164581298828,115.74164581298828,0.0,9.426780700683594,145.98220825195312,9.426780700683594,145.98220825195312,0.0,0.0
278.0,0.0005000000237487257,7532,9.692716598510742,9.692716598510742,0.0,116.76524353027344,116.76524353027344,0.0,9.584285736083984,150.35409545898438,9.584285736083984,150.35409545898438,0.0,0.0
279.0,0.0005000000237487257,7559,,,,116.81147003173828,116.81147003173828,0.0,9.36244010925293,143.48995971679688,9.36244010925293,143.48995971679688,0.0,0.0
280.0,0.0005000000237487257,7586,9.451674461364746,9.451674461364746,0.0,114.82363891601562,114.82363891601562,0.0,9.351770401000977,143.00177001953125,9.351770401000977,143.00177001953125,0.0,0.0
281.0,0.0005000000237487257,7613,,,,116.00598907470703,116.00598907470703,0.0,9.351690292358398,143.55995178222656,9.351690292358398,143.55995178222656,0.0,0.0
282.0,0.0005000000237487257,7640,9.483463287353516,9.483463287353516,0.0,115.2693862915039,115.2693862915039,0.0,9.38469409942627,144.7112579345703,9.38469409942627,144.7112579345703,0.0,0.0
283.0,0.0005000000237487257,7667,,,,116.53321075439453,116.53321075439453,0.0,9.412757873535156,145.70523071289062,9.412757873535156,145.70523071289062,0.0,0.0
284.0,0.0005000000237487257,7694,9.447582244873047,9.447582244873047,0.0,115.63384246826172,115.63384246826172,0.0,9.353002548217773,143.37246704101562,9.353002548217773,143.37246704101562,0.0,0.0
285.0,0.0005000000237487257,7721,,,,114.66986846923828,114.66986846923828,0.0,9.316766738891602,142.53797912597656,9.316766738891602,142.53797912597656,0.0,0.0
286.0,0.0005000000237487257,7748,9.424919128417969,9.424919128417969,0.0,113.54594421386719,113.54594421386719,0.0,9.318817138671875,142.65753173828125,9.318817138671875,142.65753173828125,0.0,0.0
287.0,0.0005000000237487257,7775,,,,114.0848617553711,114.0848617553711,0.0,9.362939834594727,143.8522186279297,9.362939834594727,143.8522186279297,0.0,0.0
288.0,0.0005000000237487257,7802,9.495599746704102,9.495599746704102,0.0,114.89533996582031,114.89533996582031,0.0,9.385372161865234,144.13558959960938,9.385372161865234,144.13558959960938,0.0,0.0
289.0,0.0005000000237487257,7829,,,,114.13111877441406,114.13111877441406,0.0,9.308137893676758,142.32498168945312,9.308137893676758,142.32498168945312,0.0,0.0
290.0,0.0005000000237487257,7856,9.464814186096191,9.464814186096191,0.0,113.91527557373047,113.91527557373047,0.0,9.392562866210938,144.49746704101562,9.392562866210938,144.49746704101562,0.0,0.0
291.0,0.0005000000237487257,7883,,,,114.29410552978516,114.29410552978516,0.0,9.411786079406738,145.0467529296875,9.411786079406738,145.0467529296875,0.0,0.0
292.0,0.0005000000237487257,7910,9.43929386138916,9.43929386138916,0.0,114.4510269165039,114.4510269165039,0.0,9.317123413085938,142.607666015625,9.317123413085938,142.607666015625,0.0,0.0
293.0,0.0005000000237487257,7937,,,,113.25546264648438,113.25546264648438,0.0,9.25352954864502,140.59107971191406,9.25352954864502,140.59107971191406,0.0,0.0
294.0,0.0005000000237487257,7964,9.420798301696777,9.420798301696777,0.0,113.74999237060547,113.74999237060547,0.0,9.337552070617676,142.86801147460938,9.337552070617676,142.86801147460938,0.0,0.0
295.0,0.0005000000237487257,7991,,,,113.76407623291016,113.76407623291016,0.0,9.2828369140625,141.69915771484375,9.2828369140625,141.69915771484375,0.0,0.0
296.0,0.0005000000237487257,8018,9.503485679626465,9.503485679626465,0.0,114.47381591796875,114.47381591796875,0.0,9.363494873046875,144.43612670898438,9.363494873046875,144.43612670898438,0.0,0.0
297.0,0.0005000000237487257,8045,,,,114.30619812011719,114.30619812011719,0.0,9.5034761428833,147.95497131347656,9.5034761428833,147.95497131347656,0.0,0.0
298.0,0.0005000000237487257,8072,9.413249969482422,9.413249969482422,0.0,115.20782470703125,115.20782470703125,0.0,9.290560722351074,141.98171997070312,9.290560722351074,141.98171997070312,0.0,0.0
299.0,0.0005000000237487257,8099,,,,112.63990020751953,112.63990020751953,0.0,9.351680755615234,143.5364990234375,9.351680755615234,143.5364990234375,0.0,0.0
300.0,0.0005000000237487257,8126,9.397588729858398,9.397588729858398,0.0,112.36344146728516,112.36344146728516,0.0,9.288405418395996,141.54251098632812,9.288405418395996,141.54251098632812,0.0,0.0
301.0,0.0005000000237487257,8153,,,,113.1832046508789,113.1832046508789,0.0,9.423263549804688,145.47569274902344,9.423263549804688,145.47569274902344,0.0,0.0
302.0,0.0005000000237487257,8180,9.424947738647461,9.424947738647461,0.0,114.51531982421875,114.51531982421875,0.0,9.330458641052246,143.019775390625,9.330458641052246,143.019775390625,0.0,0.0
303.0,0.0005000000237487257,8207,,,,112.73503875732422,112.73503875732422,0.0,9.28857135772705,141.8276824951172,9.28857135772705,141.8276824951172,0.0,0.0
304.0,0.0005000000237487257,8234,9.340383529663086,9.340383529663086,0.0,111.69965362548828,111.69965362548828,0.0,9.243669509887695,140.40199279785156,9.243669509887695,140.40199279785156,0.0,0.0
305.0,0.0005000000237487257,8261,,,,111.79244232177734,111.79244232177734,0.0,9.27149772644043,141.09957885742188,9.27149772644043,141.09957885742188,0.0,0.0
306.0,0.0005000000237487257,8288,9.389885902404785,9.389885902404785,0.0,111.72383880615234,111.72383880615234,0.0,9.300957679748535,141.74575805664062,9.300957679748535,141.74575805664062,0.0,0.0
307.0,0.0005000000237487257,8315,,,,111.83308410644531,111.83308410644531,0.0,9.24951171875,140.42466735839844,9.24951171875,140.42466735839844,0.0,0.0
308.0,0.0005000000237487257,8342,9.331197738647461,9.331197738647461,0.0,111.6796875,111.6796875,0.0,9.207952499389648,139.105224609375,9.207952499389648,139.105224609375,0.0,0.0
309.0,0.0005000000237487257,8369,,,,110.4971694946289,110.4971694946289,0.0,9.235841751098633,140.03875732421875,9.235841751098633,140.03875732421875,0.0,0.0
310.0,0.0005000000237487257,8396,9.35680866241455,9.35680866241455,0.0,111.42327880859375,111.42327880859375,0.0,9.261589050292969,141.04940795898438,9.261589050292969,141.04940795898438,0.0,0.0
311.0,0.0005000000237487257,8423,,,,112.25770568847656,112.25770568847656,0.0,9.237911224365234,140.5521240234375,9.237911224365234,140.5521240234375,0.0,0.0
312.0,0.0005000000237487257,8450,9.311273574829102,9.311273574829102,0.0,112.03604125976562,112.03604125976562,0.0,9.205798149108887,139.47203063964844,9.205798149108887,139.47203063964844,0.0,0.0
313.0,0.0005000000237487257,8477,,,,112.77928161621094,112.77928161621094,0.0,9.292551040649414,141.8287353515625,9.292551040649414,141.8287353515625,0.0,0.0
314.0,0.0005000000237487257,8504,9.468252182006836,9.468252182006836,0.0,113.94164276123047,113.94164276123047,0.0,9.388543128967285,144.2128143310547,9.388543128967285,144.2128143310547,0.0,0.0
315.0,0.0005000000237487257,8531,,,,114.01710510253906,114.01710510253906,0.0,9.22152328491211,140.03323364257812,9.22152328491211,140.03323364257812,0.0,0.0
316.0,0.0005000000237487257,8558,9.306039810180664,9.306039810180664,0.0,111.1480484008789,111.1480484008789,0.0,9.22723388671875,139.61209106445312,9.22723388671875,139.61209106445312,0.0,0.0
317.0,0.0005000000237487257,8585,,,,110.14431762695312,110.14431762695312,0.0,9.248353958129883,140.5345458984375,9.248353958129883,140.5345458984375,0.0,0.0
318.0,0.0005000000237487257,8612,9.284616470336914,9.284616470336914,0.0,111.33660125732422,111.33660125732422,0.0,9.172719955444336,138.4329833984375,9.172719955444336,138.4329833984375,0.0,0.0
319.0,0.0005000000237487257,8639,,,,110.42332458496094,110.42332458496094,0.0,9.137615203857422,137.62295532226562,9.137615203857422,137.62295532226562,0.0,0.0
320.0,0.0005000000237487257,8666,9.30764389038086,9.30764389038086,0.0,109.609375,109.609375,0.0,9.203655242919922,139.53768920898438,9.203655242919922,139.53768920898438,0.0,0.0
321.0,0.0005000000237487257,8693,,,,110.08251190185547,110.08251190185547,0.0,9.227655410766602,139.87646484375,9.227655410766602,139.87646484375,0.0,0.0
322.0,0.0005000000237487257,8720,9.25198745727539,9.25198745727539,0.0,111.09512329101562,111.09512329101562,0.0,9.184107780456543,138.72659301757812,9.184107780456543,138.72659301757812,0.0,0.0
323.0,0.0005000000237487257,8747,,,,110.66839599609375,110.66839599609375,0.0,9.136215209960938,137.607421875,9.136215209960938,137.607421875,0.0,0.0
324.0,0.0005000000237487257,8774,9.42502212524414,9.42502212524414,0.0,110.107421875,110.107421875,0.0,9.337299346923828,142.940185546875,9.337299346923828,142.940185546875,0.0,0.0
325.0,0.0005000000237487257,8801,,,,111.04852294921875,111.04852294921875,0.0,9.175650596618652,138.22210693359375,9.175650596618652,138.22210693359375,0.0,0.0
326.0,0.0005000000237487257,8828,9.379373550415039,9.379373550415039,0.0,110.73504638671875,110.73504638671875,0.0,9.249046325683594,141.09613037109375,9.249046325683594,141.09613037109375,0.0,0.0
327.0,0.0005000000237487257,8855,,,,110.32962036132812,110.32962036132812,0.0,9.177716255187988,138.54693603515625,9.177716255187988,138.54693603515625,0.0,0.0
328.0,0.0005000000237487257,8882,9.27418327331543,9.27418327331543,0.0,109.17708587646484,109.17708587646484,0.0,9.154254913330078,138.0416259765625,9.154254913330078,138.0416259765625,0.0,0.0
329.0,0.0005000000237487257,8909,,,,108.6961669921875,108.6961669921875,0.0,9.073217391967773,135.60226440429688,9.073217391967773,135.60226440429688,0.0,0.0
330.0,0.0005000000237487257,8936,9.386490821838379,9.386490821838379,0.0,108.6800765991211,108.6800765991211,0.0,9.25296688079834,140.5145263671875,9.25296688079834,140.5145263671875,0.0,0.0
331.0,0.0005000000237487257,8963,,,,110.68330383300781,110.68330383300781,0.0,9.148124694824219,137.80078125,9.148124694824219,137.80078125,0.0,0.0
332.0,0.0005000000237487257,8990,9.282783508300781,9.282783508300781,0.0,110.11162567138672,110.11162567138672,0.0,9.189617156982422,138.40719604492188,9.189617156982422,138.40719604492188,0.0,0.0
333.0,0.0005000000237487257,9017,,,,109.19066619873047,109.19066619873047,0.0,9.115577697753906,136.56675720214844,9.115577697753906,136.56675720214844,0.0,0.0
334.0,0.0005000000237487257,9044,9.23403549194336,9.23403549194336,0.0,108.84619140625,108.84619140625,0.0,9.130797386169434,137.0352325439453,9.130797386169434,137.0352325439453,0.0,0.0
335.0,0.0005000000237487257,9071,,,,109.15049743652344,109.15049743652344,0.0,9.188165664672852,138.95211791992188,9.188165664672852,138.95211791992188,0.0,0.0
336.0,0.0005000000237487257,9098,9.197925567626953,9.197925567626953,0.0,108.8099136352539,108.8099136352539,0.0,9.135538101196289,137.11279296875,9.135538101196289,137.11279296875,0.0,0.0
337.0,0.0005000000237487257,9125,,,,111.97840881347656,111.97840881347656,0.0,9.174020767211914,137.8756561279297,9.174020767211914,137.8756561279297,0.0,0.0
338.0,0.0005000000237487257,9152,9.240726470947266,9.240726470947266,0.0,110.95391082763672,110.95391082763672,0.0,9.127616882324219,137.30592346191406,9.127616882324219,137.30592346191406,0.0,0.0
339.0,0.0005000000237487257,9179,,,,109.27857208251953,109.27857208251953,0.0,9.192741394042969,138.57679748535156,9.192741394042969,138.57679748535156,0.0,0.0
340.0,0.0005000000237487257,9206,9.307939529418945,9.307939529418945,0.0,108.14922332763672,108.14922332763672,0.0,9.212514877319336,139.63525390625,9.212514877319336,139.63525390625,0.0,0.0
341.0,0.00039999998989515007,9233,,,,105.68326568603516,105.68326568603516,0.0,9.004228591918945,133.49288940429688,9.004228591918945,133.49288940429688,0.0,0.0
342.0,0.00039999998989515007,9260,9.050331115722656,9.050331115722656,0.0,104.28951263427734,104.28951263427734,0.0,8.945354461669922,131.93429565429688,8.945354461669922,131.93429565429688,0.0,0.0
343.0,0.00039999998989515007,9287,,,,103.70449829101562,103.70449829101562,0.0,8.974281311035156,132.94448852539062,8.974281311035156,132.94448852539062,0.0,0.0
344.0,0.00039999998989515007,9314,9.080885887145996,9.080885887145996,0.0,103.08694458007812,103.08694458007812,0.0,8.959614753723145,132.3888397216797,8.959614753723145,132.3888397216797,0.0,0.0
345.0,0.00039999998989515007,9341,,,,103.5533218383789,103.5533218383789,0.0,8.947404861450195,131.92166137695312,8.947404861450195,131.92166137695312,0.0,0.0
346.0,0.00039999998989515007,9368,9.021934509277344,9.021934509277344,0.0,103.17386627197266,103.17386627197266,0.0,8.932196617126465,131.4666748046875,8.932196617126465,131.4666748046875,0.0,0.0
347.0,0.00039999998989515007,9395,,,,104.1921157836914,104.1921157836914,0.0,8.981719970703125,132.7410125732422,8.981719970703125,132.7410125732422,0.0,0.0
348.0,0.00039999998989515007,9422,9.062189102172852,9.062189102172852,0.0,104.55897521972656,104.55897521972656,0.0,8.960914611816406,132.16964721679688,8.960914611816406,132.16964721679688,0.0,0.0
349.0,0.00039999998989515007,9449,,,,104.09868621826172,104.09868621826172,0.0,8.949833869934082,132.19154357910156,8.949833869934082,132.19154357910156,0.0,0.0
350.0,0.00039999998989515007,9476,9.104451179504395,9.104451179504395,0.0,104.34322357177734,104.34322357177734,0.0,9.015695571899414,133.9010009765625,9.015695571899414,133.9010009765625,0.0,0.0
351.0,0.00039999998989515007,9503,,,,104.33638763427734,104.33638763427734,0.0,8.98675537109375,132.9337158203125,8.98675537109375,132.9337158203125,0.0,0.0
352.0,0.00039999998989515007,9530,9.140932083129883,9.140932083129883,0.0,103.81309509277344,103.81309509277344,0.0,9.018280982971191,134.0355987548828,9.018280982971191,134.0355987548828,0.0,0.0
353.0,0.00039999998989515007,9557,,,,104.0314712524414,104.0314712524414,0.0,8.975305557250977,132.79783630371094,8.975305557250977,132.79783630371094,0.0,0.0
354.0,0.00039999998989515007,9584,9.196613311767578,9.196613311767578,0.0,104.09447479248047,104.09447479248047,0.0,9.06277084350586,135.0918731689453,9.06277084350586,135.0918731689453,0.0,0.0
355.0,0.00039999998989515007,9611,,,,104.22976684570312,104.22976684570312,0.0,9.021499633789062,133.51504516601562,9.021499633789062,133.51504516601562,0.0,0.0
356.0,0.00039999998989515007,9638,9.058052062988281,9.058052062988281,0.0,103.06401824951172,103.06401824951172,0.0,8.942909240722656,131.9031219482422,8.942909240722656,131.9031219482422,0.0,0.0
357.0,0.00039999998989515007,9665,,,,102.30548095703125,102.30548095703125,0.0,8.963417053222656,132.88389587402344,8.963417053222656,132.88389587402344,0.0,0.0
358.0,0.00031999999191612005,9692,9.037755012512207,9.037755012512207,0.0,101.24848937988281,101.24848937988281,0.0,8.940969467163086,132.06640625,8.940969467163086,132.06640625,0.0,0.0
359.0,0.00031999999191612005,9719,,,,100.86592864990234,100.86592864990234,0.0,8.874776840209961,130.11337280273438,8.874776840209961,130.11337280273438,0.0,0.0
360.0,0.00031999999191612005,9746,8.96320915222168,8.96320915222168,0.0,100.58308410644531,100.58308410644531,0.0,8.858453750610352,129.69329833984375,8.858453750610352,129.69329833984375,0.0,0.0
361.0,0.00031999999191612005,9773,,,,100.91634368896484,100.91634368896484,0.0,8.852340698242188,129.620361328125,8.852340698242188,129.620361328125,0.0,0.0
362.0,0.00031999999191612005,9800,8.99560832977295,8.99560832977295,0.0,100.67276000976562,100.67276000976562,0.0,8.890972137451172,130.3445281982422,8.890972137451172,130.3445281982422,0.0,0.0
363.0,0.00031999999191612005,9827,,,,100.93549346923828,100.93549346923828,0.0,8.881488800048828,130.27442932128906,8.881488800048828,130.27442932128906,0.0,0.0
364.0,0.00031999999191612005,9854,8.987686157226562,8.987686157226562,0.0,100.93379211425781,100.93379211425781,0.0,8.879308700561523,130.43948364257812,8.879308700561523,130.43948364257812,0.0,0.0
365.0,0.00031999999191612005,9881,,,,101.01698303222656,101.01698303222656,0.0,8.886672973632812,130.38401794433594,8.886672973632812,130.38401794433594,0.0,0.0
366.0,0.00031999999191612005,9908,9.003833770751953,9.003833770751953,0.0,101.34290313720703,101.34290313720703,0.0,8.89261245727539,130.61480712890625,8.89261245727539,130.61480712890625,0.0,0.0
367.0,0.00031999999191612005,9935,,,,100.73435974121094,100.73435974121094,0.0,8.851186752319336,129.66647338867188,8.851186752319336,129.66647338867188,0.0,0.0
368.0,0.00031999999191612005,9962,8.976335525512695,8.976335525512695,0.0,100.43910217285156,100.43910217285156,0.0,8.8697509765625,129.94223022460938,8.8697509765625,129.94223022460938,0.0,0.0
369.0,0.00031999999191612005,9989,,,,100.04340362548828,100.04340362548828,0.0,8.865636825561523,129.9056396484375,8.865636825561523,129.9056396484375,0.0,0.0
370.0,0.00031999999191612005,10016,8.995594024658203,8.995594024658203,0.0,100.78071594238281,100.78071594238281,0.0,8.899606704711914,130.95726013183594,8.899606704711914,130.95726013183594,0.0,0.0
371.0,0.00031999999191612005,10043,,,,100.93299865722656,100.93299865722656,0.0,8.874213218688965,130.41690063476562,8.874213218688965,130.41690063476562,0.0,0.0
372.0,0.00031999999191612005,10070,9.011587142944336,9.011587142944336,0.0,100.66146087646484,100.66146087646484,0.0,8.905540466308594,130.40487670898438,8.905540466308594,130.40487670898438,0.0,0.0
373.0,0.00025599999935366213,10097,,,,99.39671325683594,99.39671325683594,0.0,8.822479248046875,128.76739501953125,8.822479248046875,128.76739501953125,0.0,0.0
374.0,0.00025599999935366213,10124,8.88947582244873,8.88947582244873,0.0,98.39371490478516,98.39371490478516,0.0,8.794057846069336,127.88328552246094,8.794057846069336,127.88328552246094,0.0,0.0
375.0,0.00025599999935366213,10151,,,,98.21185302734375,98.21185302734375,0.0,8.782659530639648,127.84114837646484,8.782659530639648,127.84114837646484,0.0,0.0
376.0,0.00025599999935366213,10178,8.908287048339844,8.908287048339844,0.0,98.30687713623047,98.30687713623047,0.0,8.819662094116211,128.7333221435547,8.819662094116211,128.7333221435547,0.0,0.0
377.0,0.00025599999935366213,10205,,,,98.84963989257812,98.84963989257812,0.0,8.821081161499023,128.48582458496094,8.821081161499023,128.48582458496094,0.0,0.0
378.0,0.00025599999935366213,10232,8.945027351379395,8.945027351379395,0.0,98.60083770751953,98.60083770751953,0.0,8.816610336303711,128.82180786132812,8.816610336303711,128.82180786132812,0.0,0.0
379.0,0.00025599999935366213,10259,,,,98.45440673828125,98.45440673828125,0.0,8.83173942565918,129.07081604003906,8.83173942565918,129.07081604003906,0.0,0.0
380.0,0.00025599999935366213,10286,8.950401306152344,8.950401306152344,0.0,98.27025604248047,98.27025604248047,0.0,8.833925247192383,128.95738220214844,8.833925247192383,128.95738220214844,0.0,0.0
381.0,0.00025599999935366213,10313,,,,98.56935119628906,98.56935119628906,0.0,8.812368392944336,128.58470153808594,8.812368392944336,128.58470153808594,0.0,0.0
382.0,0.00025599999935366213,10340,8.924503326416016,8.924503326416016,0.0,98.49053955078125,98.49053955078125,0.0,8.76224136352539,126.86595153808594,8.76224136352539,126.86595153808594,0.0,0.0
383.0,0.00025599999935366213,10367,,,,97.96717834472656,97.96717834472656,0.0,8.783677101135254,127.70936584472656,8.783677101135254,127.70936584472656,0.0,0.0
384.0,0.00025599999935366213,10394,8.894515991210938,8.894515991210938,0.0,97.88343048095703,97.88343048095703,0.0,8.78189468383789,127.47386932373047,8.78189468383789,127.47386932373047,0.0,0.0
385.0,0.00025599999935366213,10421,,,,98.03233337402344,98.03233337402344,0.0,8.793219566345215,127.74336242675781,8.793219566345215,127.74336242675781,0.0,0.0
386.0,0.00025599999935366213,10448,8.904253005981445,8.904253005981445,0.0,97.93370056152344,97.93370056152344,0.0,8.785379409790039,127.64418029785156,8.785379409790039,127.64418029785156,0.0,0.0
387.0,0.00025599999935366213,10475,,,,98.26750946044922,98.26750946044922,0.0,8.787282943725586,128.0381622314453,8.787282943725586,128.0381622314453,0.0,0.0
388.0,0.00025599999935366213,10502,8.945088386535645,8.945088386535645,0.0,98.31794738769531,98.31794738769531,0.0,8.818239212036133,128.6872100830078,8.818239212036133,128.6872100830078,0.0,0.0
389.0,0.00025599999935366213,10529,,,,99.03205871582031,99.03205871582031,0.0,8.816717147827148,128.41090393066406,8.816717147827148,128.41090393066406,0.0,0.0
390.0,0.00025599999935366213,10556,8.900632858276367,8.900632858276367,0.0,98.31536102294922,98.31536102294922,0.0,8.804880142211914,128.0494384765625,8.804880142211914,128.0494384765625,0.0,0.0
391.0,0.00025599999935366213,10583,,,,98.3102798461914,98.3102798461914,0.0,8.78746223449707,127.82412719726562,8.78746223449707,127.82412719726562,0.0,0.0
392.0,0.00025599999935366213,10610,8.889892578125,8.889892578125,0.0,97.74200439453125,97.74200439453125,0.0,8.767958641052246,127.3525619506836,8.767958641052246,127.3525619506836,0.0,0.0
393.0,0.00025599999935366213,10637,,,,97.64075469970703,97.64075469970703,0.0,8.808273315429688,128.61705017089844,8.808273315429688,128.61705017089844,0.0,0.0
394.0,0.00020480000239331275,10664,8.879317283630371,8.879317283630371,0.0,96.7352523803711,96.7352523803711,0.0,8.76524543762207,126.97758483886719,8.76524543762207,126.97758483886719,0.0,0.0
395.0,0.00020480000239331275,10691,,,,96.49554443359375,96.49554443359375,0.0,8.736052513122559,126.53309631347656,8.736052513122559,126.53309631347656,0.0,0.0
396.0,0.00020480000239331275,10718,8.82548713684082,8.82548713684082,0.0,96.01864624023438,96.01864624023438,0.0,8.726997375488281,126.06232452392578,8.726997375488281,126.06232452392578,0.0,0.0
397.0,0.00020480000239331275,10745,,,,95.97285461425781,95.97285461425781,0.0,8.71763801574707,125.83998107910156,8.71763801574707,125.83998107910156,0.0,0.0
398.0,0.00020480000239331275,10772,8.833222389221191,8.833222389221191,0.0,96.20335388183594,96.20335388183594,0.0,8.722097396850586,126.16107177734375,8.722097396850586,126.16107177734375,0.0,0.0
399.0,0.00020480000239331275,10799,,,,96.13827514648438,96.13827514648438,0.0,8.733299255371094,126.31129455566406,8.733299255371094,126.31129455566406,0.0,0.0
400.0,0.00020480000239331275,10826,8.838953971862793,8.838953971862793,0.0,95.86629486083984,95.86629486083984,0.0,8.733512878417969,126.21440887451172,8.733512878417969,126.21440887451172,0.0,0.0
401.0,0.00020480000239331275,10853,,,,95.94502258300781,95.94502258300781,0.0,8.70319938659668,125.48098754882812,8.70319938659668,125.48098754882812,0.0,0.0
402.0,0.00020480000239331275,10880,8.841257095336914,8.841257095336914,0.0,96.01781463623047,96.01781463623047,0.0,8.72514820098877,126.09054565429688,8.72514820098877,126.09054565429688,0.0,0.0
403.0,0.00020480000239331275,10907,,,,96.01705169677734,96.01705169677734,0.0,8.717632293701172,125.78795623779297,8.717632293701172,125.78795623779297,0.0,0.0
404.0,0.00020480000239331275,10934,8.85858154296875,8.85858154296875,0.0,96.06454467773438,96.06454467773438,0.0,8.733589172363281,126.67027282714844,8.733589172363281,126.67027282714844,0.0,0.0
405.0,0.00020480000239331275,10961,,,,96.1863784790039,96.1863784790039,0.0,8.726168632507324,126.38874816894531,8.726168632507324,126.38874816894531,0.0,0.0
406.0,0.00020480000239331275,10988,8.871477127075195,8.871477127075195,0.0,96.50831604003906,96.50831604003906,0.0,8.758416175842285,126.92095947265625,8.758416175842285,126.92095947265625,0.0,0.0
407.0,0.00020480000239331275,11015,,,,95.96656036376953,95.96656036376953,0.0,8.732759475708008,126.32499694824219,8.732759475708008,126.32499694824219,0.0,0.0
408.0,0.00020480000239331275,11042,8.811509132385254,8.811509132385254,0.0,95.69026184082031,95.69026184082031,0.0,8.717262268066406,125.6578598022461,8.717262268066406,125.6578598022461,0.0,0.0
409.0,0.00020480000239331275,11069,,,,95.55677795410156,95.55677795410156,0.0,8.702688217163086,125.60470581054688,8.702688217163086,125.60470581054688,0.0,0.0
410.0,0.00020480000239331275,11096,8.82756233215332,8.82756233215332,0.0,95.3992691040039,95.3992691040039,0.0,8.720772743225098,126.04290771484375,8.720772743225098,126.04290771484375,0.0,0.0
411.0,0.00020480000239331275,11123,,,,95.28791809082031,95.28791809082031,0.0,8.708026885986328,125.82087707519531,8.708026885986328,125.82087707519531,0.0,0.0
412.0,0.00020480000239331275,11150,8.82316780090332,8.82316780090332,0.0,95.61799621582031,95.61799621582031,0.0,8.726587295532227,126.07987976074219,8.726587295532227,126.07987976074219,0.0,0.0
413.0,0.00016383999900426716,11177,,,,94.62698364257812,94.62698364257812,0.0,8.64812183380127,124.07605743408203,8.64812183380127,124.07605743408203,0.0,0.0
414.0,0.00016383999900426716,11204,8.784472465515137,8.784472465515137,0.0,94.51850891113281,94.51850891113281,0.0,8.66362190246582,124.71482849121094,8.66362190246582,124.71482849121094,0.0,0.0
415.0,0.00016383999900426716,11231,,,,94.14897155761719,94.14897155761719,0.0,8.659690856933594,124.42759704589844,8.659690856933594,124.42759704589844,0.0,0.0
416.0,0.00016383999900426716,11258,8.793848037719727,8.793848037719727,0.0,94.5057144165039,94.5057144165039,0.0,8.664745330810547,124.61284637451172,8.664745330810547,124.61284637451172,0.0,0.0
417.0,0.00016383999900426716,11285,,,,94.34557342529297,94.34557342529297,0.0,8.672476768493652,124.83465576171875,8.672476768493652,124.83465576171875,0.0,0.0
418.0,0.00016383999900426716,11312,8.79605484008789,8.79605484008789,0.0,94.50298309326172,94.50298309326172,0.0,8.688027381896973,125.23628234863281,8.688027381896973,125.23628234863281,0.0,0.0
419.0,0.00016383999900426716,11339,,,,94.21370697021484,94.21370697021484,0.0,8.66280746459961,124.29168701171875,8.66280746459961,124.29168701171875,0.0,0.0
420.0,0.00016383999900426716,11366,8.774114608764648,8.774114608764648,0.0,93.8307876586914,93.8307876586914,0.0,8.655561447143555,124.32061767578125,8.655561447143555,124.32061767578125,0.0,0.0
421.0,0.00016383999900426716,11393,,,,93.93959045410156,93.93959045410156,0.0,8.67127513885498,124.8399658203125,8.67127513885498,124.8399658203125,0.0,0.0
422.0,0.00016383999900426716,11420,8.79699420928955,8.79699420928955,0.0,94.08575439453125,94.08575439453125,0.0,8.689338684082031,125.44027709960938,8.689338684082031,125.44027709960938,0.0,0.0
423.0,0.00016383999900426716,11447,,,,94.15919494628906,94.15919494628906,0.0,8.665901184082031,124.45159912109375,8.665901184082031,124.45159912109375,0.0,0.0
424.0,0.00016383999900426716,11474,8.761799812316895,8.761799812316895,0.0,94.27664184570312,94.27664184570312,0.0,8.639493942260742,123.83721923828125,8.639493942260742,123.83721923828125,0.0,0.0
425.0,0.00016383999900426716,11501,,,,94.13587951660156,94.13587951660156,0.0,8.664583206176758,124.56019592285156,8.664583206176758,124.56019592285156,0.0,0.0
426.0,0.00016383999900426716,11528,8.786687850952148,8.786687850952148,0.0,93.9379653930664,93.9379653930664,0.0,8.67383098602295,124.82855224609375,8.67383098602295,124.82855224609375,0.0,0.0
427.0,0.00016383999900426716,11555,,,,93.9549331665039,93.9549331665039,0.0,8.662532806396484,124.8471450805664,8.662532806396484,124.8471450805664,0.0,0.0
428.0,0.00016383999900426716,11582,8.78929328918457,8.78929328918457,0.0,94.41400909423828,94.41400909423828,0.0,8.665021896362305,124.49484252929688,8.665021896362305,124.49484252929688,0.0,0.0
429.0,0.00016383999900426716,11609,,,,94.0992202758789,94.0992202758789,0.0,8.656898498535156,124.396240234375,8.656898498535156,124.396240234375,0.0,0.0
430.0,0.00016383999900426716,11636,8.772151947021484,8.772151947021484,0.0,94.04481506347656,94.04481506347656,0.0,8.650359153747559,124.10317993164062,8.650359153747559,124.10317993164062,0.0,0.0
431.0,0.00016383999900426716,11663,,,,93.94173431396484,93.94173431396484,0.0,8.66020393371582,124.42337799072266,8.66020393371582,124.42337799072266,0.0,0.0
432.0,0.00016383999900426716,11690,8.756824493408203,8.756824493408203,0.0,93.87810516357422,93.87810516357422,0.0,8.643961906433105,124.03146362304688,8.643961906433105,124.03146362304688,0.0,0.0
433.0,0.00016383999900426716,11717,,,,93.63626098632812,93.63626098632812,0.0,8.662940979003906,124.44512939453125,8.662940979003906,124.44512939453125,0.0,0.0
434.0,0.00016383999900426716,11744,8.785893440246582,8.785893440246582,0.0,93.68098449707031,93.68098449707031,0.0,8.680120468139648,124.6871337890625,8.680120468139648,124.6871337890625,0.0,0.0
435.0,0.00016383999900426716,11771,,,,93.64434051513672,93.64434051513672,0.0,8.625312805175781,123.41536712646484,8.625312805175781,123.41536712646484,0.0,0.0
436.0,0.00016383999900426716,11798,8.756437301635742,8.756437301635742,0.0,93.63648223876953,93.63648223876953,0.0,8.645881652832031,123.97975158691406,8.645881652832031,123.97975158691406,0.0,0.0
437.0,0.00016383999900426716,11825,,,,93.52931213378906,93.52931213378906,0.0,8.640434265136719,123.90303039550781,8.640434265136719,123.90303039550781,0.0,0.0
438.0,0.00016383999900426716,11852,8.782893180847168,8.782893180847168,0.0,93.7193832397461,93.7193832397461,0.0,8.656908988952637,124.28218078613281,8.656908988952637,124.28218078613281,0.0,0.0
439.0,0.00016383999900426716,11879,,,,93.64614868164062,93.64614868164062,0.0,8.624576568603516,123.54151916503906,8.624576568603516,123.54151916503906,0.0,0.0
440.0,0.00016383999900426716,11906,8.748004913330078,8.748004913330078,0.0,93.31253814697266,93.31253814697266,0.0,8.627985954284668,123.54068756103516,8.627985954284668,123.54068756103516,0.0,0.0
441.0,0.00016383999900426716,11933,,,,93.2752456665039,93.2752456665039,0.0,8.6260986328125,123.50540924072266,8.6260986328125,123.50540924072266,0.0,0.0
442.0,0.00016383999900426716,11960,8.75567626953125,8.75567626953125,0.0,93.00376892089844,93.00376892089844,0.0,8.658884048461914,124.28028869628906,8.658884048461914,124.28028869628906,0.0,0.0
443.0,0.00016383999900426716,11987,,,,93.57485961914062,93.57485961914062,0.0,8.637176513671875,123.56568908691406,8.637176513671875,123.56568908691406,0.0,0.0
444.0,0.00016383999900426716,12014,8.762392044067383,8.762392044067383,0.0,93.41453552246094,93.41453552246094,0.0,8.648917198181152,124.24678039550781,8.648917198181152,124.24678039550781,0.0,0.0
445.0,0.00016383999900426716,12041,,,,93.40862274169922,93.40862274169922,0.0,8.626130104064941,123.71139526367188,8.626130104064941,123.71139526367188,0.0,0.0
446.0,0.00016383999900426716,12068,8.758035659790039,8.758035659790039,0.0,93.47979736328125,93.47979736328125,0.0,8.6393404006958,123.75377655029297,8.6393404006958,123.75377655029297,0.0,0.0
447.0,0.00013107199629303068,12095,,,,92.39517211914062,92.39517211914062,0.0,8.616714477539062,123.2754898071289,8.616714477539062,123.2754898071289,0.0,0.0
448.0,0.00013107199629303068,12122,8.71013069152832,8.71013069152832,0.0,92.09680938720703,92.09680938720703,0.0,8.609660148620605,122.99857330322266,8.609660148620605,122.99857330322266,0.0,0.0
449.0,0.00013107199629303068,12149,,,,92.06803131103516,92.06803131103516,0.0,8.605982780456543,123.11361694335938,8.605982780456543,123.11361694335938,0.0,0.0
450.0,0.00013107199629303068,12176,8.697334289550781,8.697334289550781,0.0,92.11272430419922,92.11272430419922,0.0,8.586426734924316,122.46898651123047,8.586426734924316,122.46898651123047,0.0,0.0
451.0,0.00013107199629303068,12203,,,,91.86199188232422,91.86199188232422,0.0,8.593706130981445,122.70844268798828,8.593706130981445,122.70844268798828,0.0,0.0
452.0,0.00013107199629303068,12230,8.697381019592285,8.697381019592285,0.0,91.83519744873047,91.83519744873047,0.0,8.601683616638184,122.85308837890625,8.601683616638184,122.85308837890625,0.0,0.0
453.0,0.00013107199629303068,12257,,,,91.87313079833984,91.87313079833984,0.0,8.596156120300293,122.90901184082031,8.596156120300293,122.90901184082031,0.0,0.0
454.0,0.00013107199629303068,12284,8.715548515319824,8.715548515319824,0.0,92.08576965332031,92.08576965332031,0.0,8.600360870361328,122.8237533569336,8.600360870361328,122.8237533569336,0.0,0.0
455.0,0.00013107199629303068,12311,,,,92.0016098022461,92.0016098022461,0.0,8.591182708740234,122.55476379394531,8.591182708740234,122.55476379394531,0.0,0.0
456.0,0.00013107199629303068,12338,8.707897186279297,8.707897186279297,0.0,91.7358169555664,91.7358169555664,0.0,8.612651824951172,123.12385559082031,8.612651824951172,123.12385559082031,0.0,0.0
457.0,0.00013107199629303068,12365,,,,91.76443481445312,91.76443481445312,0.0,8.583195686340332,122.53811645507812,8.583195686340332,122.53811645507812,0.0,0.0
458.0,0.00013107199629303068,12392,8.68372917175293,8.68372917175293,0.0,91.53822326660156,91.53822326660156,0.0,8.576788902282715,122.64423370361328,8.576788902282715,122.64423370361328,0.0,0.0
459.0,0.00013107199629303068,12419,,,,91.90505981445312,91.90505981445312,0.0,8.591072082519531,122.74195861816406,8.591072082519531,122.74195861816406,0.0,0.0
460.0,0.00013107199629303068,12446,8.701894760131836,8.701894760131836,0.0,92.01168060302734,92.01168060302734,0.0,8.599493026733398,123.00141143798828,8.599493026733398,123.00141143798828,0.0,0.0
461.0,0.00013107199629303068,12473,,,,92.0396957397461,92.0396957397461,0.0,8.609418869018555,123.09904479980469,8.609418869018555,123.09904479980469,0.0,0.0
462.0,0.00010485760139999911,12500,8.682559967041016,8.682559967041016,0.0,91.1594009399414,91.1594009399414,0.0,8.583438873291016,122.40018463134766,8.583438873291016,122.40018463134766,0.0,0.0
463.0,0.00010485760139999911,12527,,,,90.84856414794922,90.84856414794922,0.0,8.563669204711914,121.96887969970703,8.563669204711914,121.96887969970703,0.0,0.0
464.0,0.00010485760139999911,12554,8.684886932373047,8.684886932373047,0.0,90.92236328125,90.92236328125,0.0,8.588322639465332,122.65158081054688,8.588322639465332,122.65158081054688,0.0,0.0
465.0,0.00010485760139999911,12581,,,,90.81175231933594,90.81175231933594,0.0,8.573724746704102,122.1607666015625,8.573724746704102,122.1607666015625,0.0,0.0
466.0,0.00010485760139999911,12608,8.658574104309082,8.658574104309082,0.0,90.78423309326172,90.78423309326172,0.0,8.560956954956055,121.93763732910156,8.560956954956055,121.93763732910156,0.0,0.0
467.0,0.00010485760139999911,12635,,,,90.87699890136719,90.87699890136719,0.0,8.581619262695312,122.51289367675781,8.581619262695312,122.51289367675781,0.0,0.0
468.0,0.00010485760139999911,12662,8.672335624694824,8.672335624694824,0.0,90.8046875,90.8046875,0.0,8.567926406860352,121.9721908569336,8.567926406860352,121.9721908569336,0.0,0.0
469.0,0.00010485760139999911,12689,,,,90.87747955322266,90.87747955322266,0.0,8.556777954101562,121.87582397460938,8.556777954101562,121.87582397460938,0.0,0.0
470.0,0.00010485760139999911,12716,8.663904190063477,8.663904190063477,0.0,90.86561584472656,90.86561584472656,0.0,8.574851989746094,122.40428161621094,8.574851989746094,122.40428161621094,0.0,0.0
471.0,0.00010485760139999911,12743,,,,90.70157623291016,90.70157623291016,0.0,8.559186935424805,121.86842346191406,8.559186935424805,121.86842346191406,0.0,0.0
472.0,0.00010485760139999911,12770,8.666400909423828,8.666400909423828,0.0,90.53816223144531,90.53816223144531,0.0,8.555656433105469,122.087158203125,8.555656433105469,122.087158203125,0.0,0.0
473.0,0.00010485760139999911,12797,,,,90.63290405273438,90.63290405273438,0.0,8.569417953491211,122.22636413574219,8.569417953491211,122.22636413574219,0.0,0.0
474.0,0.00010485760139999911,12824,8.668655395507812,8.668655395507812,0.0,90.60379791259766,90.60379791259766,0.0,8.555940628051758,121.70100402832031,8.555940628051758,121.70100402832031,0.0,0.0
475.0,0.00010485760139999911,12851,,,,90.54759979248047,90.54759979248047,0.0,8.56098747253418,121.6734848022461,8.56098747253418,121.6734848022461,0.0,0.0
476.0,0.00010485760139999911,12878,8.681427001953125,8.681427001953125,0.0,90.54898071289062,90.54898071289062,0.0,8.566728591918945,122.27334594726562,8.566728591918945,122.27334594726562,0.0,0.0
477.0,0.00010485760139999911,12905,,,,90.54428100585938,90.54428100585938,0.0,8.54290771484375,121.3656005859375,8.54290771484375,121.3656005859375,0.0,0.0
478.0,0.00010485760139999911,12932,8.672666549682617,8.672666549682617,0.0,90.61666107177734,90.61666107177734,0.0,8.55543041229248,121.56886291503906,8.55543041229248,121.56886291503906,0.0,0.0
479.0,0.00010485760139999911,12959,,,,90.51616668701172,90.51616668701172,0.0,8.561460494995117,121.84867858886719,8.561460494995117,121.84867858886719,0.0,0.0
480.0,0.00010485760139999911,12986,8.672063827514648,8.672063827514648,0.0,90.51614379882812,90.51614379882812,0.0,8.562250137329102,122.03387451171875,8.562250137329102,122.03387451171875,0.0,0.0
481.0,0.00010485760139999911,13013,,,,90.43759155273438,90.43759155273438,0.0,8.543913841247559,121.27609252929688,8.543913841247559,121.27609252929688,0.0,0.0
482.0,0.00010485760139999911,13040,8.658214569091797,8.658214569091797,0.0,90.54651641845703,90.54651641845703,0.0,8.558820724487305,121.5948486328125,8.558820724487305,121.5948486328125,0.0,0.0
483.0,0.00010485760139999911,13067,,,,90.36071014404297,90.36071014404297,0.0,8.581415176391602,122.45891571044922,8.581415176391602,122.45891571044922,0.0,0.0
484.0,0.00010485760139999911,13094,8.663924217224121,8.663924217224121,0.0,90.70160675048828,90.70160675048828,0.0,8.566911697387695,122.0944595336914,8.566911697387695,122.0944595336914,0.0,0.0
485.0,0.00010485760139999911,13121,,,,90.38945770263672,90.38945770263672,0.0,8.546493530273438,121.50686645507812,8.546493530273438,121.50686645507812,0.0,0.0
486.0,0.00010485760139999911,13148,8.654790878295898,8.654790878295898,0.0,90.26313781738281,90.26313781738281,0.0,8.548625946044922,121.35389709472656,8.548625946044922,121.35389709472656,0.0,0.0
487.0,0.00010485760139999911,13175,,,,90.23666381835938,90.23666381835938,0.0,8.549188613891602,121.6860122680664,8.549188613891602,121.6860122680664,0.0,0.0
488.0,0.00010485760139999911,13202,8.654496192932129,8.654496192932129,0.0,90.1285629272461,90.1285629272461,0.0,8.552724838256836,121.81722259521484,8.552724838256836,121.81722259521484,0.0,0.0
489.0,0.00010485760139999911,13229,,,,90.13450622558594,90.13450622558594,0.0,8.549615859985352,121.61347961425781,8.549615859985352,121.61347961425781,0.0,0.0
490.0,0.00010485760139999911,13256,8.674463272094727,8.674463272094727,0.0,90.32491302490234,90.32491302490234,0.0,8.560644149780273,121.85964965820312,8.560644149780273,121.85964965820312,0.0,0.0
491.0,0.00010485760139999911,13283,,,,90.03435516357422,90.03435516357422,0.0,8.53618335723877,121.02223205566406,8.53618335723877,121.02223205566406,0.0,0.0
492.0,0.00010485760139999911,13310,8.632390022277832,8.632390022277832,0.0,90.09774017333984,90.09774017333984,0.0,8.53255844116211,121.08396911621094,8.53255844116211,121.08396911621094,0.0,0.0
493.0,0.00010485760139999911,13337,,,,90.00056457519531,90.00056457519531,0.0,8.548593521118164,121.49100494384766,8.548593521118164,121.49100494384766,0.0,0.0
494.0,0.00010485760139999911,13364,8.636613845825195,8.636613845825195,0.0,90.09857940673828,90.09857940673828,0.0,8.537303924560547,121.47706604003906,8.537303924560547,121.47706604003906,0.0,0.0
495.0,0.00010485760139999911,13391,,,,90.03531646728516,90.03531646728516,0.0,8.556434631347656,121.73059844970703,8.556434631347656,121.73059844970703,0.0,0.0
496.0,0.00010485760139999911,13418,8.665492057800293,8.665492057800293,0.0,89.97927856445312,89.97927856445312,0.0,8.541485786437988,121.48126220703125,8.541485786437988,121.48126220703125,0.0,0.0
497.0,0.00010485760139999911,13445,,,,89.91212463378906,89.91212463378906,0.0,8.539697647094727,121.3940200805664,8.539697647094727,121.3940200805664,0.0,0.0
498.0,0.00010485760139999911,13472,8.639019012451172,8.639019012451172,0.0,89.87816619873047,89.87816619873047,0.0,8.536417007446289,121.07559204101562,8.536417007446289,121.07559204101562,0.0,0.0
499.0,0.00010485760139999911,13499,,,,89.94631958007812,89.94631958007812,0.0,8.540943145751953,121.38336944580078,8.540943145751953,121.38336944580078,0.0,0.0
500.0,0.00010485760139999911,13526,8.62472152709961,8.62472152709961,0.0,89.88076782226562,89.88076782226562,0.0,8.523266792297363,120.79306030273438,8.523266792297363,120.79306030273438,0.0,0.0
501.0,0.00010485760139999911,13553,,,,89.74958801269531,89.74958801269531,0.0,8.51456356048584,120.77561950683594,8.51456356048584,120.77561950683594,0.0,0.0
502.0,0.00010485760139999911,13580,8.655498504638672,8.655498504638672,0.0,89.93443298339844,89.93443298339844,0.0,8.55177116394043,121.72333526611328,8.55177116394043,121.72333526611328,0.0,0.0
503.0,0.00010485760139999911,13607,,,,89.94110870361328,89.94110870361328,0.0,8.531538009643555,121.18112182617188,8.531538009643555,121.18112182617188,0.0,0.0
504.0,0.00010485760139999911,13634,8.63570499420166,8.63570499420166,0.0,89.5984878540039,89.5984878540039,0.0,8.532676696777344,121.03868103027344,8.532676696777344,121.03868103027344,0.0,0.0
505.0,0.00010485760139999911,13661,,,,89.91790771484375,89.91790771484375,0.0,8.54161548614502,121.58470916748047,8.54161548614502,121.58470916748047,0.0,0.0
506.0,0.00010485760139999911,13688,8.638787269592285,8.638787269592285,0.0,89.61781311035156,89.61781311035156,0.0,8.527887344360352,121.22964477539062,8.527887344360352,121.22964477539062,0.0,0.0
507.0,0.00010485760139999911,13715,,,,89.77143096923828,89.77143096923828,0.0,8.54433536529541,121.47933959960938,8.54433536529541,121.47933959960938,0.0,0.0
508.0,0.00010485760139999911,13742,8.647283554077148,8.647283554077148,0.0,89.73958587646484,89.73958587646484,0.0,8.527310371398926,120.858154296875,8.527310371398926,120.858154296875,0.0,0.0
509.0,0.00010485760139999911,13769,,,,89.69941711425781,89.69941711425781,0.0,8.532933235168457,121.15618133544922,8.532933235168457,121.15618133544922,0.0,0.0
510.0,0.00010485760139999911,13796,8.624505996704102,8.624505996704102,0.0,89.60792541503906,89.60792541503906,0.0,8.51725959777832,120.90343475341797,8.51725959777832,120.90343475341797,0.0,0.0
511.0,0.00010485760139999911,13823,,,,89.41897583007812,89.41897583007812,0.0,8.546571731567383,121.87051391601562,8.546571731567383,121.87051391601562,0.0,0.0
512.0,0.00010485760139999911,13850,8.642594337463379,8.642594337463379,0.0,89.62212371826172,89.62212371826172,0.0,8.558873176574707,121.84419250488281,8.558873176574707,121.84419250488281,0.0,0.0
513.0,8.388607966480777e-05,13877,,,,89.12066650390625,89.12066650390625,0.0,8.514418601989746,120.92828369140625,8.514418601989746,120.92828369140625,0.0,0.0
514.0,8.388607966480777e-05,13904,8.598066329956055,8.598066329956055,0.0,88.92166137695312,88.92166137695312,0.0,8.491689682006836,120.22111511230469,8.491689682006836,120.22111511230469,0.0,0.0
515.0,8.388607966480777e-05,13931,,,,88.86760711669922,88.86760711669922,0.0,8.521276473999023,120.91111755371094,8.521276473999023,120.91111755371094,0.0,0.0
516.0,8.388607966480777e-05,13958,8.610189437866211,8.610189437866211,0.0,88.54955291748047,88.54955291748047,0.0,8.497949600219727,120.30062866210938,8.497949600219727,120.30062866210938,0.0,0.0
517.0,8.388607966480777e-05,13985,,,,88.57129669189453,88.57129669189453,0.0,8.500181198120117,120.2906723022461,8.500181198120117,120.2906723022461,0.0,0.0
518.0,8.388607966480777e-05,14012,8.605530738830566,8.605530738830566,0.0,88.65853881835938,88.65853881835938,0.0,8.51152229309082,120.57377624511719,8.51152229309082,120.57377624511719,0.0,0.0
519.0,8.388607966480777e-05,14039,,,,88.61588287353516,88.61588287353516,0.0,8.501293182373047,120.39790344238281,8.501293182373047,120.39790344238281,0.0,0.0
520.0,8.388607966480777e-05,14066,8.592716217041016,8.592716217041016,0.0,88.5090103149414,88.5090103149414,0.0,8.492427825927734,120.19298553466797,8.492427825927734,120.19298553466797,0.0,0.0
521.0,8.388607966480777e-05,14093,,,,88.5408706665039,88.5408706665039,0.0,8.498514175415039,120.4686279296875,8.498514175415039,120.4686279296875,0.0,0.0
522.0,8.388607966480777e-05,14120,8.603699684143066,8.603699684143066,0.0,88.2715835571289,88.2715835571289,0.0,8.497390747070312,120.34481811523438,8.497390747070312,120.34481811523438,0.0,0.0
523.0,8.388607966480777e-05,14147,,,,88.25503540039062,88.25503540039062,0.0,8.498130798339844,120.43806457519531,8.498130798339844,120.43806457519531,0.0,0.0
524.0,8.388607966480777e-05,14174,8.600234985351562,8.600234985351562,0.0,88.65325164794922,88.65325164794922,0.0,8.506549835205078,120.6740951538086,8.506549835205078,120.6740951538086,0.0,0.0
525.0,8.388607966480777e-05,14201,,,,88.56582641601562,88.56582641601562,0.0,8.50018310546875,120.37530517578125,8.50018310546875,120.37530517578125,0.0,0.0
526.0,8.388607966480777e-05,14228,8.599815368652344,8.599815368652344,0.0,88.78677368164062,88.78677368164062,0.0,8.500041961669922,120.28884887695312,8.500041961669922,120.28884887695312,0.0,0.0
527.0,8.388607966480777e-05,14255,,,,88.5627212524414,88.5627212524414,0.0,8.500585556030273,120.3333740234375,8.500585556030273,120.3333740234375,0.0,0.0
528.0,8.388607966480777e-05,14282,8.587193489074707,8.587193489074707,0.0,88.34636688232422,88.34636688232422,0.0,8.493151664733887,120.19819641113281,8.493151664733887,120.19819641113281,0.0,0.0
529.0,8.388607966480777e-05,14309,,,,88.33018493652344,88.33018493652344,0.0,8.499034881591797,120.36257934570312,8.499034881591797,120.36257934570312,0.0,0.0
530.0,8.388607966480777e-05,14336,8.588376998901367,8.588376998901367,0.0,88.32091522216797,88.32091522216797,0.0,8.48782730102539,120.12037658691406,8.48782730102539,120.12037658691406,0.0,0.0
531.0,8.388607966480777e-05,14363,,,,88.44949340820312,88.44949340820312,0.0,8.487974166870117,120.33180236816406,8.487974166870117,120.33180236816406,0.0,0.0
532.0,8.388607966480777e-05,14390,8.572832107543945,8.572832107543945,0.0,88.43513488769531,88.43513488769531,0.0,8.49626350402832,120.30516815185547,8.49626350402832,120.30516815185547,0.0,0.0
533.0,8.388607966480777e-05,14417,,,,88.33387756347656,88.33387756347656,0.0,8.47785758972168,119.61128234863281,8.47785758972168,119.61128234863281,0.0,0.0
534.0,8.388607966480777e-05,14444,8.597637176513672,8.597637176513672,0.0,88.53298950195312,88.53298950195312,0.0,8.502132415771484,120.5308609008789,8.502132415771484,120.5308609008789,0.0,0.0
535.0,8.388607966480777e-05,14471,,,,88.31401062011719,88.31401062011719,0.0,8.478023529052734,119.85279083251953,8.478023529052734,119.85279083251953,0.0,0.0
536.0,8.388607966480777e-05,14498,8.583398818969727,8.583398818969727,0.0,88.19751739501953,88.19751739501953,0.0,8.468228340148926,119.46670532226562,8.468228340148926,119.46670532226562,0.0,0.0
537.0,8.388607966480777e-05,14525,,,,88.24430084228516,88.24430084228516,0.0,8.47932243347168,119.88470458984375,8.47932243347168,119.88470458984375,0.0,0.0
538.0,8.388607966480777e-05,14552,8.583663940429688,8.583663940429688,0.0,88.15341186523438,88.15341186523438,0.0,8.472797393798828,119.62428283691406,8.472797393798828,119.62428283691406,0.0,0.0
539.0,8.388607966480777e-05,14579,,,,88.21207427978516,88.21207427978516,0.0,8.48121166229248,119.8173599243164,8.48121166229248,119.8173599243164,0.0,0.0
540.0,8.388607966480777e-05,14606,8.583189010620117,8.583189010620117,0.0,87.92214965820312,87.92214965820312,0.0,8.487069129943848,119.89482116699219,8.487069129943848,119.89482116699219,0.0,0.0
541.0,8.388607966480777e-05,14633,,,,88.11312866210938,88.11312866210938,0.0,8.480204582214355,120.02017211914062,8.480204582214355,120.02017211914062,0.0,0.0
542.0,8.388607966480777e-05,14660,8.57950210571289,8.57950210571289,0.0,88.06700897216797,88.06700897216797,0.0,8.48172378540039,119.85511016845703,8.48172378540039,119.85511016845703,0.0,0.0
543.0,8.388607966480777e-05,14687,,,,88.0312271118164,88.0312271118164,0.0,8.47732925415039,119.80868530273438,8.47732925415039,119.80868530273438,0.0,0.0
544.0,8.388607966480777e-05,14714,8.589265823364258,8.589265823364258,0.0,88.03541564941406,88.03541564941406,0.0,8.488679885864258,120.1138687133789,8.488679885864258,120.1138687133789,0.0,0.0
545.0,8.388607966480777e-05,14741,,,,88.05641174316406,88.05641174316406,0.0,8.461933135986328,119.44544982910156,8.461933135986328,119.44544982910156,0.0,0.0
546.0,8.388607966480777e-05,14768,8.590747833251953,8.590747833251953,0.0,87.8908462524414,87.8908462524414,0.0,8.472439765930176,119.72221374511719,8.472439765930176,119.72221374511719,0.0,0.0
547.0,8.388607966480777e-05,14795,,,,87.8708267211914,87.8708267211914,0.0,8.484992027282715,120.0062255859375,8.484992027282715,120.0062255859375,0.0,0.0
548.0,8.388607966480777e-05,14822,8.5859375,8.5859375,0.0,88.05455780029297,88.05455780029297,0.0,8.484973907470703,120.10502624511719,8.484973907470703,120.10502624511719,0.0,0.0
549.0,8.388607966480777e-05,14849,,,,87.94659423828125,87.94659423828125,0.0,8.49483585357666,120.14667510986328,8.49483585357666,120.14667510986328,0.0,0.0
550.0,8.388607966480777e-05,14876,8.579154968261719,8.579154968261719,0.0,87.88487243652344,87.88487243652344,0.0,8.475679397583008,119.7518539428711,8.475679397583008,119.7518539428711,0.0,0.0
551.0,8.388607966480777e-05,14903,,,,87.8565902709961,87.8565902709961,0.0,8.464144706726074,119.55751037597656,8.464144706726074,119.55751037597656,0.0,0.0
552.0,8.388607966480777e-05,14930,8.589859962463379,8.589859962463379,0.0,87.71426391601562,87.71426391601562,0.0,8.482717514038086,119.85767364501953,8.482717514038086,119.85767364501953,0.0,0.0
553.0,8.388607966480777e-05,14957,,,,87.67481994628906,87.67481994628906,0.0,8.485519409179688,119.868896484375,8.485519409179688,119.868896484375,0.0,0.0
554.0,8.388607966480777e-05,14984,8.578465461730957,8.578465461730957,0.0,87.82469177246094,87.82469177246094,0.0,8.480215072631836,119.96696472167969,8.480215072631836,119.96696472167969,0.0,0.0
555.0,8.388607966480777e-05,15011,,,,87.77203369140625,87.77203369140625,0.0,8.483461380004883,119.94792175292969,8.483461380004883,119.94792175292969,0.0,0.0
556.0,8.388607966480777e-05,15038,8.568412780761719,8.568412780761719,0.0,87.77173614501953,87.77173614501953,0.0,8.47353744506836,119.63807678222656,8.47353744506836,119.63807678222656,0.0,0.0
557.0,6.710886373184621e-05,15065,,,,87.32904815673828,87.32904815673828,0.0,8.464286804199219,119.39512634277344,8.464286804199219,119.39512634277344,0.0,0.0
558.0,6.710886373184621e-05,15092,8.558210372924805,8.558210372924805,0.0,87.13026428222656,87.13026428222656,0.0,8.44510555267334,118.79216003417969,8.44510555267334,118.79216003417969,0.0,0.0
559.0,6.710886373184621e-05,15119,,,,87.01839447021484,87.01839447021484,0.0,8.462291717529297,119.25772094726562,8.462291717529297,119.25772094726562,0.0,0.0
560.0,6.710886373184621e-05,15146,8.543525695800781,8.543525695800781,0.0,87.19058990478516,87.19058990478516,0.0,8.451141357421875,119.0952377319336,8.451141357421875,119.0952377319336,0.0,0.0
561.0,6.710886373184621e-05,15173,,,,87.22225952148438,87.22225952148438,0.0,8.445974349975586,118.99862670898438,8.445974349975586,118.99862670898438,0.0,0.0
562.0,6.710886373184621e-05,15200,8.555763244628906,8.555763244628906,0.0,86.96910095214844,86.96910095214844,0.0,8.466240882873535,119.62995147705078,8.466240882873535,119.62995147705078,0.0,0.0
563.0,6.710886373184621e-05,15227,,,,87.04839324951172,87.04839324951172,0.0,8.45996379852295,119.26408386230469,8.45996379852295,119.26408386230469,0.0,0.0
564.0,6.710886373184621e-05,15254,8.549488067626953,8.549488067626953,0.0,87.11036682128906,87.11036682128906,0.0,8.443168640136719,119.00988006591797,8.443168640136719,119.00988006591797,0.0,0.0
565.0,6.710886373184621e-05,15281,,,,87.01949310302734,87.01949310302734,0.0,8.468149185180664,119.5482177734375,8.468149185180664,119.5482177734375,0.0,0.0
566.0,6.710886373184621e-05,15308,8.547372817993164,8.547372817993164,0.0,86.96392059326172,86.96392059326172,0.0,8.448719024658203,119.1361083984375,8.448719024658203,119.1361083984375,0.0,0.0
567.0,6.710886373184621e-05,15335,,,,86.96434020996094,86.96434020996094,0.0,8.449357032775879,119.34209442138672,8.449357032775879,119.34209442138672,0.0,0.0
568.0,6.710886373184621e-05,15362,8.540210723876953,8.540210723876953,0.0,86.82630157470703,86.82630157470703,0.0,8.450660705566406,119.043701171875,8.450660705566406,119.043701171875,0.0,0.0
569.0,6.710886373184621e-05,15389,,,,86.84215545654297,86.84215545654297,0.0,8.452679634094238,119.22260284423828,8.452679634094238,119.22260284423828,0.0,0.0
570.0,5.368709025788121e-05,15416,8.54206657409668,8.54206657409668,0.0,86.54912567138672,86.54912567138672,0.0,8.444210052490234,119.07780456542969,8.444210052490234,119.07780456542969,0.0,0.0
571.0,5.368709025788121e-05,15443,,,,86.57026672363281,86.57026672363281,0.0,8.441492080688477,118.91615295410156,8.441492080688477,118.91615295410156,0.0,0.0
572.0,5.368709025788121e-05,15470,8.537616729736328,8.537616729736328,0.0,86.46963500976562,86.46963500976562,0.0,8.449880599975586,119.06741333007812,8.449880599975586,119.06741333007812,0.0,0.0
573.0,5.368709025788121e-05,15497,,,,86.58463287353516,86.58463287353516,0.0,8.44163703918457,119.00457000732422,8.44163703918457,119.00457000732422,0.0,0.0
574.0,5.368709025788121e-05,15524,8.539068222045898,8.539068222045898,0.0,86.32891845703125,86.32891845703125,0.0,8.449142456054688,119.19564819335938,8.449142456054688,119.19564819335938,0.0,0.0
575.0,5.368709025788121e-05,15551,,,,86.40966796875,86.40966796875,0.0,8.446557998657227,119.19136047363281,8.446557998657227,119.19136047363281,0.0,0.0
576.0,5.368709025788121e-05,15578,8.539512634277344,8.539512634277344,0.0,86.43338775634766,86.43338775634766,0.0,8.435210227966309,118.71434020996094,8.435210227966309,118.71434020996094,0.0,0.0
577.0,5.368709025788121e-05,15605,,,,86.16089630126953,86.16089630126953,0.0,8.427309036254883,118.46279907226562,8.427309036254883,118.46279907226562,0.0,0.0
578.0,5.368709025788121e-05,15632,8.541446685791016,8.541446685791016,0.0,86.23222351074219,86.23222351074219,0.0,8.448467254638672,119.00483703613281,8.448467254638672,119.00483703613281,0.0,0.0
579.0,5.368709025788121e-05,15659,,,,86.24527740478516,86.24527740478516,0.0,8.422788619995117,118.48368835449219,8.422788619995117,118.48368835449219,0.0,0.0
580.0,5.368709025788121e-05,15686,8.534975051879883,8.534975051879883,0.0,86.29974365234375,86.29974365234375,0.0,8.444111824035645,119.00733947753906,8.444111824035645,119.00733947753906,0.0,0.0
581.0,5.368709025788121e-05,15713,,,,86.22792053222656,86.22792053222656,0.0,8.435969352722168,118.90560150146484,8.435969352722168,118.90560150146484,0.0,0.0
582.0,5.368709025788121e-05,15740,8.532337188720703,8.532337188720703,0.0,86.23564147949219,86.23564147949219,0.0,8.436970710754395,118.76180267333984,8.436970710754395,118.76180267333984,0.0,0.0
583.0,5.368709025788121e-05,15767,,,,86.156494140625,86.156494140625,0.0,8.429804801940918,118.5992431640625,8.429804801940918,118.5992431640625,0.0,0.0
584.0,5.368709025788121e-05,15794,8.53040599822998,8.53040599822998,0.0,86.47134399414062,86.47134399414062,0.0,8.428827285766602,118.48301696777344,8.428827285766602,118.48301696777344,0.0,0.0
585.0,5.368709025788121e-05,15821,,,,86.32920837402344,86.32920837402344,0.0,8.442771911621094,118.86233520507812,8.442771911621094,118.86233520507812,0.0,0.0
586.0,5.368709025788121e-05,15848,8.53054141998291,8.53054141998291,0.0,86.14897918701172,86.14897918701172,0.0,8.44265365600586,118.91265869140625,8.44265365600586,118.91265869140625,0.0,0.0
587.0,5.368709025788121e-05,15875,,,,86.36219787597656,86.36219787597656,0.0,8.420379638671875,118.23926544189453,8.420379638671875,118.23926544189453,0.0,0.0
588.0,5.368709025788121e-05,15902,8.526851654052734,8.526851654052734,0.0,86.38088989257812,86.38088989257812,0.0,8.425817489624023,118.49076843261719,8.425817489624023,118.49076843261719,0.0,0.0
589.0,5.368709025788121e-05,15929,,,,86.22032928466797,86.22032928466797,0.0,8.429603576660156,118.54795837402344,8.429603576660156,118.54795837402344,0.0,0.0
590.0,5.368709025788121e-05,15956,8.52578353881836,8.52578353881836,0.0,86.00859069824219,86.00859069824219,0.0,8.42692756652832,118.63461303710938,8.42692756652832,118.63461303710938,0.0,0.0
591.0,5.368709025788121e-05,15983,,,,86.00872039794922,86.00872039794922,0.0,8.431529998779297,118.74969482421875,8.431529998779297,118.74969482421875,0.0,0.0
592.0,5.368709025788121e-05,16010,8.533523559570312,8.533523559570312,0.0,86.002685546875,86.002685546875,0.0,8.434423446655273,118.84761047363281,8.434423446655273,118.84761047363281,0.0,0.0
593.0,5.368709025788121e-05,16037,,,,86.1921157836914,86.1921157836914,0.0,8.427473068237305,118.59169006347656,8.427473068237305,118.59169006347656,0.0,0.0
594.0,5.368709025788121e-05,16064,8.519645690917969,8.519645690917969,0.0,85.98905944824219,85.98905944824219,0.0,8.438678741455078,118.71522521972656,8.438678741455078,118.71522521972656,0.0,0.0
595.0,5.368709025788121e-05,16091,,,,86.01734924316406,86.01734924316406,0.0,8.429191589355469,118.67498779296875,8.429191589355469,118.67498779296875,0.0,0.0
596.0,5.368709025788121e-05,16118,8.52574348449707,8.52574348449707,0.0,86.13192749023438,86.13192749023438,0.0,8.432602882385254,118.63356018066406,8.432602882385254,118.63356018066406,0.0,0.0
597.0,5.368709025788121e-05,16145,,,,86.14576721191406,86.14576721191406,0.0,8.426761627197266,118.52882385253906,8.426761627197266,118.52882385253906,0.0,0.0
598.0,5.368709025788121e-05,16172,8.511235237121582,8.511235237121582,0.0,85.88726806640625,85.88726806640625,0.0,8.418052673339844,118.3853759765625,8.418052673339844,118.3853759765625,0.0,0.0
599.0,4.294967220630497e-05,16199,,,,85.55962371826172,85.55962371826172,0.0,8.42280101776123,118.41361999511719,8.42280101776123,118.41361999511719,0.0,0.0
600.0,4.294967220630497e-05,16226,8.524823188781738,8.524823188781738,0.0,85.7684097290039,85.7684097290039,0.0,8.42747688293457,118.58516693115234,8.42747688293457,118.58516693115234,0.0,0.0
601.0,4.294967220630497e-05,16253,,,,85.73306274414062,85.73306274414062,0.0,8.423261642456055,118.42881774902344,8.423261642456055,118.42881774902344,0.0,0.0
602.0,4.294967220630497e-05,16280,8.518153190612793,8.518153190612793,0.0,85.65242767333984,85.65242767333984,0.0,8.425975799560547,118.34318542480469,8.425975799560547,118.34318542480469,0.0,0.0
603.0,4.294967220630497e-05,16307,,,,85.65658569335938,85.65658569335938,0.0,8.411222457885742,118.17684173583984,8.411222457885742,118.17684173583984,0.0,0.0
604.0,4.294967220630497e-05,16334,8.527034759521484,8.527034759521484,0.0,85.569091796875,85.569091796875,0.0,8.431904792785645,118.626220703125,8.431904792785645,118.626220703125,0.0,0.0
605.0,4.294967220630497e-05,16361,,,,85.55696868896484,85.55696868896484,0.0,8.42823600769043,118.66539001464844,8.42823600769043,118.66539001464844,0.0,0.0
606.0,4.294967220630497e-05,16388,8.527911186218262,8.527911186218262,0.0,85.74238586425781,85.74238586425781,0.0,8.426216125488281,118.51167297363281,8.426216125488281,118.51167297363281,0.0,0.0
607.0,4.294967220630497e-05,16415,,,,85.7675552368164,85.7675552368164,0.0,8.421736717224121,118.35897827148438,8.421736717224121,118.35897827148438,0.0,0.0
608.0,4.294967220630497e-05,16442,8.513908386230469,8.513908386230469,0.0,85.52312469482422,85.52312469482422,0.0,8.415056228637695,118.26516723632812,8.415056228637695,118.26516723632812,0.0,0.0
609.0,4.294967220630497e-05,16469,,,,85.44307708740234,85.44307708740234,0.0,8.418917655944824,118.31826782226562,8.418917655944824,118.31826782226562,0.0,0.0
610.0,4.294967220630497e-05,16496,8.511079788208008,8.511079788208008,0.0,85.63467407226562,85.63467407226562,0.0,8.41080379486084,118.10118865966797,8.41080379486084,118.10118865966797,0.0,0.0
611.0,4.294967220630497e-05,16523,,,,85.59111022949219,85.59111022949219,0.0,8.425094604492188,118.38166809082031,8.425094604492188,118.38166809082031,0.0,0.0
612.0,4.294967220630497e-05,16550,8.526966094970703,8.526966094970703,0.0,85.65799713134766,85.65799713134766,0.0,8.4078369140625,118.07002258300781,8.4078369140625,118.07002258300781,0.0,0.0
613.0,4.294967220630497e-05,16577,,,,85.48804473876953,85.48804473876953,0.0,8.414671897888184,118.23320770263672,8.414671897888184,118.23320770263672,0.0,0.0
614.0,4.294967220630497e-05,16604,8.523384094238281,8.523384094238281,0.0,85.513671875,85.513671875,0.0,8.420494079589844,118.49346160888672,8.420494079589844,118.49346160888672,0.0,0.0
615.0,4.294967220630497e-05,16631,,,,85.6051254272461,85.6051254272461,0.0,8.422903060913086,118.57279968261719,8.422903060913086,118.57279968261719,0.0,0.0
616.0,4.294967220630497e-05,16658,8.510401725769043,8.510401725769043,0.0,85.66477966308594,85.66477966308594,0.0,8.416748046875,118.32986450195312,8.416748046875,118.32986450195312,0.0,0.0
617.0,4.294967220630497e-05,16685,,,,85.48455047607422,85.48455047607422,0.0,8.420093536376953,118.52351379394531,8.420093536376953,118.52351379394531,0.0,0.0
618.0,4.294967220630497e-05,16712,8.516685485839844,8.516685485839844,0.0,85.30038452148438,85.30038452148438,0.0,8.410026550292969,118.15702819824219,8.410026550292969,118.15702819824219,0.0,0.0
619.0,4.294967220630497e-05,16739,,,,85.34309387207031,85.34309387207031,0.0,8.41842269897461,118.35185241699219,8.41842269897461,118.35185241699219,0.0,0.0
620.0,4.294967220630497e-05,16766,8.514558792114258,8.514558792114258,0.0,85.32403564453125,85.32403564453125,0.0,8.412113189697266,118.21493530273438,8.412113189697266,118.21493530273438,0.0,0.0
621.0,4.294967220630497e-05,16793,,,,85.48407745361328,85.48407745361328,0.0,8.416046142578125,118.19561767578125,8.416046142578125,118.19561767578125,0.0,0.0
622.0,4.294967220630497e-05,16820,8.514466285705566,8.514466285705566,0.0,85.42172241210938,85.42172241210938,0.0,8.411649703979492,118.22720336914062,8.411649703979492,118.22720336914062,0.0,0.0
623.0,4.294967220630497e-05,16847,,,,85.46482849121094,85.46482849121094,0.0,8.411630630493164,118.1869125366211,8.411630630493164,118.1869125366211,0.0,0.0
624.0,3.4359738492639735e-05,16874,8.503873825073242,8.503873825073242,0.0,85.13697052001953,85.13697052001953,0.0,8.397928237915039,117.86598205566406,8.397928237915039,117.86598205566406,0.0,0.0
625.0,3.4359738492639735e-05,16901,,,,84.90836334228516,84.90836334228516,0.0,8.409242630004883,118.1314926147461,8.409242630004883,118.1314926147461,0.0,0.0
626.0,3.4359738492639735e-05,16928,8.497008323669434,8.497008323669434,0.0,85.10327911376953,85.10327911376953,0.0,8.409738540649414,118.16338348388672,8.409738540649414,118.16338348388672,0.0,0.0
627.0,3.4359738492639735e-05,16955,,,,85.23391723632812,85.23391723632812,0.0,8.40199089050293,117.98377990722656,8.40199089050293,117.98377990722656,0.0,0.0
628.0,3.4359738492639735e-05,16982,8.501935958862305,8.501935958862305,0.0,85.07489776611328,85.07489776611328,0.0,8.405792236328125,118.01948547363281,8.405792236328125,118.01948547363281,0.0,0.0
629.0,3.4359738492639735e-05,17009,,,,85.0381851196289,85.0381851196289,0.0,8.40780258178711,118.01654052734375,8.40780258178711,118.01654052734375,0.0,0.0
630.0,3.4359738492639735e-05,17036,8.499520301818848,8.499520301818848,0.0,85.10657501220703,85.10657501220703,0.0,8.401359558105469,117.94331359863281,8.401359558105469,117.94331359863281,0.0,0.0
631.0,3.4359738492639735e-05,17063,,,,85.0291519165039,85.0291519165039,0.0,8.401748657226562,117.85807037353516,8.401748657226562,117.85807037353516,0.0,0.0
632.0,3.4359738492639735e-05,17090,8.497182846069336,8.497182846069336,0.0,84.95452117919922,84.95452117919922,0.0,8.404498100280762,118.02256774902344,8.404498100280762,118.02256774902344,0.0,0.0
633.0,3.4359738492639735e-05,17117,,,,85.03175354003906,85.03175354003906,0.0,8.418527603149414,118.533935546875,8.418527603149414,118.533935546875,0.0,0.0
634.0,3.4359738492639735e-05,17144,8.505661010742188,8.505661010742188,0.0,84.98941802978516,84.98941802978516,0.0,8.407125473022461,118.0637435913086,8.407125473022461,118.0637435913086,0.0,0.0
635.0,3.4359738492639735e-05,17171,,,,85.0751953125,85.0751953125,0.0,8.401630401611328,117.90501403808594,8.401630401611328,117.90501403808594,0.0,0.0
636.0,2.748779115790967e-05,17198,8.493541717529297,8.493541717529297,0.0,84.73255157470703,84.73255157470703,0.0,8.395963668823242,117.77253723144531,8.395963668823242,117.77253723144531,0.0,0.0
637.0,2.748779115790967e-05,17225,,,,84.63457489013672,84.63457489013672,0.0,8.395160675048828,117.71322631835938,8.395160675048828,117.71322631835938,0.0,0.0
638.0,2.748779115790967e-05,17252,8.489171981811523,8.489171981811523,0.0,84.58052825927734,84.58052825927734,0.0,8.391802787780762,117.72105407714844,8.391802787780762,117.72105407714844,0.0,0.0
639.0,2.748779115790967e-05,17279,,,,84.79618072509766,84.79618072509766,0.0,8.402654647827148,117.9808349609375,8.402654647827148,117.9808349609375,0.0,0.0
640.0,2.748779115790967e-05,17306,8.489912033081055,8.489912033081055,0.0,84.76312255859375,84.76312255859375,0.0,8.391706466674805,117.77865600585938,8.391706466674805,117.77865600585938,0.0,0.0
641.0,2.748779115790967e-05,17333,,,,84.7776870727539,84.7776870727539,0.0,8.396635055541992,117.80957794189453,8.396635055541992,117.80957794189453,0.0,0.0
642.0,2.748779115790967e-05,17360,8.490493774414062,8.490493774414062,0.0,84.74556732177734,84.74556732177734,0.0,8.394518852233887,117.6923828125,8.394518852233887,117.6923828125,0.0,0.0
643.0,2.748779115790967e-05,17387,,,,84.52421569824219,84.52421569824219,0.0,8.394281387329102,117.83914184570312,8.394281387329102,117.83914184570312,0.0,0.0
644.0,2.748779115790967e-05,17414,8.494375228881836,8.494375228881836,0.0,84.6740493774414,84.6740493774414,0.0,8.398541450500488,117.89495849609375,8.398541450500488,117.89495849609375,0.0,0.0
645.0,2.748779115790967e-05,17441,,,,84.685302734375,84.685302734375,0.0,8.390953063964844,117.65518951416016,8.390953063964844,117.65518951416016,0.0,0.0
646.0,2.748779115790967e-05,17468,8.49290657043457,8.49290657043457,0.0,84.64693450927734,84.64693450927734,0.0,8.39381217956543,117.71031188964844,8.39381217956543,117.71031188964844,0.0,0.0
647.0,2.748779115790967e-05,17495,,,,84.71963500976562,84.71963500976562,0.0,8.388296127319336,117.60009002685547,8.388296127319336,117.60009002685547,0.0,0.0
648.0,2.748779115790967e-05,17522,8.488727569580078,8.488727569580078,0.0,84.64129638671875,84.64129638671875,0.0,8.38787841796875,117.50965881347656,8.38787841796875,117.50965881347656,0.0,0.0
649.0,2.748779115790967e-05,17549,,,,84.52767181396484,84.52767181396484,0.0,8.39334487915039,117.74058532714844,8.39334487915039,117.74058532714844,0.0,0.0
650.0,2.748779115790967e-05,17576,8.486486434936523,8.486486434936523,0.0,84.64012145996094,84.64012145996094,0.0,8.389153480529785,117.6600341796875,8.389153480529785,117.6600341796875,0.0,0.0
651.0,2.748779115790967e-05,17603,,,,84.75965881347656,84.75965881347656,0.0,8.387033462524414,117.6053466796875,8.387033462524414,117.6053466796875,0.0,0.0
652.0,2.748779115790967e-05,17630,8.490873336791992,8.490873336791992,0.0,84.58242797851562,84.58242797851562,0.0,8.384445190429688,117.55955505371094,8.384445190429688,117.55955505371094,0.0,0.0
653.0,2.748779115790967e-05,17657,,,,84.55268859863281,84.55268859863281,0.0,8.39235782623291,117.73277282714844,8.39235782623291,117.73277282714844,0.0,0.0
654.0,2.748779115790967e-05,17684,8.489330291748047,8.489330291748047,0.0,84.62940216064453,84.62940216064453,0.0,8.387981414794922,117.6009521484375,8.387981414794922,117.6009521484375,0.0,0.0
655.0,2.748779115790967e-05,17711,,,,84.6241683959961,84.6241683959961,0.0,8.388823509216309,117.53643798828125,8.388823509216309,117.53643798828125,0.0,0.0
656.0,2.748779115790967e-05,17738,8.486956596374512,8.486956596374512,0.0,84.6205062866211,84.6205062866211,0.0,8.38916015625,117.64140319824219,8.38916015625,117.64140319824219,0.0,0.0
657.0,2.748779115790967e-05,17765,,,,84.54588317871094,84.54588317871094,0.0,8.391114234924316,117.7205581665039,8.391114234924316,117.7205581665039,0.0,0.0
658.0,2.748779115790967e-05,17792,8.479597091674805,8.479597091674805,0.0,84.50474548339844,84.50474548339844,0.0,8.390007019042969,117.63304901123047,8.390007019042969,117.63304901123047,0.0,0.0
659.0,2.748779115790967e-05,17819,,,,84.52510070800781,84.52510070800781,0.0,8.38569450378418,117.43840026855469,8.38569450378418,117.43840026855469,0.0,0.0
660.0,2.748779115790967e-05,17846,8.489821434020996,8.489821434020996,0.0,84.47952270507812,84.47952270507812,0.0,8.39088249206543,117.75198364257812,8.39088249206543,117.75198364257812,0.0,0.0
661.0,2.748779115790967e-05,17873,,,,84.63848114013672,84.63848114013672,0.0,8.391727447509766,117.687255859375,8.391727447509766,117.687255859375,0.0,0.0
662.0,2.748779115790967e-05,17900,8.481914520263672,8.481914520263672,0.0,84.59519958496094,84.59519958496094,0.0,8.392118453979492,117.70683288574219,8.392118453979492,117.70683288574219,0.0,0.0
663.0,2.748779115790967e-05,17927,,,,84.43386840820312,84.43386840820312,0.0,8.391258239746094,117.62193298339844,8.391258239746094,117.62193298339844,0.0,0.0
664.0,2.748779115790967e-05,17954,8.48699951171875,8.48699951171875,0.0,84.4810562133789,84.4810562133789,0.0,8.392461776733398,117.6954345703125,8.392461776733398,117.6954345703125,0.0,0.0
665.0,2.748779115790967e-05,17981,,,,84.46331024169922,84.46331024169922,0.0,8.389381408691406,117.66911315917969,8.389381408691406,117.66911315917969,0.0,0.0
666.0,2.748779115790967e-05,18008,8.487726211547852,8.487726211547852,0.0,84.57315826416016,84.57315826416016,0.0,8.396171569824219,117.825927734375,8.396171569824219,117.825927734375,0.0,0.0
667.0,2.748779115790967e-05,18035,,,,84.39715576171875,84.39715576171875,0.0,8.388708114624023,117.76261901855469,8.388708114624023,117.76261901855469,0.0,0.0
668.0,2.748779115790967e-05,18062,8.487117767333984,8.487117767333984,0.0,84.380859375,84.380859375,0.0,8.388406753540039,117.67387390136719,8.388406753540039,117.67387390136719,0.0,0.0
669.0,2.748779115790967e-05,18089,,,,84.41731262207031,84.41731262207031,0.0,8.393178939819336,117.6429443359375,8.393178939819336,117.6429443359375,0.0,0.0
670.0,2.748779115790967e-05,18116,8.488853454589844,8.488853454589844,0.0,84.46797180175781,84.46797180175781,0.0,8.382243156433105,117.51469421386719,8.382243156433105,117.51469421386719,0.0,0.0
671.0,2.1990232198731974e-05,18143,,,,84.21424865722656,84.21424865722656,0.0,8.388263702392578,117.68256378173828,8.388263702392578,117.68256378173828,0.0,0.0
672.0,2.1990232198731974e-05,18170,8.478082656860352,8.478082656860352,0.0,84.30259704589844,84.30259704589844,0.0,8.381373405456543,117.28787231445312,8.381373405456543,117.28787231445312,0.0,0.0
673.0,2.1990232198731974e-05,18197,,,,84.11858367919922,84.11858367919922,0.0,8.381913185119629,117.45735168457031,8.381913185119629,117.45735168457031,0.0,0.0
674.0,2.1990232198731974e-05,18224,8.485876083374023,8.485876083374023,0.0,84.16932678222656,84.16932678222656,0.0,8.377326011657715,117.31504821777344,8.377326011657715,117.31504821777344,0.0,0.0
675.0,2.1990232198731974e-05,18251,,,,84.15953063964844,84.15953063964844,0.0,8.384018898010254,117.51715087890625,8.384018898010254,117.51715087890625,0.0,0.0
676.0,2.1990232198731974e-05,18278,8.480548858642578,8.480548858642578,0.0,84.17509460449219,84.17509460449219,0.0,8.382598876953125,117.45339965820312,8.382598876953125,117.45339965820312,0.0,0.0
677.0,2.1990232198731974e-05,18305,,,,84.21395874023438,84.21395874023438,0.0,8.38286304473877,117.5422592163086,8.38286304473877,117.5422592163086,0.0,0.0
678.0,2.1990232198731974e-05,18332,8.47978401184082,8.47978401184082,0.0,84.24010467529297,84.24010467529297,0.0,8.382884979248047,117.56825256347656,8.382884979248047,117.56825256347656,0.0,0.0
679.0,2.1990232198731974e-05,18359,,,,84.2605972290039,84.2605972290039,0.0,8.386053085327148,117.51676940917969,8.386053085327148,117.51676940917969,0.0,0.0
680.0,2.1990232198731974e-05,18386,8.47768783569336,8.47768783569336,0.0,84.11493682861328,84.11493682861328,0.0,8.382877349853516,117.368896484375,8.382877349853516,117.368896484375,0.0,0.0
681.0,2.1990232198731974e-05,18413,,,,84.23072052001953,84.23072052001953,0.0,8.376769065856934,117.39208221435547,8.376769065856934,117.39208221435547,0.0,0.0
682.0,2.1990232198731974e-05,18440,8.471660614013672,8.471660614013672,0.0,84.12047576904297,84.12047576904297,0.0,8.38053035736084,117.38250732421875,8.38053035736084,117.38250732421875,0.0,0.0
683.0,2.1990232198731974e-05,18467,,,,84.13836669921875,84.13836669921875,0.0,8.381558418273926,117.45130157470703,8.381558418273926,117.45130157470703,0.0,0.0
684.0,1.759218685037922e-05,18494,8.477415084838867,8.477415084838867,0.0,84.072265625,84.072265625,0.0,8.37430191040039,117.28492736816406,8.37430191040039,117.28492736816406,0.0,0.0
685.0,1.759218685037922e-05,18521,,,,83.99829864501953,83.99829864501953,0.0,8.381834030151367,117.42910766601562,8.381834030151367,117.42910766601562,0.0,0.0
686.0,1.759218685037922e-05,18548,8.47566032409668,8.47566032409668,0.0,83.84278869628906,83.84278869628906,0.0,8.375728607177734,117.35028076171875,8.375728607177734,117.35028076171875,0.0,0.0
687.0,1.759218685037922e-05,18575,,,,83.95620727539062,83.95620727539062,0.0,8.374412536621094,117.27560424804688,8.374412536621094,117.27560424804688,0.0,0.0
688.0,1.759218685037922e-05,18602,8.470081329345703,8.470081329345703,0.0,83.86193084716797,83.86193084716797,0.0,8.373403549194336,117.296630859375,8.373403549194336,117.296630859375,0.0,0.0
689.0,1.759218685037922e-05,18629,,,,83.9823989868164,83.9823989868164,0.0,8.377801895141602,117.29150390625,8.377801895141602,117.29150390625,0.0,0.0
690.0,1.759218685037922e-05,18656,8.47182846069336,8.47182846069336,0.0,83.92784881591797,83.92784881591797,0.0,8.374119758605957,117.35828399658203,8.374119758605957,117.35828399658203,0.0,0.0
691.0,1.759218685037922e-05,18683,,,,83.84707641601562,83.84707641601562,0.0,8.375383377075195,117.34030151367188,8.375383377075195,117.34030151367188,0.0,0.0
692.0,1.759218685037922e-05,18710,8.469850540161133,8.469850540161133,0.0,84.0762710571289,84.0762710571289,0.0,8.376830101013184,117.36671447753906,8.376830101013184,117.36671447753906,0.0,0.0
693.0,1.759218685037922e-05,18737,,,,83.88105773925781,83.88105773925781,0.0,8.378999710083008,117.47543334960938,8.378999710083008,117.47543334960938,0.0,0.0
694.0,1.759218685037922e-05,18764,8.467453002929688,8.467453002929688,0.0,83.86801147460938,83.86801147460938,0.0,8.373210906982422,117.27252960205078,8.373210906982422,117.27252960205078,0.0,0.0
695.0,1.759218685037922e-05,18791,,,,84.00061798095703,84.00061798095703,0.0,8.375633239746094,117.35456085205078,8.375633239746094,117.35456085205078,0.0,0.0
696.0,1.759218685037922e-05,18818,8.468109130859375,8.468109130859375,0.0,84.00350952148438,84.00350952148438,0.0,8.37765121459961,117.31330871582031,8.37765121459961,117.31330871582031,0.0,0.0
697.0,1.759218685037922e-05,18845,,,,84.0555648803711,84.0555648803711,0.0,8.381425857543945,117.46954345703125,8.381425857543945,117.46954345703125,0.0,0.0
698.0,1.759218685037922e-05,18872,8.46356201171875,8.46356201171875,0.0,83.85285949707031,83.85285949707031,0.0,8.377523422241211,117.30084991455078,8.377523422241211,117.30084991455078,0.0,0.0
699.0,1.4073748388909735e-05,18899,,,,83.8644790649414,83.8644790649414,0.0,8.373973846435547,117.25634765625,8.373973846435547,117.25634765625,0.0,0.0
700.0,1.4073748388909735e-05,18926,8.471299171447754,8.471299171447754,0.0,83.67301177978516,83.67301177978516,0.0,8.37670612335205,117.29927825927734,8.37670612335205,117.29927825927734,0.0,0.0
701.0,1.4073748388909735e-05,18953,,,,83.79302215576172,83.79302215576172,0.0,8.36856460571289,117.14378356933594,8.36856460571289,117.14378356933594,0.0,0.0
702.0,1.4073748388909735e-05,18980,8.467771530151367,8.467771530151367,0.0,83.76734161376953,83.76734161376953,0.0,8.368732452392578,117.19013977050781,8.368732452392578,117.19013977050781,0.0,0.0
703.0,1.4073748388909735e-05,19007,,,,83.80264282226562,83.80264282226562,0.0,8.373312950134277,117.22280883789062,8.373312950134277,117.22280883789062,0.0,0.0
704.0,1.4073748388909735e-05,19034,8.465309143066406,8.465309143066406,0.0,83.71683502197266,83.71683502197266,0.0,8.373490333557129,117.18536376953125,8.373490333557129,117.18536376953125,0.0,0.0
705.0,1.4073748388909735e-05,19061,,,,83.70970153808594,83.70970153808594,0.0,8.374473571777344,117.31590270996094,8.374473571777344,117.31590270996094,0.0,0.0
706.0,1.4073748388909735e-05,19088,8.470012664794922,8.470012664794922,0.0,83.70491027832031,83.70491027832031,0.0,8.371318817138672,117.23019409179688,8.371318817138672,117.23019409179688,0.0,0.0
707.0,1.4073748388909735e-05,19115,,,,83.64722442626953,83.64722442626953,0.0,8.371607780456543,117.26283264160156,8.371607780456543,117.26283264160156,0.0,0.0
708.0,1.4073748388909735e-05,19142,8.467741012573242,8.467741012573242,0.0,83.72953033447266,83.72953033447266,0.0,8.37106704711914,117.27720642089844,8.37106704711914,117.27720642089844,0.0,0.0
709.0,1.4073748388909735e-05,19169,,,,83.70623779296875,83.70623779296875,0.0,8.370052337646484,117.25518798828125,8.370052337646484,117.25518798828125,0.0,0.0
710.0,1.4073748388909735e-05,19196,8.466375350952148,8.466375350952148,0.0,83.61812591552734,83.61812591552734,0.0,8.369159698486328,117.12855529785156,8.369159698486328,117.12855529785156,0.0,0.0
711.0,1.4073748388909735e-05,19223,,,,83.75306701660156,83.75306701660156,0.0,8.36798095703125,117.13284301757812,8.36798095703125,117.13284301757812,0.0,0.0
712.0,1.4073748388909735e-05,19250,8.46578598022461,8.46578598022461,0.0,83.81880187988281,83.81880187988281,0.0,8.373976707458496,117.23138427734375,8.373976707458496,117.23138427734375,0.0,0.0
713.0,1.4073748388909735e-05,19277,,,,83.75312805175781,83.75312805175781,0.0,8.369595527648926,117.21211242675781,8.369595527648926,117.21211242675781,0.0,0.0
714.0,1.4073748388909735e-05,19304,8.463508605957031,8.463508605957031,0.0,83.78907775878906,83.78907775878906,0.0,8.374295234680176,117.24073791503906,8.374295234680176,117.24073791503906,0.0,0.0
715.0,1.4073748388909735e-05,19331,,,,83.68213653564453,83.68213653564453,0.0,8.368610382080078,117.12495422363281,8.368610382080078,117.12495422363281,0.0,0.0
716.0,1.4073748388909735e-05,19358,8.466316223144531,8.466316223144531,0.0,83.73372650146484,83.73372650146484,0.0,8.373724937438965,117.27470397949219,8.373724937438965,117.27470397949219,0.0,0.0
717.0,1.4073748388909735e-05,19385,,,,83.8366470336914,83.8366470336914,0.0,8.370750427246094,117.22911071777344,8.370750427246094,117.22911071777344,0.0,0.0
718.0,1.4073748388909735e-05,19412,8.460936546325684,8.460936546325684,0.0,83.63969421386719,83.63969421386719,0.0,8.370388984680176,117.19425964355469,8.370388984680176,117.19425964355469,0.0,0.0
719.0,1.4073748388909735e-05,19439,,,,83.58009338378906,83.58009338378906,0.0,8.370361328125,117.26499938964844,8.370361328125,117.26499938964844,0.0,0.0
720.0,1.4073748388909735e-05,19466,8.460000038146973,8.460000038146973,0.0,83.72525024414062,83.72525024414062,0.0,8.368410110473633,117.03216552734375,8.368410110473633,117.03216552734375,0.0,0.0
721.0,1.4073748388909735e-05,19493,,,,83.64749145507812,83.64749145507812,0.0,8.375585556030273,117.31034851074219,8.375585556030273,117.31034851074219,0.0,0.0
722.0,1.4073748388909735e-05,19520,8.466278076171875,8.466278076171875,0.0,83.69561004638672,83.69561004638672,0.0,8.363716125488281,117.01467895507812,8.363716125488281,117.01467895507812,0.0,0.0
723.0,1.4073748388909735e-05,19547,,,,83.68383026123047,83.68383026123047,0.0,8.372415542602539,117.24977111816406,8.372415542602539,117.24977111816406,0.0,0.0
724.0,1.4073748388909735e-05,19574,8.461729049682617,8.461729049682617,0.0,83.71588134765625,83.71588134765625,0.0,8.364431381225586,117.05918884277344,8.364431381225586,117.05918884277344,0.0,0.0
725.0,1.4073748388909735e-05,19601,,,,83.55692291259766,83.55692291259766,0.0,8.370260238647461,117.25480651855469,8.370260238647461,117.25480651855469,0.0,0.0
726.0,1.4073748388909735e-05,19628,8.46202278137207,8.46202278137207,0.0,83.60603332519531,83.60603332519531,0.0,8.366806030273438,117.10006713867188,8.366806030273438,117.10006713867188,0.0,0.0
727.0,1.4073748388909735e-05,19655,,,,83.67973327636719,83.67973327636719,0.0,8.371402740478516,117.19403076171875,8.371402740478516,117.19403076171875,0.0,0.0
728.0,1.4073748388909735e-05,19682,8.460073471069336,8.460073471069336,0.0,83.6038589477539,83.6038589477539,0.0,8.367536544799805,117.09136962890625,8.367536544799805,117.09136962890625,0.0,0.0
729.0,1.4073748388909735e-05,19709,,,,83.54249572753906,83.54249572753906,0.0,8.370022773742676,117.21554565429688,8.370022773742676,117.21554565429688,0.0,0.0
730.0,1.4073748388909735e-05,19736,8.462137222290039,8.462137222290039,0.0,83.51030731201172,83.51030731201172,0.0,8.37292766571045,117.24346923828125,8.37292766571045,117.24346923828125,0.0,0.0
731.0,1.4073748388909735e-05,19763,,,,83.72650909423828,83.72650909423828,0.0,8.372520446777344,117.23980712890625,8.372520446777344,117.23980712890625,0.0,0.0
732.0,1.4073748388909735e-05,19790,8.465249061584473,8.465249061584473,0.0,83.55206298828125,83.55206298828125,0.0,8.372374534606934,117.26866149902344,8.372374534606934,117.26866149902344,0.0,0.0
733.0,1.4073748388909735e-05,19817,,,,83.56562042236328,83.56562042236328,0.0,8.36878776550293,117.08134460449219,8.36878776550293,117.08134460449219,0.0,0.0
734.0,1.1258998711127788e-05,19844,8.458978652954102,8.458978652954102,0.0,83.46292877197266,83.46292877197266,0.0,8.368099212646484,117.07058715820312,8.368099212646484,117.07058715820312,0.0,0.0
735.0,1.1258998711127788e-05,19871,,,,83.39195251464844,83.39195251464844,0.0,8.369728088378906,117.20669555664062,8.369728088378906,117.20669555664062,0.0,0.0
736.0,1.1258998711127788e-05,19898,8.459735870361328,8.459735870361328,0.0,83.40894317626953,83.40894317626953,0.0,8.36798095703125,117.08646392822266,8.36798095703125,117.08646392822266,0.0,0.0
737.0,1.1258998711127788e-05,19925,,,,83.3891372680664,83.3891372680664,0.0,8.369359970092773,117.16506958007812,8.369359970092773,117.16506958007812,0.0,0.0
738.0,1.1258998711127788e-05,19952,8.45687484741211,8.45687484741211,0.0,83.517578125,83.517578125,0.0,8.367053031921387,117.11918640136719,8.367053031921387,117.11918640136719,0.0,0.0
739.0,1.1258998711127788e-05,19979,,,,83.46891021728516,83.46891021728516,0.0,8.367157936096191,117.07725524902344,8.367157936096191,117.07725524902344,0.0,0.0
740.0,1.1258998711127788e-05,20006,8.456948280334473,8.456948280334473,0.0,83.46893310546875,83.46893310546875,0.0,8.363981246948242,117.05030822753906,8.363981246948242,117.05030822753906,0.0,0.0
741.0,1.1258998711127788e-05,20033,,,,83.5051040649414,83.5051040649414,0.0,8.366559028625488,117.066162109375,8.366559028625488,117.066162109375,0.0,0.0
742.0,1.1258998711127788e-05,20060,8.453681945800781,8.453681945800781,0.0,83.484130859375,83.484130859375,0.0,8.365750312805176,117.00955200195312,8.365750312805176,117.00955200195312,0.0,0.0
743.0,1.1258998711127788e-05,20087,,,,83.41887664794922,83.41887664794922,0.0,8.367073059082031,117.17262268066406,8.367073059082031,117.17262268066406,0.0,0.0
744.0,1.1258998711127788e-05,20114,8.456584930419922,8.456584930419922,0.0,83.54378509521484,83.54378509521484,0.0,8.365568161010742,117.07987213134766,8.365568161010742,117.07987213134766,0.0,0.0
745.0,9.00719896890223e-06,20141,,,,83.44105529785156,83.44105529785156,0.0,8.36577320098877,117.03038024902344,8.36577320098877,117.03038024902344,0.0,0.0
746.0,9.00719896890223e-06,20168,8.459437370300293,8.459437370300293,0.0,83.43819427490234,83.43819427490234,0.0,8.366841316223145,117.11665344238281,8.366841316223145,117.11665344238281,0.0,0.0
747.0,9.00719896890223e-06,20195,,,,83.56221771240234,83.56221771240234,0.0,8.364053726196289,117.04703521728516,8.364053726196289,117.04703521728516,0.0,0.0
748.0,9.00719896890223e-06,20222,8.45650863647461,8.45650863647461,0.0,83.34286499023438,83.34286499023438,0.0,8.3602933883667,116.98049926757812,8.3602933883667,116.98049926757812,0.0,0.0
749.0,9.00719896890223e-06,20249,,,,83.42162322998047,83.42162322998047,0.0,8.366507530212402,117.03608703613281,8.366507530212402,117.03608703613281,0.0,0.0
750.0,9.00719896890223e-06,20276,8.453697204589844,8.453697204589844,0.0,83.41509246826172,83.41509246826172,0.0,8.366769790649414,117.00991821289062,8.366769790649414,117.00991821289062,0.0,0.0
751.0,9.00719896890223e-06,20303,,,,83.39685821533203,83.39685821533203,0.0,8.361480712890625,116.93843078613281,8.361480712890625,116.93843078613281,0.0,0.0
752.0,9.00719896890223e-06,20330,8.452596664428711,8.452596664428711,0.0,83.27833557128906,83.27833557128906,0.0,8.366575241088867,117.04331970214844,8.366575241088867,117.04331970214844,0.0,0.0
753.0,9.00719896890223e-06,20357,,,,83.35054779052734,83.35054779052734,0.0,8.361312866210938,116.95706939697266,8.361312866210938,116.95706939697266,0.0,0.0
754.0,9.00719896890223e-06,20384,8.454535484313965,8.454535484313965,0.0,83.33511352539062,83.33511352539062,0.0,8.362419128417969,117.01608276367188,8.362419128417969,117.01608276367188,0.0,0.0
755.0,9.00719896890223e-06,20411,,,,83.45498657226562,83.45498657226562,0.0,8.366203308105469,117.14634704589844,8.366203308105469,117.14634704589844,0.0,0.0
756.0,9.00719896890223e-06,20438,8.455265045166016,8.455265045166016,0.0,83.30439758300781,83.30439758300781,0.0,8.362439155578613,116.96755981445312,8.362439155578613,116.96755981445312,0.0,0.0
757.0,9.00719896890223e-06,20465,,,,83.39292907714844,83.39292907714844,0.0,8.365326881408691,117.11746215820312,8.365326881408691,117.11746215820312,0.0,0.0
758.0,9.00719896890223e-06,20492,8.457021713256836,8.457021713256836,0.0,83.38172149658203,83.38172149658203,0.0,8.35971736907959,116.94853973388672,8.35971736907959,116.94853973388672,0.0,0.0
759.0,9.00719896890223e-06,20519,,,,83.30358123779297,83.30358123779297,0.0,8.358884811401367,116.88802337646484,8.358884811401367,116.88802337646484,0.0,0.0
760.0,9.00719896890223e-06,20546,8.45370864868164,8.45370864868164,0.0,83.3663558959961,83.3663558959961,0.0,8.364688873291016,117.0653076171875,8.364688873291016,117.0653076171875,0.0,0.0
761.0,9.00719896890223e-06,20573,,,,83.26289367675781,83.26289367675781,0.0,8.359956741333008,116.95387268066406,8.359956741333008,116.95387268066406,0.0,0.0
762.0,9.00719896890223e-06,20600,8.456076622009277,8.456076622009277,0.0,83.26962280273438,83.26962280273438,0.0,8.362747192382812,116.9678955078125,8.362747192382812,116.9678955078125,0.0,0.0
763.0,9.00719896890223e-06,20627,,,,83.32380676269531,83.32380676269531,0.0,8.364334106445312,117.08971405029297,8.364334106445312,117.08971405029297,0.0,0.0
764.0,9.00719896890223e-06,20654,8.455411911010742,8.455411911010742,0.0,83.17688751220703,83.17688751220703,0.0,8.35861873626709,116.89224243164062,8.35861873626709,116.89224243164062,0.0,0.0
765.0,9.00719896890223e-06,20681,,,,83.38232421875,83.38232421875,0.0,8.360910415649414,116.94795227050781,8.360910415649414,116.94795227050781,0.0,0.0
766.0,9.00719896890223e-06,20708,8.452371597290039,8.452371597290039,0.0,83.40430450439453,83.40430450439453,0.0,8.36076831817627,116.92135620117188,8.36076831817627,116.92135620117188,0.0,0.0
767.0,9.00719896890223e-06,20735,,,,83.3204574584961,83.3204574584961,0.0,8.357458114624023,116.86260986328125,8.357458114624023,116.86260986328125,0.0,0.0
768.0,9.00719896890223e-06,20762,8.455251693725586,8.455251693725586,0.0,83.24887084960938,83.24887084960938,0.0,8.363468170166016,117.04270935058594,8.363468170166016,117.04270935058594,0.0,0.0
769.0,9.00719896890223e-06,20789,,,,83.35618591308594,83.35618591308594,0.0,8.360034942626953,116.89752960205078,8.360034942626953,116.89752960205078,0.0,0.0
770.0,9.00719896890223e-06,20816,8.454449653625488,8.454449653625488,0.0,83.34024047851562,83.34024047851562,0.0,8.361340522766113,116.96632385253906,8.361340522766113,116.96632385253906,0.0,0.0
771.0,9.00719896890223e-06,20843,,,,83.29148864746094,83.29148864746094,0.0,8.359708786010742,116.8995361328125,8.359708786010742,116.8995361328125,0.0,0.0
772.0,9.00719896890223e-06,20870,8.454486846923828,8.454486846923828,0.0,83.20314025878906,83.20314025878906,0.0,8.364176750183105,117.01280212402344,8.364176750183105,117.01280212402344,0.0,0.0
773.0,9.00719896890223e-06,20897,,,,83.35693359375,83.35693359375,0.0,8.359037399291992,116.918212890625,8.359037399291992,116.918212890625,0.0,0.0
774.0,9.00719896890223e-06,20924,8.450811386108398,8.450811386108398,0.0,83.22041320800781,83.22041320800781,0.0,8.361495018005371,116.94083404541016,8.361495018005371,116.94083404541016,0.0,0.0
775.0,9.00719896890223e-06,20951,,,,83.29907989501953,83.29907989501953,0.0,8.358855247497559,116.92218780517578,8.358855247497559,116.92218780517578,0.0,0.0
776.0,9.00719896890223e-06,20978,8.45163631439209,8.45163631439209,0.0,83.32672119140625,83.32672119140625,0.0,8.360612869262695,116.92094421386719,8.360612869262695,116.92094421386719,0.0,0.0
777.0,9.00719896890223e-06,21005,,,,83.1027603149414,83.1027603149414,0.0,8.358880996704102,116.86862182617188,8.358880996704102,116.86862182617188,0.0,0.0
778.0,9.00719896890223e-06,21032,8.448650360107422,8.448650360107422,0.0,83.1778335571289,83.1778335571289,0.0,8.360258102416992,116.95303344726562,8.360258102416992,116.95303344726562,0.0,0.0
779.0,7.205759629869135e-06,21059,,,,83.17827606201172,83.17827606201172,0.0,8.361299514770508,116.96446990966797,8.361299514770508,116.96446990966797,0.0,0.0
780.0,7.205759629869135e-06,21086,8.450078964233398,8.450078964233398,0.0,83.203369140625,83.203369140625,0.0,8.364887237548828,116.99555969238281,8.364887237548828,116.99555969238281,0.0,0.0
781.0,7.205759629869135e-06,21113,,,,83.17481994628906,83.17481994628906,0.0,8.35987377166748,116.90607452392578,8.35987377166748,116.90607452392578,0.0,0.0
782.0,7.205759629869135e-06,21140,8.449639320373535,8.449639320373535,0.0,83.17330169677734,83.17330169677734,0.0,8.358654022216797,116.921630859375,8.358654022216797,116.921630859375,0.0,0.0
783.0,7.205759629869135e-06,21167,,,,83.22132110595703,83.22132110595703,0.0,8.358980178833008,116.9017333984375,8.358980178833008,116.9017333984375,0.0,0.0
784.0,7.205759629869135e-06,21194,8.451385498046875,8.451385498046875,0.0,83.1207504272461,83.1207504272461,0.0,8.362201690673828,117.02925109863281,8.362201690673828,117.02925109863281,0.0,0.0
785.0,7.205759629869135e-06,21221,,,,83.0783462524414,83.0783462524414,0.0,8.361528396606445,116.98174285888672,8.361528396606445,116.98174285888672,0.0,0.0
786.0,7.205759629869135e-06,21248,8.453125,8.453125,0.0,83.02584075927734,83.02584075927734,0.0,8.359023094177246,116.9532470703125,8.359023094177246,116.9532470703125,0.0,0.0
787.0,7.205759629869135e-06,21275,,,,83.19587707519531,83.19587707519531,0.0,8.357778549194336,116.94093322753906,8.357778549194336,116.94093322753906,0.0,0.0
788.0,7.205759629869135e-06,21302,8.452611923217773,8.452611923217773,0.0,83.10712432861328,83.10712432861328,0.0,8.356569290161133,116.83236694335938,8.356569290161133,116.83236694335938,0.0,0.0
789.0,7.205759629869135e-06,21329,,,,83.13282012939453,83.13282012939453,0.0,8.359818458557129,116.9449462890625,8.359818458557129,116.9449462890625,0.0,0.0
790.0,7.205759629869135e-06,21356,8.450058937072754,8.450058937072754,0.0,83.17384338378906,83.17384338378906,0.0,8.360572814941406,116.93565368652344,8.360572814941406,116.93565368652344,0.0,0.0
791.0,7.205759629869135e-06,21383,,,,83.09486389160156,83.09486389160156,0.0,8.364168167114258,117.02096557617188,8.364168167114258,117.02096557617188,0.0,0.0
792.0,7.205759629869135e-06,21410,8.453269958496094,8.453269958496094,0.0,83.08832550048828,83.08832550048828,0.0,8.360296249389648,116.92985534667969,8.360296249389648,116.92985534667969,0.0,0.0
793.0,7.205759629869135e-06,21437,,,,83.00257873535156,83.00257873535156,0.0,8.357120513916016,116.88555908203125,8.357120513916016,116.88555908203125,0.0,0.0
794.0,7.205759629869135e-06,21464,8.452066421508789,8.452066421508789,0.0,83.20233154296875,83.20233154296875,0.0,8.358648300170898,116.91264343261719,8.358648300170898,116.91264343261719,0.0,0.0
795.0,7.205759629869135e-06,21491,,,,83.09754943847656,83.09754943847656,0.0,8.358941078186035,116.91363525390625,8.358941078186035,116.91363525390625,0.0,0.0
796.0,7.205759629869135e-06,21518,8.452458381652832,8.452458381652832,0.0,83.1581802368164,83.1581802368164,0.0,8.361041069030762,116.9656753540039,8.361041069030762,116.9656753540039,0.0,0.0
797.0,7.205759629869135e-06,21545,,,,83.21556091308594,83.21556091308594,0.0,8.35865592956543,116.89100646972656,8.35865592956543,116.89100646972656,0.0,0.0
798.0,7.205759629869135e-06,21572,8.45126724243164,8.45126724243164,0.0,82.95330047607422,82.95330047607422,0.0,8.361677169799805,116.93934631347656,8.361677169799805,116.93934631347656,0.0,0.0
799.0,7.205759629869135e-06,21599,,,,83.1520004272461,83.1520004272461,0.0,8.359527587890625,116.95320129394531,8.359527587890625,116.95320129394531,0.0,0.0
800.0,5.764607521996368e-06,21626,8.451175689697266,8.451175689697266,0.0,83.10400390625,83.10400390625,0.0,8.359197616577148,116.927490234375,8.359197616577148,116.927490234375,0.0,0.0
801.0,5.764607521996368e-06,21653,,,,83.04368591308594,83.04368591308594,0.0,8.357629776000977,116.90365600585938,8.357629776000977,116.90365600585938,0.0,0.0
802.0,5.764607521996368e-06,21680,8.449031829833984,8.449031829833984,0.0,82.96453857421875,82.96453857421875,0.0,8.357427597045898,116.84234619140625,8.357427597045898,116.84234619140625,0.0,0.0
803.0,5.764607521996368e-06,21707,,,,83.0359878540039,83.0359878540039,0.0,8.359942436218262,116.95320129394531,8.359942436218262,116.95320129394531,0.0,0.0
804.0,5.764607521996368e-06,21734,8.448345184326172,8.448345184326172,0.0,83.16951751708984,83.16951751708984,0.0,8.359342575073242,116.92794799804688,8.359342575073242,116.92794799804688,0.0,0.0
805.0,5.764607521996368e-06,21761,,,,83.00772094726562,83.00772094726562,0.0,8.358285903930664,116.9020004272461,8.358285903930664,116.9020004272461,0.0,0.0
806.0,5.764607521996368e-06,21788,8.449934005737305,8.449934005737305,0.0,83.12024688720703,83.12024688720703,0.0,8.356969833374023,116.89939880371094,8.356969833374023,116.89939880371094,0.0,0.0
807.0,5.764607521996368e-06,21815,,,,83.2041015625,83.2041015625,0.0,8.362493515014648,116.94284057617188,8.362493515014648,116.94284057617188,0.0,0.0
808.0,5.764607521996368e-06,21842,8.448625564575195,8.448625564575195,0.0,83.03382873535156,83.03382873535156,0.0,8.3587646484375,116.91319274902344,8.3587646484375,116.91319274902344,0.0,0.0
809.0,5.764607521996368e-06,21869,,,,82.91057586669922,82.91057586669922,0.0,8.36121940612793,116.97300720214844,8.36121940612793,116.97300720214844,0.0,0.0
810.0,5.764607521996368e-06,21896,8.447267532348633,8.447267532348633,0.0,83.07006072998047,83.07006072998047,0.0,8.357620239257812,116.91178894042969,8.357620239257812,116.91178894042969,0.0,0.0
811.0,4.611686108546564e-06,21923,,,,83.0470199584961,83.0470199584961,0.0,8.355365753173828,116.80215454101562,8.355365753173828,116.80215454101562,0.0,0.0
812.0,4.611686108546564e-06,21950,8.44768238067627,8.44768238067627,0.0,83.05547332763672,83.05547332763672,0.0,8.356100082397461,116.82083129882812,8.356100082397461,116.82083129882812,0.0,0.0
813.0,4.611686108546564e-06,21977,,,,83.12889099121094,83.12889099121094,0.0,8.355533599853516,116.81090545654297,8.355533599853516,116.81090545654297,0.0,0.0
814.0,4.611686108546564e-06,22004,8.446184158325195,8.446184158325195,0.0,83.0236587524414,83.0236587524414,0.0,8.35641860961914,116.82527923583984,8.35641860961914,116.82527923583984,0.0,0.0
815.0,4.611686108546564e-06,22031,,,,83.10836029052734,83.10836029052734,0.0,8.358242988586426,116.92451477050781,8.358242988586426,116.92451477050781,0.0,0.0
816.0,4.611686108546564e-06,22058,8.449726104736328,8.449726104736328,0.0,82.93920135498047,82.93920135498047,0.0,8.356840133666992,116.85542297363281,8.356840133666992,116.85542297363281,0.0,0.0
817.0,4.611686108546564e-06,22085,,,,82.98999786376953,82.98999786376953,0.0,8.356684684753418,116.83692169189453,8.356684684753418,116.83692169189453,0.0,0.0
818.0,4.611686108546564e-06,22112,8.447275161743164,8.447275161743164,0.0,82.8820571899414,82.8820571899414,0.0,8.357301712036133,116.85394287109375,8.357301712036133,116.85394287109375,0.0,0.0
819.0,4.611686108546564e-06,22139,,,,83.12834930419922,83.12834930419922,0.0,8.356836318969727,116.81110382080078,8.356836318969727,116.81110382080078,0.0,0.0
820.0,4.611686108546564e-06,22166,8.450479507446289,8.450479507446289,0.0,83.00772094726562,83.00772094726562,0.0,8.356151580810547,116.81681823730469,8.356151580810547,116.81681823730469,0.0,0.0
821.0,4.611686108546564e-06,22193,,,,83.00577545166016,83.00577545166016,0.0,8.357975006103516,116.88381958007812,8.357975006103516,116.88381958007812,0.0,0.0
822.0,4.611686108546564e-06,22220,8.444334030151367,8.444334030151367,0.0,82.89441680908203,82.89441680908203,0.0,8.35511589050293,116.80949401855469,8.35511589050293,116.80949401855469,0.0,0.0
823.0,3.6893488868372515e-06,22247,,,,82.90450286865234,82.90450286865234,0.0,8.354013442993164,116.77284240722656,8.354013442993164,116.77284240722656,0.0,0.0
824.0,3.6893488868372515e-06,22274,8.445280075073242,8.445280075073242,0.0,83.03118133544922,83.03118133544922,0.0,8.35367202758789,116.77307891845703,8.35367202758789,116.77307891845703,0.0,0.0
825.0,3.6893488868372515e-06,22301,,,,82.9840316772461,82.9840316772461,0.0,8.356283187866211,116.85358428955078,8.356283187866211,116.85358428955078,0.0,0.0
826.0,3.6893488868372515e-06,22328,8.446922302246094,8.446922302246094,0.0,82.99791717529297,82.99791717529297,0.0,8.353097915649414,116.77230834960938,8.353097915649414,116.77230834960938,0.0,0.0
827.0,3.6893488868372515e-06,22355,,,,82.87621307373047,82.87621307373047,0.0,8.353754997253418,116.78927612304688,8.353754997253418,116.78927612304688,0.0,0.0
828.0,3.6893488868372515e-06,22382,8.445876121520996,8.445876121520996,0.0,82.82994842529297,82.82994842529297,0.0,8.356208801269531,116.81126403808594,8.356208801269531,116.81126403808594,0.0,0.0
829.0,3.6893488868372515e-06,22409,,,,82.88850402832031,82.88850402832031,0.0,8.356614112854004,116.83638000488281,8.356614112854004,116.83638000488281,0.0,0.0
830.0,3.6893488868372515e-06,22436,8.44862174987793,8.44862174987793,0.0,83.01809692382812,83.01809692382812,0.0,8.354957580566406,116.81620025634766,8.354957580566406,116.81620025634766,0.0,0.0
831.0,3.6893488868372515e-06,22463,,,,82.9480972290039,82.9480972290039,0.0,8.353083610534668,116.78701782226562,8.353083610534668,116.78701782226562,0.0,0.0
832.0,3.6893488868372515e-06,22490,8.4465913772583,8.4465913772583,0.0,82.95850372314453,82.95850372314453,0.0,8.355596542358398,116.82583618164062,8.355596542358398,116.82583618164062,0.0,0.0
833.0,3.6893488868372515e-06,22517,,,,82.91633605957031,82.91633605957031,0.0,8.3539400100708,116.74380493164062,8.3539400100708,116.74380493164062,0.0,0.0
834.0,3.6893488868372515e-06,22544,8.447763442993164,8.447763442993164,0.0,83.0728530883789,83.0728530883789,0.0,8.354026794433594,116.78543090820312,8.354026794433594,116.78543090820312,0.0,0.0
835.0,3.6893488868372515e-06,22571,,,,82.84263610839844,82.84263610839844,0.0,8.352642059326172,116.74813842773438,8.352642059326172,116.74813842773438,0.0,0.0
836.0,3.6893488868372515e-06,22598,8.446650505065918,8.446650505065918,0.0,82.89147186279297,82.89147186279297,0.0,8.354896545410156,116.78720092773438,8.354896545410156,116.78720092773438,0.0,0.0
837.0,3.6893488868372515e-06,22625,,,,82.91552734375,82.91552734375,0.0,8.352503776550293,116.75377655029297,8.352503776550293,116.75377655029297,0.0,0.0
838.0,3.6893488868372515e-06,22652,8.446353912353516,8.446353912353516,0.0,82.83406829833984,82.83406829833984,0.0,8.354528427124023,116.80561828613281,8.354528427124023,116.80561828613281,0.0,0.0
839.0,3.6893488868372515e-06,22679,,,,82.87713623046875,82.87713623046875,0.0,8.352636337280273,116.74241638183594,8.352636337280273,116.74241638183594,0.0,0.0
840.0,3.6893488868372515e-06,22706,8.446809768676758,8.446809768676758,0.0,82.84370422363281,82.84370422363281,0.0,8.354716300964355,116.8202896118164,8.354716300964355,116.8202896118164,0.0,0.0
841.0,3.6893488868372515e-06,22733,,,,82.95576477050781,82.95576477050781,0.0,8.354588508605957,116.82210540771484,8.354588508605957,116.82210540771484,0.0,0.0
842.0,3.6893488868372515e-06,22760,8.446258544921875,8.446258544921875,0.0,82.93266296386719,82.93266296386719,0.0,8.352001190185547,116.72248077392578,8.352001190185547,116.72248077392578,0.0,0.0
843.0,3.6893488868372515e-06,22787,,,,82.85838317871094,82.85838317871094,0.0,8.352588653564453,116.73280334472656,8.352588653564453,116.73280334472656,0.0,0.0
844.0,3.6893488868372515e-06,22814,8.444711685180664,8.444711685180664,0.0,82.88734436035156,82.88734436035156,0.0,8.35379409790039,116.78433227539062,8.35379409790039,116.78433227539062,0.0,0.0
845.0,3.6893488868372515e-06,22841,,,,82.88321685791016,82.88321685791016,0.0,8.35464096069336,116.79212188720703,8.35464096069336,116.79212188720703,0.0,0.0
846.0,3.6893488868372515e-06,22868,8.446849822998047,8.446849822998047,0.0,82.92524719238281,82.92524719238281,0.0,8.354654312133789,116.78426361083984,8.354654312133789,116.78426361083984,0.0,0.0
847.0,3.6893488868372515e-06,22895,,,,83.01177215576172,83.01177215576172,0.0,8.357033729553223,116.87244415283203,8.357033729553223,116.87244415283203,0.0,0.0
848.0,3.6893488868372515e-06,22922,8.447610855102539,8.447610855102539,0.0,83.04805755615234,83.04805755615234,0.0,8.35581111907959,116.82461547851562,8.35581111907959,116.82461547851562,0.0,0.0
849.0,3.6893488868372515e-06,22949,,,,82.92572784423828,82.92572784423828,0.0,8.353846549987793,116.76518249511719,8.353846549987793,116.76518249511719,0.0,0.0
850.0,3.6893488868372515e-06,22976,8.447237968444824,8.447237968444824,0.0,82.96206665039062,82.96206665039062,0.0,8.353494644165039,116.77639770507812,8.353494644165039,116.77639770507812,0.0,0.0
851.0,3.6893488868372515e-06,23003,,,,82.90555572509766,82.90555572509766,0.0,8.35417652130127,116.7994384765625,8.35417652130127,116.7994384765625,0.0,0.0
852.0,3.6893488868372515e-06,23030,8.448200225830078,8.448200225830078,0.0,82.82080078125,82.82080078125,0.0,8.3572416305542,116.84154510498047,8.3572416305542,116.84154510498047,0.0,0.0
853.0,3.6893488868372515e-06,23057,,,,82.85887908935547,82.85887908935547,0.0,8.354390144348145,116.79306030273438,8.354390144348145,116.79306030273438,0.0,0.0
854.0,2.951479018520331e-06,23084,8.446237564086914,8.446237564086914,0.0,82.92528533935547,82.92528533935547,0.0,8.353692054748535,116.77474975585938,8.353692054748535,116.77474975585938,0.0,0.0
855.0,2.951479018520331e-06,23111,,,,82.86043548583984,82.86043548583984,0.0,8.353551864624023,116.75740814208984,8.353551864624023,116.75740814208984,0.0,0.0
856.0,2.951479018520331e-06,23138,8.448854446411133,8.448854446411133,0.0,82.86894226074219,82.86894226074219,0.0,8.353221893310547,116.77525329589844,8.353221893310547,116.77525329589844,0.0,0.0
857.0,2.951479018520331e-06,23165,,,,82.80763244628906,82.80763244628906,0.0,8.352645874023438,116.75090026855469,8.352645874023438,116.75090026855469,0.0,0.0
858.0,2.951479018520331e-06,23192,8.446174621582031,8.446174621582031,0.0,83.00847625732422,83.00847625732422,0.0,8.354140281677246,116.78973388671875,8.354140281677246,116.78973388671875,0.0,0.0
859.0,2.951479018520331e-06,23219,,,,82.94095611572266,82.94095611572266,0.0,8.354208946228027,116.80824279785156,8.354208946228027,116.80824279785156,0.0,0.0
860.0,2.951479018520331e-06,23246,8.445891380310059,8.445891380310059,0.0,82.86223602294922,82.86223602294922,0.0,8.353433609008789,116.76069641113281,8.353433609008789,116.76069641113281,0.0,0.0
861.0,2.951479018520331e-06,23273,,,,82.90709686279297,82.90709686279297,0.0,8.352783203125,116.73268127441406,8.352783203125,116.73268127441406,0.0,0.0
862.0,2.951479018520331e-06,23300,8.445310592651367,8.445310592651367,0.0,82.84922790527344,82.84922790527344,0.0,8.351899147033691,116.73321533203125,8.351899147033691,116.73321533203125,0.0,0.0
863.0,2.951479018520331e-06,23327,,,,82.92053985595703,82.92053985595703,0.0,8.352115631103516,116.72007751464844,8.352115631103516,116.72007751464844,0.0,0.0
864.0,2.951479018520331e-06,23354,8.446443557739258,8.446443557739258,0.0,83.02779388427734,83.02779388427734,0.0,8.352516174316406,116.7254638671875,8.352516174316406,116.7254638671875,0.0,0.0
865.0,2.361183305765735e-06,23381,,,,82.80934143066406,82.80934143066406,0.0,8.353992462158203,116.79854583740234,8.353992462158203,116.79854583740234,0.0,0.0
866.0,2.361183305765735e-06,23408,8.444435119628906,8.444435119628906,0.0,82.86863708496094,82.86863708496094,0.0,8.354033470153809,116.76969909667969,8.354033470153809,116.76969909667969,0.0,0.0
867.0,2.361183305765735e-06,23435,,,,82.88728332519531,82.88728332519531,0.0,8.352823257446289,116.76812744140625,8.352823257446289,116.76812744140625,0.0,0.0
868.0,2.361183305765735e-06,23462,8.44593620300293,8.44593620300293,0.0,82.93721771240234,82.93721771240234,0.0,8.353387832641602,116.763427734375,8.353387832641602,116.763427734375,0.0,0.0
869.0,2.361183305765735e-06,23489,,,,82.92607116699219,82.92607116699219,0.0,8.352729797363281,116.7470703125,8.352729797363281,116.7470703125,0.0,0.0
870.0,2.361183305765735e-06,23516,8.446046829223633,8.446046829223633,0.0,82.84355163574219,82.84355163574219,0.0,8.35544204711914,116.82621765136719,8.35544204711914,116.82621765136719,0.0,0.0
871.0,2.361183305765735e-06,23543,,,,82.88655090332031,82.88655090332031,0.0,8.354949951171875,116.80326843261719,8.354949951171875,116.80326843261719,0.0,0.0
872.0,2.361183305765735e-06,23570,8.44611644744873,8.44611644744873,0.0,82.75068664550781,82.75068664550781,0.0,8.355121612548828,116.78660583496094,8.355121612548828,116.78660583496094,0.0,0.0
873.0,2.361183305765735e-06,23597,,,,82.81969451904297,82.81969451904297,0.0,8.35503101348877,116.82160949707031,8.35503101348877,116.82160949707031,0.0,0.0
874.0,2.361183305765735e-06,23624,8.44570541381836,8.44570541381836,0.0,82.83026885986328,82.83026885986328,0.0,8.354565620422363,116.7953109741211,8.354565620422363,116.7953109741211,0.0,0.0
875.0,2.361183305765735e-06,23651,,,,83.01978302001953,83.01978302001953,0.0,8.352190017700195,116.7275161743164,8.352190017700195,116.7275161743164,0.0,0.0
876.0,1.888946599137853e-06,23678,8.444948196411133,8.444948196411133,0.0,82.78109741210938,82.78109741210938,0.0,8.352629661560059,116.76488494873047,8.352629661560059,116.76488494873047,0.0,0.0
877.0,1.888946599137853e-06,23705,,,,82.7835922241211,82.7835922241211,0.0,8.354530334472656,116.81861877441406,8.354530334472656,116.81861877441406,0.0,0.0
878.0,1.888946599137853e-06,23732,8.44356918334961,8.44356918334961,0.0,82.75856018066406,82.75856018066406,0.0,8.353286743164062,116.76847839355469,8.353286743164062,116.76847839355469,0.0,0.0
879.0,1.888946599137853e-06,23759,,,,82.79949188232422,82.79949188232422,0.0,8.35396957397461,116.8012924194336,8.35396957397461,116.8012924194336,0.0,0.0
880.0,1.888946599137853e-06,23786,8.444879531860352,8.444879531860352,0.0,82.74771881103516,82.74771881103516,0.0,8.354913711547852,116.81555938720703,8.354913711547852,116.81555938720703,0.0,0.0
881.0,1.888946599137853e-06,23813,,,,82.82498168945312,82.82498168945312,0.0,8.353042602539062,116.76029968261719,8.353042602539062,116.76029968261719,0.0,0.0
882.0,1.888946599137853e-06,23840,8.44439697265625,8.44439697265625,0.0,82.82280731201172,82.82280731201172,0.0,8.354033470153809,116.7918701171875,8.354033470153809,116.7918701171875,0.0,0.0
883.0,1.888946599137853e-06,23867,,,,82.8379898071289,82.8379898071289,0.0,8.351517677307129,116.71516418457031,8.351517677307129,116.71516418457031,0.0,0.0
884.0,1.888946599137853e-06,23894,8.445332527160645,8.445332527160645,0.0,82.66808319091797,82.66808319091797,0.0,8.353060722351074,116.77166748046875,8.353060722351074,116.77166748046875,0.0,0.0
885.0,1.888946599137853e-06,23921,,,,82.83646392822266,82.83646392822266,0.0,8.353496551513672,116.79179382324219,8.353496551513672,116.79179382324219,0.0,0.0
886.0,1.888946599137853e-06,23948,8.444042205810547,8.444042205810547,0.0,82.94277954101562,82.94277954101562,0.0,8.354619979858398,116.78155517578125,8.354619979858398,116.78155517578125,0.0,0.0
887.0,1.5111572793102823e-06,23975,,,,82.72484588623047,82.72484588623047,0.0,8.353469848632812,116.7582015991211,8.353469848632812,116.7582015991211,0.0,0.0
888.0,1.5111572793102823e-06,24002,8.444122314453125,8.444122314453125,0.0,82.77214813232422,82.77214813232422,0.0,8.35355281829834,116.77981567382812,8.35355281829834,116.77981567382812,0.0,0.0
889.0,1.5111572793102823e-06,24029,,,,82.6885757446289,82.6885757446289,0.0,8.352354049682617,116.73953247070312,8.352354049682617,116.73953247070312,0.0,0.0
890.0,1.5111572793102823e-06,24056,8.443166732788086,8.443166732788086,0.0,82.72622680664062,82.72622680664062,0.0,8.353031158447266,116.77469635009766,8.353031158447266,116.77469635009766,0.0,0.0
891.0,1.5111572793102823e-06,24083,,,,82.83418273925781,82.83418273925781,0.0,8.352766036987305,116.78084564208984,8.352766036987305,116.78084564208984,0.0,0.0
892.0,1.5111572793102823e-06,24110,8.445364952087402,8.445364952087402,0.0,82.89089965820312,82.89089965820312,0.0,8.35411262512207,116.78839874267578,8.35411262512207,116.78839874267578,0.0,0.0
893.0,1.5111572793102823e-06,24137,,,,82.84466552734375,82.84466552734375,0.0,8.352593421936035,116.753662109375,8.352593421936035,116.753662109375,0.0,0.0
894.0,1.5111572793102823e-06,24164,8.444718360900879,8.444718360900879,0.0,82.69033813476562,82.69033813476562,0.0,8.35202693939209,116.75703430175781,8.35202693939209,116.75703430175781,0.0,0.0
895.0,1.5111572793102823e-06,24191,,,,82.84037780761719,82.84037780761719,0.0,8.35237979888916,116.7501449584961,8.35237979888916,116.7501449584961,0.0,0.0
896.0,1.5111572793102823e-06,24218,8.44404125213623,8.44404125213623,0.0,82.82025146484375,82.82025146484375,0.0,8.352601051330566,116.75828552246094,8.352601051330566,116.75828552246094,0.0,0.0
897.0,1.5111572793102823e-06,24245,,,,82.76367950439453,82.76367950439453,0.0,8.353796005249023,116.79293823242188,8.353796005249023,116.79293823242188,0.0,0.0
898.0,1.2089258234482259e-06,24272,8.445390701293945,8.445390701293945,0.0,82.71256256103516,82.71256256103516,0.0,8.352507591247559,116.75686645507812,8.352507591247559,116.75686645507812,0.0,0.0
899.0,1.2089258234482259e-06,24299,,,,82.75274658203125,82.75274658203125,0.0,8.35242748260498,116.7679443359375,8.35242748260498,116.7679443359375,0.0,0.0
900.0,1.2089258234482259e-06,24326,8.444891929626465,8.444891929626465,0.0,82.67665100097656,82.67665100097656,0.0,8.351520538330078,116.73028564453125,8.351520538330078,116.73028564453125,0.0,0.0
901.0,1.2089258234482259e-06,24353,,,,82.8117446899414,82.8117446899414,0.0,8.352018356323242,116.73857879638672,8.352018356323242,116.73857879638672,0.0,0.0
902.0,1.2089258234482259e-06,24380,8.44277572631836,8.44277572631836,0.0,82.73789978027344,82.73789978027344,0.0,8.352898597717285,116.76588439941406,8.352898597717285,116.76588439941406,0.0,0.0
903.0,1.2089258234482259e-06,24407,,,,82.73059844970703,82.73059844970703,0.0,8.352632522583008,116.74411010742188,8.352632522583008,116.74411010742188,0.0,0.0
904.0,1.2089258234482259e-06,24434,8.444852828979492,8.444852828979492,0.0,82.72435760498047,82.72435760498047,0.0,8.352224349975586,116.75965881347656,8.352224349975586,116.75965881347656,0.0,0.0
905.0,1.2089258234482259e-06,24461,,,,82.88995361328125,82.88995361328125,0.0,8.353992462158203,116.8042221069336,8.353992462158203,116.8042221069336,0.0,0.0
906.0,1.2089258234482259e-06,24488,8.444452285766602,8.444452285766602,0.0,82.7366714477539,82.7366714477539,0.0,8.352662086486816,116.75823974609375,8.352662086486816,116.75823974609375,0.0,0.0
907.0,1.2089258234482259e-06,24515,,,,82.90282440185547,82.90282440185547,0.0,8.353724479675293,116.78831481933594,8.353724479675293,116.78831481933594,0.0,0.0
908.0,1.2089258234482259e-06,24542,8.442339897155762,8.442339897155762,0.0,82.75006103515625,82.75006103515625,0.0,8.352413177490234,116.74116516113281,8.352413177490234,116.74116516113281,0.0,0.0
909.0,9.999999974752427e-07,24569,,,,82.78911590576172,82.78911590576172,0.0,8.352090835571289,116.73323059082031,8.352090835571289,116.73323059082031,0.0,0.0
910.0,9.999999974752427e-07,24596,8.443499565124512,8.443499565124512,0.0,82.73238372802734,82.73238372802734,0.0,8.352142333984375,116.73222351074219,8.352142333984375,116.73222351074219,0.0,0.0
911.0,9.999999974752427e-07,24623,,,,82.89432525634766,82.89432525634766,0.0,8.352568626403809,116.75196075439453,8.352568626403809,116.75196075439453,0.0,0.0
912.0,9.999999974752427e-07,24650,8.443693161010742,8.443693161010742,0.0,82.73587036132812,82.73587036132812,0.0,8.351882934570312,116.73212432861328,8.351882934570312,116.73212432861328,0.0,0.0
913.0,9.999999974752427e-07,24677,,,,82.67179107666016,82.67179107666016,0.0,8.35222053527832,116.73905181884766,8.35222053527832,116.73905181884766,0.0,0.0
0,,0,8.444759368896484,8.444759368896484,0.0,,,,,,,,,
