time_ps,time_ns,msd_nm2,sem_nm2
0,0,0,0
10,0.01,0.0368536291,0.00259797899
20,0.02,0.0628956543,0.00436755311
30,0.03,0.086604821,0.00595497825
40,0.04,0.109586883,0.0074403387
50,0.05,0.132180659,0.00884600603
60,0.06,0.154162711,0.0102683792
70,0.07,0.175536059,0.0116480769
80,0.08,0.196613365,0.0130301266
90,0.09,0.217370635,0.0144287034
100,0.1,0.237940093,0.0157442007
110,0.11,0.258121572,0.0171274965
120,0.12,0.278176564,0.0185303242
130,0.13,0.298174607,0.0199250105
140,0.14,0.317515515,0.0212849839
150,0.15,0.336541161,0.0226218465
160,0.16,0.355394093,0.023914342
170,0.17,0.374224362,0.0252171618
180,0.18,0.392853238,0.0264780398
190,0.19,0.411197538,0.0276721986
200,0.2,0.429338555,0.028853872
210,0.21,0.447577868,0.0300431913
220,0.22,0.46578244,0.0311981656
230,0.23,0.484155623,0.0323096716
240,0.24,0.50230748,0.0334405815
250,0.25,0.520408623,0.034591653
260,0.26,0.538276077,0.0357169891
270,0.27,0.555849323,0.036817504
280,0.28,0.573724563,0.0379368504
290,0.29,0.590970607,0.039024647
300,0.3,0.60833543,0.0401186843
310,0.31,0.625620915,0.0411710816
320,0.32,0.642821131,0.0421925965
330,0.33,0.659948419,0.0432004175
340,0.34,0.677032781,0.0441947649
350,0.35,0.694227025,0.0451751369
360,0.36,0.711623461,0.0461399826
370,0.37,0.728717927,0.0470862625
380,0.38,0.745712015,0.0479957374
390,0.39,0.762367455,0.0489290097
400,0.4,0.778763504,0.0498342736
410,0.41,0.795226742,0.050696268
420,0.42,0.811466541,0.051487089
430,0.43,0.827577495,0.0522752047
440,0.44,0.843649723,0.0531019784
450,0.45,0.859534504,0.0538805293
460,0.46,0.875427027,0.0546650801
470,0.47,0.891176173,0.0554481636
480,0.48,0.907078232,0.0562399447
490,0.49,0.922794873,0.057074641
500,0.5,0.93856514,0.0578735624
510,0.51,0.954088154,0.0586308723
520,0.52,0.969575783,0.0593988175
530,0.53,0.984802664,0.0601919203
540,0.54,1.00002293,0.0609766052
550,0.55,1.01513633,0.0617653138
560,0.56,1.0300294,0.0625128827
570,0.57,1.04500781,0.063243463
580,0.58,1.06036834,0.0639592823
590,0.59,1.07552148,0.0647058602
600,0.6,1.09087283,0.0654423275
610,0.61,1.10604997,0.0661661669
620,0.62,1.12136899,0.0669284835
630,0.63,1.13646076,0.0676977785
640,0.64,1.15149803,0.0684767142
650,0.65,1.16660528,0.0692430536
660,0.66,1.18149679,0.0699771968
670,0.67,1.19649657,0.0707911754
680,0.68,1.2115108,0.0716284256
690,0.69,1.22656388,0.0724622258
700,0.7,1.24151065,0.073269601
710,0.71,1.25674048,0.0741143072
720,0.72,1.27182486,0.0749254319
730,0.73,1.28692567,0.0757562144
740,0.74,1.30201057,0.0765547864
750,0.75,1.31688024,0.0773289068
760,0.76,1.331541,0.0780934716
770,0.77,1.34636239,0.0789500802
780,0.78,1.36124198,0.0797859863
790,0.79,1.37622651,0.0805396339
800,0.8,1.39102609,0.0812475894
810,0.81,1.40554945,0.0819905961
820,0.82,1.42010088,0.0827346582
830,0.83,1.43466701,0.0834873412
840,0.84,1.44932126,0.084251464
850,0.85,1.46379616,0.0849998552
860,0.86,1.47835744,0.0857497097
870,0.87,1.49294743,0.0865336544
880,0.88,1.5075034,0.0873233825
890,0.89,1.52184818,0.0880830057
900,0.9,1.53628868,0.0888548353
910,0.91,1.55088174,0.0896621192
920,0.92,1.56529359,0.0905222615
930,0.93,1.57985369,0.0912757748
940,0.94,1.59429171,0.0920810934
950,0.95,1.60832731,0.092867572
960,0.96,1.6226696,0.0936709431
970,0.97,1.63716199,0.0945330609
980,0.98,1.65158187,0.0953372836
990,0.99,1.66595928,0.0961550774
1000,1,1.68002891,0.0969272791
1010,1.01,1.69391787,0.0977327766
1020,1.02,1.70819503,0.0985525928
1030,1.03,1.72227256,0.0994330186
1040,1.04,1.7363237,0.100287724
1050,1.05,1.75040885,0.101171664
1060,1.06,1.76442921,0.102029111
1070,1.07,1.77842225,0.102926943
1080,1.08,1.79233853,0.103785001
1090,1.09,1.80641477,0.104639855
1100,1.1,1.82041434,0.105553233
1110,1.11,1.83453235,0.106465523
1120,1.12,1.84872367,0.107349084
1130,1.13,1.86263066,0.108137044
1140,1.14,1.87673477,0.108978844
1150,1.15,1.89097228,0.109807345
1160,1.16,1.90509396,0.110631263
1170,1.17,1.91903353,0.111477449
1180,1.18,1.93316139,0.112297044
1190,1.19,1.9472131,0.113121914
1200,1.2,1.96119956,0.113917491
1210,1.21,1.97521717,0.114743228
1220,1.22,1.98900483,0.115561834
1230,1.23,2.00251366,0.116310414
1240,1.24,2.01612122,0.117031555
1250,1.25,2.02959807,0.117767348
1260,1.26,2.04292565,0.11852982
1270,1.27,2.05644198,0.119294491
1280,1.28,2.06994986,0.120017519
1290,1.29,2.08336493,0.120736204
1300,1.3,2.09655665,0.121472674
1310,1.31,2.10975667,0.122219175
1320,1.32,2.12283776,0.122960141
1330,1.33,2.13576181,0.123684458
1340,1.34,2.14833516,0.124368021
1350,1.35,2.16111194,0.125081413
1360,1.36,2.17389036,0.125786604
1370,1.37,2.18638507,0.126494385
1380,1.38,2.19907444,0.127213514
1390,1.39,2.21208587,0.127959244
1400,1.4,2.22499548,0.128644552
1410,1.41,2.23780013,0.129355783
1420,1.42,2.25046946,0.130042974
1430,1.43,2.26321559,0.130775077
1440,1.44,2.27599106,0.131474712
1450,1.45,2.28895966,0.132114229
1460,1.46,2.30202413,0.132733
1470,1.47,2.31509832,0.133399989
1480,1.48,2.32831027,0.134074133
1490,1.49,2.34170117,0.134683641
1500,1.5,2.35505653,0.135320713
1510,1.51,2.36862426,0.135961191
1520,1.52,2.38205809,0.136563576
1530,1.53,2.39530636,0.137208445
1540,1.54,2.40895963,0.137840618
1550,1.55,2.4225133,0.138419637
1560,1.56,2.43604765,0.139016719
1570,1.57,2.44970868,0.139646375
1580,1.58,2.46296405,0.140243538
1590,1.59,2.4762407,0.140802599
1600,1.6,2.48956631,0.141395074
1610,1.61,2.50266199,0.142031185
1620,1.62,2.51555152,0.142590365
1630,1.63,2.5285491,0.143167845
1640,1.64,2.54139069,0.143775163
1650,1.65,2.55411398,0.144323289
1660,1.66,2.56718163,0.144804901
1670,1.67,2.58025142,0.145367671
1680,1.68,2.5931128,0.145955286
1690,1.69,2.60621164,0.146511156
1700,1.7,2.6192544,0.147110836
1710,1.71,2.63224922,0.147674961
1720,1.72,2.64519846,0.148277886
1730,1.73,2.6585204,0.148939044
1740,1.74,2.67143724,0.149635127
1750,1.75,2.68464183,0.150332092
1760,1.76,2.69793318,0.151037192
1770,1.77,2.71148383,0.151747997
1780,1.78,2.7250995,0.152396693
1790,1.79,2.73879916,0.153049386
1800,1.8,2.75250478,0.153698226
1810,1.81,2.76606639,0.154343542
1820,1.82,2.77955308,0.154994408
1830,1.83,2.79337564,0.155632736
1840,1.84,2.80691473,0.156294294
1850,1.85,2.82047879,0.156960238
1860,1.86,2.83380074,0.157562104
1870,1.87,2.84730076,0.158136667
1880,1.88,2.86055372,0.15869345
1890,1.89,2.87390006,0.159290504
1900,1.9,2.88721072,0.159928292
1910,1.91,2.90060764,0.160571284
1920,1.92,2.91399366,0.161260337
1930,1.93,2.92734478,0.161950432
1940,1.94,2.940455,0.162609941
1950,1.95,2.95344889,0.163249883
1960,1.96,2.96625355,0.163858257
1970,1.97,2.97888438,0.164471707
1980,1.98,2.99166175,0.165066039
1990,1.99,3.00458125,0.165682716
2000,2,3.01757091,0.16625431
2010,2.01,3.03056808,0.166788809
2020,2.02,3.04368876,0.167318646
2030,2.03,3.05679761,0.167889279
2040,2.04,3.06957089,0.168430386
2050,2.05,3.08228266,0.168958978
2060,2.06,3.09493373,0.169463984
2070,2.07,3.10747005,0.170013275
2080,2.08,3.12027622,0.170557998
2090,2.09,3.13285949,0.171131712
2100,2.1,3.14552627,0.171677518
2110,2.11,3.15858032,0.172248118
2120,2.12,3.17107655,0.172834773
2130,2.13,3.18373601,0.173402431
2140,2.14,3.19629224,0.173971613
2150,2.15,3.20900261,0.174558561
2160,2.16,3.22160147,0.17514214
2170,2.17,3.2342041,0.175743235
2180,2.18,3.24668709,0.176313113
2190,2.19,3.25930108,0.176856835
2200,2.2,3.27170156,0.177406612
2210,2.21,3.28426553,0.177935499
2220,2.22,3.29692075,0.178493572
2230,2.23,3.30932757,0.179020147
2240,2.24,3.32140008,0.179555179
2250,2.25,3.33343908,0.180135476
2260,2.26,3.34545683,0.180672726
2270,2.27,3.35744811,0.181213308
2280,2.28,3.36927401,0.181800398
2290,2.29,3.3810689,0.182379958
2300,2.3,3.39275281,0.18295106
2310,2.31,3.40451386,0.183545175
2320,2.32,3.41603518,0.184141988
2330,2.33,3.42781379,0.184724764
2340,2.34,3.43931656,0.185322691
2350,2.35,3.45072031,0.185911936
2360,2.36,3.46196972,0.186510386
2370,2.37,3.47342499,0.187122677
2380,2.38,3.48470451,0.187705789
2390,2.39,3.49590179,0.188303622
2400,2.4,3.50741112,0.188954521
2410,2.41,3.51865671,0.189619442
2420,2.42,3.5299019,0.190281148
2430,2.43,3.54086953,0.190912787
2440,2.44,3.55205074,0.191519092
2450,2.45,3.56305436,0.192139818
2460,2.46,3.57416993,0.19272464
2470,2.47,3.58514385,0.193302415
2480,2.48,3.59618439,0.193896002
2490,2.49,3.60720663,0.194439447
2500,2.5,3.61830222,0.195026643
2510,2.51,3.62948036,0.19564571
2520,2.52,3.64049308,0.196281202
2530,2.53,3.65137202,0.1969076
2540,2.54,3.6623514,0.197506609
2550,2.55,3.67333679,0.198094214
2560,2.56,3.68421142,0.19872216
2570,2.57,3.69511417,0.199370395
2580,2.58,3.7060528,0.199985554
2590,2.59,3.7171978,0.200646595
2600,2.6,3.72820924,0.201262306
2610,2.61,3.73910758,0.201830723
2620,2.62,3.74995709,0.20235997
2630,2.63,3.76084152,0.202880582
2640,2.64,3.77162052,0.203444516
2650,2.65,3.78232286,0.204011924
2660,2.66,3.79326376,0.204588574
2670,2.67,3.80430928,0.205162726
2680,2.68,3.81509396,0.205732688
2690,2.69,3.82567748,0.206253013
2700,2.7,3.83624705,0.206755399
2710,2.71,3.84705312,0.207298429
2720,2.72,3.85777144,0.207854156
2730,2.73,3.86853732,0.208431842
2740,2.74,3.87921664,0.208946001
2750,2.75,3.89005362,0.209473196
2760,2.76,3.90084994,0.209963262
2770,2.77,3.9115674,0.210511688
2780,2.78,3.92230838,0.211046939
2790,2.79,3.93348261,0.211652708
2800,2.8,3.94488822,0.212237656
2810,2.81,3.95602601,0.212830695
2820,2.82,3.96703316,0.213411399
2830,2.83,3.97823962,0.213985126
2840,2.84,3.98958016,0.214603562
2850,2.85,4.00095391,0.215206322
2860,2.86,4.01248628,0.215830787
2870,2.87,4.02375907,0.216411258
2880,2.88,4.03500836,0.216983618
2890,2.89,4.04597271,0.217601975
2900,2.9,4.05726713,0.218190106
2910,2.91,4.0686344,0.218822518
2920,2.92,4.08002947,0.219422932
2930,2.93,4.09172705,0.2199961
2940,2.94,4.10336,0.220601938
2950,2.95,4.1150622,0.221174814
2960,2.96,4.12641912,0.221724615
2970,2.97,4.13788465,0.222275072
2980,2.98,4.14930673,0.222820511
2990,2.99,4.16065611,0.223395864
3000,3,4.17208365,0.223970693
3010,3.01,4.18334528,0.224567465
3020,3.02,4.19445022,0.225159726
3030,3.03,4.20586264,0.225748162
3040,3.04,4.21717424,0.226315154
3050,3.05,4.2285562,0.22684993
3060,3.06,4.23961484,0.227386078
3070,3.07,4.25069515,0.227898283
3080,3.08,4.26180238,0.228426829
3090,3.09,4.2731721,0.228909956
3100,3.1,4.28433449,0.229417293
3110,3.11,4.29551464,0.229951236
3120,3.12,4.30697541,0.230475363
3130,3.13,4.31807866,0.230961264
3140,3.14,4.32941425,0.231426158
3150,3.15,4.34062386,0.231892818
3160,3.16,4.3520334,0.2323585
3170,3.17,4.36337935,0.232849118
3180,3.18,4.37457793,0.233355544
3190,3.19,4.38585555,0.233812548
3200,3.2,4.39720704,0.234286008
3210,3.21,4.40845827,0.234757919
3220,3.22,4.41965786,0.235189691
3230,3.23,4.43110936,0.235643602
3240,3.24,4.4425589,0.236131862
3250,3.25,4.45414763,0.236610157
3260,3.26,4.46577808,0.237090935
3270,3.27,4.47729672,0.237511476
3280,3.28,4.48877388,0.237902066
3290,3.29,4.5003151,0.238313878
3300,3.3,4.51163789,0.238699521
3310,3.31,4.52304059,0.239104284
3320,3.32,4.53439822,0.239485111
3330,3.33,4.54592347,0.239869089
3340,3.34,4.55752645,0.240273938
3350,3.35,4.5691945,0.240635649
3360,3.36,4.58074401,0.241017638
3370,3.37,4.59238851,0.24142572
3380,3.38,4.60391472,0.241872448
3390,3.39,4.61516322,0.242312744
3400,3.4,4.62597637,0.242755863
3410,3.41,4.63645068,0.243221871
3420,3.42,4.64715123,0.243690676
3430,3.43,4.6579408,0.244143997
3440,3.44,4.6690161,0.244643681
3450,3.45,4.68002055,0.245171128
3460,3.46,4.69110597,0.245700981
3470,3.47,4.70225765,0.246317706
3480,3.48,4.71324213,0.246905183
3490,3.49,4.72444971,0.247433516
3500,3.5,4.7355579,0.247964881
3510,3.51,4.74638655,0.248528308
3520,3.52,4.75752777,0.249055403
3530,3.53,4.76871428,0.2496042
3540,3.54,4.78005368,0.250110986
3550,3.55,4.79124399,0.250672967
3560,3.56,4.8021701,0.25115761
3570,3.57,4.81309788,0.251635026
3580,3.58,4.82418449,0.252137823
3590,3.59,4.835073,0.252674874
3600,3.6,4.84624667,0.253261924
3610,3.61,4.85734176,0.253878949
3620,3.62,4.86856807,0.254488716
3630,3.63,4.87999066,0.255070381
3640,3.64,4.89152692,0.255675691
3650,3.65,4.9027981,0.25629189
3660,3.66,4.91398091,0.256882294
3670,3.67,4.92526775,0.257448029
3680,3.68,4.93637522,0.257999878
3690,3.69,4.94748006,0.258462555
3700,3.7,4.95858932,0.258966845
3710,3.71,4.96978013,0.259424075
3720,3.72,4.98061675,0.259828041
3730,3.73,4.99170197,0.26032819
3740,3.74,5.00284838,0.260804124
3750,3.75,5.01429105,0.261305216
3760,3.76,5.02582605,0.261829438
3770,3.77,5.03715684,0.262333286
3780,3.78,5.04845251,0.262849341
3790,3.79,5.05965563,0.2633926
3800,3.8,5.07107203,0.263927694
3810,3.81,5.08251681,0.264497441
3820,3.82,5.09375361,0.265083966
3830,3.83,5.10521192,0.265706561
3840,3.84,5.11666562,0.266335041
3850,3.85,5.12846911,0.266968336
3860,3.86,5.14029237,0.267685491
3870,3.87,5.15221408,0.268387341
3880,3.88,5.16414713,0.2690893
3890,3.89,5.17627073,0.269840764
3900,3.9,5.18791415,0.270608796
3910,3.91,5.19966277,0.271367396
3920,3.92,5.21125651,0.27212705
3930,3.93,5.22309118,0.27296243
3940,3.94,5.23474134,0.273773326
3950,3.95,5.24601982,0.274567493
3960,3.96,5.25751833,0.275345044
3970,3.97,5.26905631,0.276130588
3980,3.98,5.28042367,0.276903706
3990,3.99,5.29163014,0.277705763
4000,4,5.30285849,0.278554739
4010,4.01,5.31382783,0.27935166
4020,4.02,5.32501181,0.280144547
4030,4.03,5.33658294,0.280911594
4040,4.04,5.34797112,0.281693921
4050,4.05,5.35958062,0.282530678
4060,4.06,5.37122544,0.283360429
4070,4.07,5.38272383,0.284130454
4080,4.08,5.39411797,0.284946491
4090,4.09,5.40550021,0.285753668
4100,4.1,5.41689223,0.286505871
4110,4.11,5.42837429,0.287291124
4120,4.12,5.43983229,0.288070412
4130,4.13,5.45111141,0.288849257
4140,4.14,5.46234952,0.289612828
4150,4.15,5.47341813,0.290411148
4160,4.16,5.48457559,0.291195751
4170,4.17,5.49575035,0.291961694
4180,4.18,5.50692474,0.292685161
4190,4.19,5.51807929,0.293444139
4200,4.2,5.52927095,0.294212561
4210,4.21,5.54008053,0.295005782
4220,4.22,5.55089475,0.295707537
4230,4.23,5.56199837,0.296461102
4240,4.24,5.57298703,0.297171852
4250,4.25,5.58388365,0.297904674
4260,4.26,5.5950312,0.298691618
4270,4.27,5.60613434,0.299527259
4280,4.28,5.61759553,0.300334817
4290,4.29,5.62886804,0.301099437
4300,4.3,5.64006445,0.301882161
4310,4.31,5.65151468,0.302637301
4320,4.32,5.66277929,0.3033859
4330,4.33,5.67421433,0.30409609
4340,4.34,5.68601822,0.304821144
4350,4.35,5.69791081,0.305556685
4360,4.36,5.70952241,0.306275172
4370,4.37,5.72125033,0.307033327
4380,4.38,5.73279911,0.307823043
4390,4.39,5.74418638,0.308632
4400,4.4,5.7556736,0.309373118
4410,4.41,5.76712573,0.310103431
4420,4.42,5.7784322,0.310894781
4430,4.43,5.78984423,0.311714407
4440,4.44,5.80139967,0.312521953
4450,4.45,5.8130038,0.313346958
4460,4.46,5.82458361,0.314240624
4470,4.47,5.83622873,0.315144511
4480,4.48,5.84801121,0.31612156
4490,4.49,5.85991101,0.317063164
4500,4.5,5.87163373,0.317943619
4510,4.51,5.8832721,0.318806229
4520,4.52,5.89497505,0.319665398
4530,4.53,5.90682586,0.32053993
4540,4.54,5.91848403,0.321427283
4550,4.55,5.92980928,0.322291254
4560,4.56,5.94140331,0.323186932
4570,4.57,5.95285159,0.32406469
4580,4.58,5.96401182,0.324920115
4590,4.59,5.97519134,0.325729015
4600,4.6,5.98620725,0.326608204
4610,4.61,5.99713338,0.327498102
4620,4.62,6.00811205,0.328369352
4630,4.63,6.01933884,0.329266818
4640,4.64,6.03041326,0.3301118
4650,4.65,6.0415536,0.330950595
4660,4.66,6.05282854,0.331839989
4670,4.67,6.06397393,0.332696841
4680,4.68,6.07492777,0.333574351
4690,4.69,6.08611174,0.334550584
4700,4.7,6.09738625,0.335501728
4710,4.71,6.10869398,0.336489345
4720,4.72,6.12033235,0.337465988
4730,4.73,6.13210003,0.33839903
4740,4.74,6.14380334,0.339323001
4750,4.75,6.15520267,0.340265011
4760,4.76,6.16674161,0.341179188
4770,4.77,6.17819477,0.342031454
4780,4.78,6.18950351,0.342856303
4790,4.79,6.20091263,0.343661875
4800,4.8,6.21242434,0.344466082
4810,4.81,6.22398619,0.345312309
4820,4.82,6.2354641,0.346115708
4830,4.83,6.24718294,0.346947624
4840,4.84,6.25877522,0.347792207
4850,4.85,6.27035548,0.348625802
4860,4.86,6.28187138,0.349461722
4870,4.87,6.29329879,0.350284002
4880,4.88,6.30489766,0.351063558
4890,4.89,6.31652132,0.351799084
4900,4.9,6.32804826,0.352617747
4910,4.91,6.33948389,0.353381482
4920,4.92,6.35074928,0.354214121
4930,4.93,6.36203867,0.355020333
4940,4.94,6.37335248,0.355812845
4950,4.95,6.38488158,0.356618746
4960,4.96,6.39640423,0.357379023
4970,4.97,6.40775782,0.358118249
4980,4.98,6.41934896,0.358881603
4990,4.99,6.43088987,0.359638821
5000,5,6.44247012,0.360391897
5010,5.01,6.45404296,0.361139497
5020,5.02,6.4655367,0.361884811
5030,5.03,6.47706451,0.362606062
5040,5.04,6.48850687,0.36333803
5050,5.05,6.49974142,0.364077633
5060,5.06,6.5108713,0.364779203
5070,5.07,6.5222368,0.365472671
5080,5.08,6.53351499,0.366147389
5090,5.09,6.54454655,0.366842131
5100,5.1,6.55528828,0.367509053
5110,5.11,6.56601712,0.368166273
5120,5.12,6.5767966,0.368854409
5130,5.13,6.5877289,0.369576355
5140,5.14,6.59843244,0.370238006
5150,5.15,6.60932837,0.370918088
5160,5.16,6.61994355,0.371601609
5170,5.17,6.63046599,0.372204071
5180,5.18,6.64141682,0.372808704
5190,5.19,6.65260434,0.37341887
5200,5.2,6.66348777,0.373994518
5210,5.21,6.67445515,0.374605532
5220,5.22,6.6852285,0.37517934
5230,5.23,6.69598331,0.375691644
5240,5.24,6.70676298,0.376181361
5250,5.25,6.71751922,0.376683122
5260,5.26,6.72823595,0.377137749
5270,5.27,6.73938108,0.37767117
5280,5.28,6.7505799,0.378172485
5290,5.29,6.76185745,0.378686945
5300,5.3,6.77315974,0.379186759
5310,5.31,6.78453312,0.379715992
5320,5.32,6.79575447,0.380284377
5330,5.33,6.80701811,0.380846097
5340,5.34,6.81811069,0.381421575
5350,5.35,6.82909076,0.381944903
5360,5.36,6.83990164,0.382539697
5370,5.37,6.85078347,0.383129511
5380,5.38,6.8616412,0.383730846
5390,5.39,6.87241163,0.384264827
5400,5.4,6.88336564,0.384767939
5410,5.41,6.89414295,0.385239199
5420,5.42,6.90459228,0.385751256
5430,5.43,6.91510977,0.386253963
5440,5.44,6.92566807,0.38678334
5450,5.45,6.93621054,0.38735229
5460,5.46,6.94713621,0.387891605
5470,5.47,6.95801992,0.388403266
5480,5.48,6.96894175,0.388934085
5490,5.49,6.98013426,0.389431641
5500,5.5,6.99115207,0.389908817
5510,5.51,7.00241046,0.390385717
5520,5.52,7.01388288,0.390819849
5530,5.53,7.02527789,0.391294412
5540,5.54,7.03677586,0.391790054
5550,5.55,7.04811602,0.392274618
5560,5.56,7.05975609,0.392791503
5570,5.57,7.07131869,0.393292778
5580,5.58,7.08286011,0.393763005
5590,5.59,7.09424827,0.394287563
5600,5.6,7.10561623,0.39478984
5610,5.61,7.11713395,0.395317203
5620,5.62,7.12865607,0.395791976
5630,5.63,7.14002154,0.396264003
5640,5.64,7.15151207,0.396766722
5650,5.65,7.16286402,0.397283477
5660,5.66,7.17435798,0.397735131
5670,5.67,7.18601601,0.398206831
5680,5.68,7.19744973,0.398670285
5690,5.69,7.20881302,0.399170457
5700,5.7,7.21997086,0.399608036
5710,5.71,7.23138833,0.400029336
5720,5.72,7.24260857,0.400487958
5730,5.73,7.25348704,0.400914514
5740,5.74,7.26447424,0.40135255
5750,5.75,7.27567475,0.401830259
5760,5.76,7.28668461,0.40234458
5770,5.77,7.29762509,0.4028177
5780,5.78,7.30849854,0.403239017
5790,5.79,7.31927108,0.403689378
5800,5.8,7.33002945,0.404098759
5810,5.81,7.34107509,0.404555874
5820,5.82,7.35214639,0.405043085
5830,5.83,7.36333762,0.405463484
5840,5.84,7.37452499,0.405871193
5850,5.85,7.38564719,0.406299273
5860,5.86,7.39706555,0.406659489
5870,5.87,7.40822152,0.407035047
5880,5.88,7.41917874,0.407402221
5890,5.89,7.43026455,0.407766756
5900,5.9,7.44123158,0.408155031
5910,5.91,7.45214616,0.408596532
5920,5.92,7.46308642,0.408974738
5930,5.93,7.47431118,0.409447814
5940,5.94,7.48540398,0.409866329
5950,5.95,7.49667842,0.410319724
5960,5.96,7.5076766,0.410739481
5970,5.97,7.51872469,0.411205023
5980,5.98,7.53003143,0.41163499
5990,5.99,7.54108069,0.412069708
6000,6,7.552122,0.412505091
6010,6.01,7.56333296,0.412911066
6020,6.02,7.57462548,0.413344883
6030,6.03,7.58565975,0.41379065
6040,6.04,7.59678174,0.414265854
6050,6.05,7.60770424,0.414725717
6060,6.06,7.61864454,0.415084095
6070,6.07,7.62966791,0.415468879
6080,6.08,7.6406579,0.415816687
6090,6.09,7.65171702,0.416141576
6100,6.1,7.66294264,0.416450916
6110,6.11,7.67412628,0.416740304
6120,6.12,7.68500812,0.417044781
6130,6.13,7.69561152,0.417358881
6140,6.14,7.70628763,0.417717257
6150,6.15,7.7169781,0.418054403
6160,6.16,7.72784642,0.418376755
6170,6.17,7.73863209,0.418713064
6180,6.18,7.74908019,0.419014658
6190,6.19,7.75941169,0.419300351
6200,6.2,7.7698413,0.419672316
6210,6.21,7.78035887,0.419939511
6220,6.22,7.79097642,0.420290853
6230,6.23,7.80154669,0.420663712
6240,6.24,7.81208744,0.421056036
6250,6.25,7.82257379,0.421433234
6260,6.26,7.83306092,0.421847581
6270,6.27,7.84364895,0.422292024
6280,6.28,7.85424865,0.42272877
6290,6.29,7.86463488,0.42325382
6300,6.3,7.87485136,0.423772211
6310,6.31,7.88509449,0.42426573
6320,6.32,7.89563459,0.42480056
6330,6.33,7.9063703,0.425316163
6340,6.34,7.91716314,0.425845626
6350,6.35,7.92778247,0.426428141
6360,6.36,7.93833807,0.427009233
6370,6.37,7.94883494,0.427593729
6380,6.38,7.95968429,0.428190365
6390,6.39,7.970391,0.428777277
6400,6.4,7.9809125,0.429394799
6410,6.41,7.99151931,0.430050189
6420,6.42,8.00204893,0.4306838
6430,6.43,8.01257818,0.431348784
6440,6.44,8.02331251,0.432014382
6450,6.45,8.03383378,0.432769498
6460,6.46,8.04422715,0.433524324
6470,6.47,8.05485304,0.434237473
6480,6.48,8.06522843,0.435009974
6490,6.49,8.07561551,0.43573687
6500,6.5,8.08593409,0.436426801
6510,6.51,8.09612227,0.437099375
6520,6.52,8.1066987,0.437847909
6530,6.53,8.11748558,0.438499183
6540,6.54,8.12797403,0.439226271
6550,6.55,8.13862389,0.439955012
6560,6.56,8.14928929,0.44063334
6570,6.57,8.15960592,0.44136015
6580,6.58,8.17001038,0.442018199
6590,6.59,8.18020882,0.442724465
6600,6.6,8.19043985,0.443429187
6610,6.61,8.20056317,0.44412028
6620,6.62,8.21085709,0.444828826
6630,6.63,8.22121439,0.44556179
6640,6.64,8.23127996,0.446289798
6650,6.65,8.24148254,0.447011338
6660,6.66,8.25140516,0.447689163
6670,6.67,8.26163496,0.448418724
6680,6.68,8.27194317,0.449187645
6690,6.69,8.28224638,0.449890014
6700,6.7,8.29258917,0.450640451
6710,6.71,8.30288733,0.451407017
6720,6.72,8.31325414,0.452150919
6730,6.73,8.32350755,0.452839551
6740,6.74,8.33360051,0.453542921
6750,6.75,8.34372865,0.45423953
6760,6.76,8.35400433,0.454866954
6770,6.77,8.36441227,0.455476253
6780,6.78,8.37446975,0.456122885
6790,6.79,8.38453806,0.456721882
6800,6.8,8.39452057,0.457330668
6810,6.81,8.40466541,0.458026575
6820,6.82,8.41492162,0.458701621
6830,6.83,8.42502635,0.459393372
6840,6.84,8.43532787,0.46005088
6850,6.85,8.44565855,0.460709637
6860,6.86,8.45558616,0.461399606
6870,6.87,8.4657151,0.462081891
6880,6.88,8.47600473,0.462770009
6890,6.89,8.48592454,0.463396571
6900,6.9,8.49597208,0.464054528
6910,6.91,8.50608367,0.464706618
6920,6.92,8.51597801,0.465352708
6930,6.93,8.52591997,0.466041445
6940,6.94,8.5357924,0.466709762
6950,6.95,8.54564473,0.467363263
6960,6.96,8.55532382,0.468028644
6970,6.97,8.56515112,0.468648224
6980,6.98,8.57481914,0.469298426
6990,6.99,8.58440521,0.470030707
7000,7,8.59376097,0.470746961
7010,7.01,8.60342937,0.471481043
7020,7.02,8.61298037,0.472214657
7030,7.03,8.62233975,0.472980763
7040,7.04,8.6316208,0.473729609
7050,7.05,8.64078991,0.474403845
7060,7.06,8.65008642,0.475096287
7070,7.07,8.65932433,0.475734696
7080,7.08,8.6686624,0.476432071
7090,7.09,8.67796681,0.477051229
7100,7.1,8.68740295,0.477678915
7110,7.11,8.69680368,0.478296211
7120,7.12,8.7063182,0.478924298
7130,7.13,8.71596198,0.479547625
7140,7.14,8.72568928,0.480172618
7150,7.15,8.73533115,0.480795487
7160,7.16,8.74474747,0.48140496
7170,7.17,8.75414161,0.481993817
7180,7.18,8.76354921,0.482597538
7190,7.19,8.77324448,0.483209237
7200,7.2,8.78255863,0.483816264
7210,7.21,8.79178176,0.484421797
7220,7.22,8.80115377,0.485049703
7230,7.23,8.81047504,0.48568457
7240,7.24,8.81970338,0.48626723
7250,7.25,8.82945311,0.486858172
7260,7.26,8.83902713,0.487398799
7270,7.27,8.84861423,0.487945641
7280,7.28,8.85830394,0.488545255
7290,7.29,8.86791013,0.489133829
7300,7.3,8.87757691,0.489736982
7310,7.31,8.88719835,0.490328555
7320,7.32,8.89690692,0.490923886
7330,7.33,8.90654455,0.491576553
7340,7.34,8.91633542,0.492207913
7350,7.35,8.92600594,0.492876148
7360,7.36,8.93545898,0.49357706
7370,7.37,8.94476614,0.494250755
7380,7.38,8.95425666,0.494908896
7390,7.39,8.96374406,0.495648872
7400,7.4,8.97331602,0.496304769
7410,7.41,8.98302239,0.496909819
7420,7.42,8.99258095,0.497553359
7430,7.43,9.00227936,0.498132705
7440,7.44,9.01204232,0.498668461
7450,7.45,9.02172238,0.499182714
7460,7.46,9.03137632,0.499656891
7470,7.47,9.04129639,0.50016253
7480,7.48,9.05119419,0.500716737
7490,7.49,9.06086314,0.501244483
7500,7.5,9.07045321,0.501807595
7510,7.51,9.08014452,0.502344592
7520,7.52,9.08974169,0.502908837
7530,7.53,9.09937136,0.503367873
7540,7.54,9.10914097,0.503826283
7550,7.55,9.11883521,0.504336842
7560,7.56,9.12857632,0.504820675
7570,7.57,9.13817166,0.505273412
7580,7.58,9.1477723,0.505778437
7590,7.59,9.15754542,0.506272727
7600,7.6,9.16733744,0.506748495
7610,7.61,9.17717332,0.507236866
7620,7.62,9.1872488,0.507771179
7630,7.63,9.19705139,0.50828319
7640,7.64,9.20711745,0.508837216
7650,7.65,9.21707298,0.509411165
7660,7.66,9.227134,0.510049286
7670,7.67,9.23705132,0.510647725
7680,7.68,9.2469051,0.511221335
7690,7.69,9.25686864,0.511821092
7700,7.7,9.26685509,0.512447198
7710,7.71,9.27664375,0.513087699
7720,7.72,9.28628245,0.513680047
7730,7.73,9.29565652,0.514251613
7740,7.74,9.30480762,0.514828168
7750,7.75,9.3140685,0.515452478
7760,7.76,9.32321406,0.516111545
7770,7.77,9.33234529,0.516846867
7780,7.78,9.34158968,0.517524629
7790,7.79,9.35086407,0.518213188
7800,7.8,9.36029209,0.518874612
7810,7.81,9.36960058,0.519611495
7820,7.82,9.37883191,0.52029818
7830,7.83,9.3880832,0.521043801
7840,7.84,9.39738298,0.521805446
7850,7.85,9.40695553,0.522530559
7860,7.86,9.41615068,0.523286506
7870,7.87,9.42526819,0.523963576
7880,7.88,9.43451457,0.524700636
7890,7.89,9.44375958,0.52541226
7900,7.9,9.45325992,0.526110434
7910,7.91,9.46236751,0.526821972
7920,7.92,9.47138135,0.527543494
7930,7.93,9.48063662,0.528204153
7940,7.94,9.48959708,0.52890198
7950,7.95,9.49859425,0.529647478
7960,7.96,9.50759521,0.530394237
7970,7.97,9.51628465,0.531120345
7980,7.98,9.52506483,0.531911828
7990,7.99,9.53400637,0.532738741
8000,8,9.54327259,0.533604926
8010,8.01,9.55254818,0.534383706
8020,8.02,9.56184946,0.535119416
8030,8.03,9.57109809,0.535864334
8040,8.04,9.58043067,0.536609769
8050,8.05,9.58969407,0.53733981
8060,8.06,9.59903539,0.538103402
8070,8.07,9.60809665,0.538743176
8080,8.08,9.61702614,0.539407517
8090,8.09,9.62602552,0.540049317
8100,8.1,9.63491487,0.540669796
8110,8.11,9.64367987,0.541343186
8120,8.12,9.65225436,0.542002935
8130,8.13,9.66064718,0.542679664
8140,8.14,9.66899363,0.543369407
8150,8.15,9.67751307,0.544077663
8160,8.16,9.68599269,0.544774508
8170,8.17,9.69463848,0.545492757
8180,8.18,9.70326947,0.546236613
8190,8.19,9.71214505,0.546993247
8200,8.2,9.72096219,0.547719286
8210,8.21,9.7297821,0.548468869
8220,8.22,9.73847529,0.549238774
8230,8.23,9.74713275,0.549947678
8240,8.24,9.75582626,0.550677861
8250,8.25,9.76453027,0.551422302
8260,8.26,9.77344082,0.552161929
8270,8.27,9.78219615,0.552921521
8280,8.28,9.79098834,0.553691083
8290,8.29,9.80010132,0.554417951
8300,8.3,9.8092309,0.555164821
8310,8.31,9.81831456,0.555875603
8320,8.32,9.82743703,0.556630762
8330,8.33,9.83624363,0.557386051
8340,8.34,9.84484917,0.558120702
8350,8.35,9.85333799,0.558801304
8360,8.36,9.86193461,0.559477795
8370,8.37,9.87061169,0.560173065
8380,8.38,9.8792221,0.560838347
8390,8.39,9.88767987,0.5614851
8400,8.4,9.89623301,0.562152108
8410,8.41,9.90507556,0.562863461
8420,8.42,9.91370266,0.563572143
8430,8.43,9.92237305,0.564274591
8440,8.44,9.93094457,0.56499839
8450,8.45,9.93938522,0.565680206
8460,8.46,9.94811647,0.566351018
8470,8.47,9.95658,0.566981323
8480,8.48,9.96505379,0.567613575
8490,8.49,9.97336282,0.5682611
8500,8.5,9.98204666,0.56888977
8510,8.51,9.99086524,0.569607536
8520,8.52,9.99956178,0.57024505
8530,8.53,10.008605,0.570908879
8540,8.54,10.0176693,0.571555712
8550,8.55,10.0266034,0.572238338
8560,8.56,10.0355867,0.572913061
8570,8.57,10.0447044,0.573575084
8580,8.58,10.053696,0.574233795
8590,8.59,10.0630441,0.574940376
8600,8.6,10.0720576,0.575616729
8610,8.61,10.0811278,0.576260828
8620,8.62,10.0897717,0.576897759
8630,8.63,10.0986146,0.577565194
8640,8.64,10.1073349,0.578223935
8650,8.65,10.116063,0.578860428
8660,8.66,10.1246343,0.579466487
8670,8.67,10.133186,0.58009705
8680,8.68,10.1415793,0.580686035
8690,8.69,10.1498359,0.581305598
8700,8.7,10.1581674,0.581949744
8710,8.71,10.1667903,0.582504256
8720,8.72,10.1753448,0.583001955
8730,8.73,10.1840132,0.583598016
8740,8.74,10.1925464,0.584138869
8750,8.75,10.2012007,0.584693135
8760,8.76,10.2098303,0.585268726
8770,8.77,10.2183001,0.585854766
8780,8.78,10.2267082,0.586406427
8790,8.79,10.2350766,0.586881088
8800,8.8,10.2435183,0.587397542
8810,8.81,10.2519802,0.587908584
8820,8.82,10.2605833,0.588429063
8830,8.83,10.2689425,0.588941198
8840,8.84,10.27732,0.589520995
8850,8.85,10.2858825,0.590091009
8860,8.86,10.2941756,0.590609123
8870,8.87,10.3021119,0.591112712
8880,8.88,10.3100373,0.59163406
8890,8.89,10.3178861,0.592232564
8900,8.9,10.3257923,0.592804597
8910,8.91,10.3334858,0.593369264
8920,8.92,10.3412834,0.593883819
8930,8.93,10.3491906,0.59445795
8940,8.94,10.3570061,0.594958441
8950,8.95,10.3647902,0.595526126
8960,8.96,10.3723787,0.596037403
8970,8.97,10.3798405,0.596489253
8980,8.98,10.3873484,0.596921935
8990,8.99,10.3951302,0.597415786
9000,9,10.4031015,0.597892677
9010,9.01,10.4106913,0.59839025
9020,9.02,10.4183757,0.59887342
9030,9.03,10.4261309,0.599373926
9040,9.04,10.4340378,0.599868508
9050,9.05,10.4420951,0.600293847
9060,9.06,10.4500757,0.600754861
9070,9.07,10.4580502,0.601165972
9080,9.08,10.4661103,0.601658684
9090,9.09,10.4741467,0.602160188
9100,9.1,10.4820945,0.602755425
9110,9.11,10.4898933,0.603331409
9120,9.12,10.4974943,0.60389021
9130,9.13,10.5052154,0.604470389
9140,9.14,10.5131375,0.60505608
9150,9.15,10.5209504,0.60566746
9160,9.16,10.5286002,0.606248307
9170,9.17,10.5364829,0.606834599
9180,9.18,10.5443907,0.607390231
9190,9.19,10.5519512,0.607996683
9200,9.2,10.5596785,0.608666032
9210,9.21,10.5675557,0.60922413
9220,9.22,10.5756343,0.609745141
9230,9.23,10.5840651,0.610248097
9240,9.24,10.5923769,0.610766236
9250,9.25,10.6008427,0.611264494
9260,9.26,10.6096446,0.611796092
9270,9.27,10.618526,0.612292637
9280,9.28,10.6275534,0.612858072
9290,9.29,10.6365172,0.613419787
9300,9.3,10.645481,0.613961595
9310,9.31,10.654326,0.614502152
9320,9.32,10.6633242,0.615066207
9330,9.33,10.6722267,0.61565364
9340,9.34,10.68094,0.616247786
9350,9.35,10.689442,0.616799832
9360,9.36,10.6981994,0.61738775
9370,9.37,10.7065199,0.617968743
9380,9.38,10.7151799,0.618507464
9390,9.39,10.7237737,0.619044248
9400,9.4,10.7322078,0.619594989
9410,9.41,10.7408451,0.620133389
9420,9.42,10.749391,0.620654471
9430,9.43,10.7578424,0.621190922
9440,9.44,10.7663354,0.621728738
9450,9.45,10.7749513,0.62225451
9460,9.46,10.7837262,0.622828187
9470,9.47,10.7925025,0.623449044
9480,9.48,10.8012581,0.624129445
9490,9.49,10.8096543,0.624733379
9500,9.5,10.8180905,0.625315485
9510,9.51,10.8266891,0.625928138
9520,9.52,10.835188,0.626518825
9530,9.53,10.8433519,0.627081525
9540,9.54,10.8515195,0.627617715
9550,9.55,10.8596882,0.628195169
9560,9.56,10.8676506,0.628781312
9570,9.57,10.8754383,0.629310778
9580,9.58,10.8835207,0.629882207
9590,9.59,10.8914855,0.630406061
9600,9.6,10.8994136,0.630911648
9610,9.61,10.9074492,0.631402049
9620,9.62,10.9154227,0.631929896
9630,9.63,10.9233601,0.632433625
9640,9.64,10.9310956,0.632983022
9650,9.65,10.9386735,0.633517544
9660,9.66,10.9463351,0.634042861
9670,9.67,10.9537873,0.634551412
9680,9.68,10.9614214,0.635061166
9690,9.69,10.9689862,0.635533945
9700,9.7,10.976547,0.63602747
9710,9.71,10.9841473,0.636519066
9720,9.72,10.9916634,0.637001302
9730,9.73,10.9992631,0.637437636
9740,9.74,11.0069308,0.637945344
9750,9.75,11.0144101,0.638426942
9760,9.76,11.0216218,0.638932706
9770,9.77,11.028839,0.639421602
9780,9.78,11.0358412,0.639935445
9790,9.79,11.0428275,0.640406015
9800,9.8,11.0496552,0.640903827
9810,9.81,11.056506,0.641421625
9820,9.82,11.0631887,0.641923637
9830,9.83,11.0699728,0.642430079
9840,9.84,11.0765901,0.642886188
9850,9.85,11.0832204,0.64336593
9860,9.86,11.0897523,0.643859637
9870,9.87,11.0957887,0.644311399
9880,9.88,11.1023088,0.644785316
9890,9.89,11.1087755,0.645282228
9900,9.9,11.1154445,0.645746653
9910,9.91,11.1222548,0.646231403
9920,9.92,11.129011,0.646734908
9930,9.93,11.1356439,0.647126175
9940,9.94,11.1422608,0.647560943
9950,9.95,11.1488392,0.647971831
9960,9.96,11.1554862,0.648422095
9970,9.97,11.162229,0.648957839
9980,9.98,11.1690514,0.649469966
9990,9.99,11.1758882,0.649964574
10000,10,11.1827749,0.650492382
10010,10.01,11.1897059,0.65095687
10020,10.02,11.1966607,0.651432647
10030,10.03,11.2033681,0.651923939
10040,10.04,11.2102634,0.652411813
10050,10.05,11.2173965,0.652953005
10060,10.06,11.224047,0.653475099
10070,10.07,11.2307686,0.654025449
10080,10.08,11.2376495,0.654599517
10090,10.09,11.244622,0.655168784
10100,10.1,11.2514405,0.655777536
10110,10.11,11.2585648,0.656419663
10120,10.12,11.2657675,0.65702178
10130,10.13,11.2726338,0.657651013
10140,10.14,11.2796242,0.658286988
10150,10.15,11.2864185,0.658940847
10160,10.16,11.293267,0.659566526
10170,10.17,11.2999758,0.660207167
10180,10.18,11.3068415,0.660837328
10190,10.19,11.3135799,0.66145486
10200,10.2,11.32043,0.662098507
10210,10.21,11.327568,0.662776753
10220,10.22,11.334875,0.663409879
10230,10.23,11.3419251,0.664051492
10240,10.24,11.3490249,0.664679459
10250,10.25,11.3564855,0.665277919
10260,10.26,11.363835,0.665906456
10270,10.27,11.3711193,0.666478288
10280,10.28,11.3781935,0.667037258
10290,10.29,11.3851487,0.667621886
10300,10.3,11.3921217,0.668215599
10310,10.31,11.3991907,0.668809128
10320,10.32,11.4060332,0.669374277
10330,10.33,11.4127774,0.66995581
10340,10.34,11.4196561,0.670490052
10350,10.35,11.4264213,0.671102418
10360,10.36,11.4332378,0.671689459
10370,10.37,11.4401278,0.672221382
10380,10.38,11.4469628,0.672775385
10390,10.39,11.4537564,0.673323216
10400,10.4,11.4607705,0.673900778
10410,10.41,11.4675939,0.674397455
10420,10.42,11.4742841,0.674913072
10430,10.43,11.4808672,0.675501142
10440,10.44,11.4875468,0.676122401
10450,10.45,11.4941162,0.676728025
10460,10.46,11.5004552,0.677314436
10470,10.47,11.50627,0.67788795
10480,10.48,11.512268,0.67843499
10490,10.49,11.5183415,0.679013597
10500,10.5,11.524614,0.679600475
10510,10.51,11.5309442,0.680199284
10520,10.52,11.5376299,0.680806344
10530,10.53,11.5440393,0.681388389
10540,10.54,11.5507098,0.681950776
10550,10.55,11.5572961,0.682476713
10560,10.56,11.5637591,0.682975701
10570,10.57,11.5698197,0.683430004
10580,10.58,11.5762225,0.683922708
10590,10.59,11.5824462,0.684378888
10600,10.6,11.5887249,0.684861691
10610,10.61,11.5947562,0.685388221
10620,10.62,11.6004728,0.685922606
10630,10.63,11.6058766,0.686522236
10640,10.64,11.6112276,0.687054664
10650,10.65,11.6163252,0.687623283
10660,10.66,11.6213548,0.688158506
10670,10.67,11.6266348,0.688730173
10680,10.68,11.6317837,0.689280527
10690,10.69,11.6371831,0.689822672
10700,10.7,11.6421858,0.690378083
10710,10.71,11.6473437,0.69089587
10720,10.72,11.6526643,0.691396652
10730,10.73,11.6579798,0.691828989
10740,10.74,11.6632105,0.692260755
10750,10.75,11.6689116,0.692686065
10760,10.76,11.6746893,0.693151704
10770,10.77,11.6804389,0.693576617
10780,10.78,11.6861983,0.694040286
10790,10.79,11.6921112,0.694559979
10800,10.8,11.698384,0.695092093
10810,10.81,11.7049274,0.695650856
10820,10.82,11.7113081,0.696168112
10830,10.83,11.7176928,0.696672233
10840,10.84,11.7241549,0.697202402
10850,10.85,11.7308165,0.697711525
10860,10.86,11.7379734,0.698181267
10870,10.87,11.7447568,0.698647642
10880,10.88,11.7518345,0.699148758
10890,10.89,11.7590892,0.6996576
10900,10.9,11.766115,0.700163222
10910,10.91,11.7734004,0.700660238
10920,10.92,11.7809505,0.701266028
10930,10.93,11.7879806,0.701797495
10940,10.94,11.7949492,0.702332285
10950,10.95,11.8021743,0.702856743
10960,10.96,11.8092017,0.703429878
10970,10.97,11.816067,0.704098866
10980,10.98,11.8231416,0.704796816
10990,10.99,11.8300741,0.705438977
11000,11,11.8373385,0.706042294
11010,11.01,11.8443142,0.706631933
11020,11.02,11.8513059,0.707290402
11030,11.03,11.8582692,0.707964046
11040,11.04,11.8653873,0.70860505
11050,11.05,11.8724666,0.709273364
11060,11.06,11.8794607,0.710000453
11070,11.07,11.8866952,0.710661102
11080,11.08,11.8937775,0.711298933
11090,11.09,11.9007577,0.711916897
11100,11.1,11.9076969,0.712578949
11110,11.11,11.9145513,0.713216865
11120,11.12,11.9212301,0.713883166
11130,11.13,11.9281584,0.714535609
11140,11.14,11.9352219,0.715149368
11150,11.15,11.9423816,0.715769899
11160,11.16,11.9494843,0.716436628
11170,11.17,11.956246,0.717071549
11180,11.18,11.9630134,0.717705486
11190,11.19,11.9697978,0.718261967
11200,11.2,11.9766454,0.718815267
11210,11.21,11.983584,0.719424598
11220,11.22,11.9905792,0.719997924
11230,11.23,11.9975246,0.720533186
11240,11.24,12.0046277,0.721109052
11250,11.25,12.0117542,0.721714044
11260,11.26,12.0188762,0.722347901
11270,11.27,12.0258662,0.722983145
11280,11.28,12.0330223,0.723604351
11290,11.29,12.0403422,0.724190697
11300,11.3,12.0473474,0.724821008
11310,11.31,12.0542092,0.725438189
11320,11.32,12.0609258,0.726078134
11330,11.33,12.0679567,0.7266603
11340,11.34,12.0749044,0.727297952
11350,11.35,12.0819361,0.727917187
11360,11.36,12.0889694,0.728579258
11370,11.37,12.095974,0.729243576
11380,11.38,12.1031454,0.729927923
11390,11.39,12.1101465,0.730664054
11400,11.4,12.1169498,0.731371991
11410,11.41,12.1238972,0.73194036
11420,11.42,12.1306621,0.732509095
11430,11.43,12.1375719,0.733005824
11440,11.44,12.144356,0.733574083
11450,11.45,12.1512879,0.734118878
11460,11.46,12.157917,0.734699656
11470,11.47,12.1645124,0.735229199
11480,11.48,12.1712868,0.735701045
11490,11.49,12.1779622,0.736181531
11500,11.5,12.1849166,0.736684209
11510,11.51,12.1918936,0.737162616
11520,11.52,12.1991443,0.737648149
11530,11.53,12.2065226,0.738034474
11540,11.54,12.2136181,0.738422978
11550,11.55,12.2208059,0.738876011
11560,11.56,12.2280038,0.739305825
11570,11.57,12.2352491,0.739775517
11580,11.58,12.2426048,0.74023584
11590,11.59,12.2499919,0.74071906
11600,11.6,12.2575858,0.741152803
11610,11.61,12.2651839,0.741632234
11620,11.62,12.2726439,0.742163746
11630,11.63,12.2804088,0.742713261
11640,11.64,12.2885774,0.74326484
11650,11.65,12.2967017,0.743800916
11660,11.66,12.3045917,0.74429852
11670,11.67,12.3126265,0.744920234
11680,11.68,12.3201848,0.745482287
11690,11.69,12.3277424,0.746000954
11700,11.7,12.3354361,0.746555446
11710,11.71,12.3431165,0.747142399
11720,11.72,12.3508005,0.747698442
11730,11.73,12.3582166,0.748231523
11740,11.74,12.3656144,0.748827823
11750,11.75,12.3725683,0.74937271
11760,11.76,12.3798024,0.749860453
11770,11.77,12.387128,0.750306794
11780,11.78,12.3946421,0.750768685
11790,11.79,12.401851,0.751242635
11800,11.8,12.4091644,0.751745153
11810,11.81,12.4165587,0.752231443
11820,11.82,12.4241289,0.752700927
11830,11.83,12.4318869,0.753164733
11840,11.84,12.4395857,0.753617208
11850,11.85,12.4472207,0.754047982
11860,11.86,12.4549369,0.754452626
11870,11.87,12.4629121,0.754897812
11880,11.88,12.4707369,0.755308411
11890,11.89,12.4785168,0.755632842
11900,11.9,12.4863799,0.75594477
11910,11.91,12.4942365,0.756273191
11920,11.92,12.5025579,0.756639878
11930,11.93,12.5108103,0.757002144
11940,11.94,12.5189604,0.757398227
11950,11.95,12.5267245,0.757795516
11960,11.96,12.5344883,0.758249972
11970,11.97,12.5421361,0.758664581
11980,11.98,12.5496401,0.759080075
11990,11.99,12.5573654,0.759534645
12000,12,12.5650618,0.760079552
12010,12.01,12.572893,0.760616511
12020,12.02,12.5806964,0.761124586
12030,12.03,12.588883,0.761612124
12040,12.04,12.5969052,0.762116236
12050,12.05,12.6050106,0.762554047
12060,12.06,12.6131034,0.762981796
12070,12.07,12.6209872,0.763401318
12080,12.08,12.6290136,0.76380944
12090,12.09,12.6372436,0.76426603
12100,12.1,12.6452319,0.764762125
12110,12.11,12.6533343,0.765219245
12120,12.12,12.6614888,0.765685525
12130,12.13,12.6698353,0.766139367
12140,12.14,12.6786527,0.766603487
12150,12.15,12.6873928,0.767110944
12160,12.16,12.6963473,0.767653162
12170,12.17,12.7054437,0.768153251
12180,12.18,12.7145589,0.768644713
12190,12.19,12.7234675,0.769107051
12200,12.2,12.7323754,0.769557366
12210,12.21,12.741391,0.770058118
12220,12.22,12.7502757,0.770552062
12230,12.23,12.7591569,0.771040607
12240,12.24,12.7679776,0.771536566
12250,12.25,12.7766753,0.772017064
12260,12.26,12.7856033,0.772478094
12270,12.27,12.7947926,0.772944143
12280,12.28,12.803681,0.773386239
12290,12.29,12.8124453,0.773841887
12300,12.3,12.8212682,0.774310353
12310,12.31,12.8300859,0.774717517
12320,12.32,12.8392297,0.775140699
12330,12.33,12.8485318,0.775576994
12340,12.34,12.85792,0.77595879
12350,12.35,12.8674259,0.776357023
12360,12.36,12.8768602,0.776768268
12370,12.37,12.8866911,0.777153949
12380,12.38,12.8964451,0.777557949
12390,12.39,12.9062756,0.777952077
12400,12.4,12.9164594,0.778411049
12410,12.41,12.9266067,0.778842582
12420,12.42,12.9365675,0.779375986
12430,12.43,12.9465644,0.779880979
12440,12.44,12.9566233,0.780387567
12450,12.45,12.9667332,0.780937897
12460,12.46,12.9767575,0.78150512
12470,12.47,12.9866295,0.782050199
12480,12.48,12.9964053,0.782596869
12490,12.49,13.0061509,0.78309413
12500,12.5,13.015705,0.783620169
12510,12.51,13.0250179,0.784149479
12520,12.52,13.0342386,0.78467596
12530,12.53,13.0436117,0.785123307
12540,12.54,13.052998,0.785569842
12550,12.55,13.0624842,0.785974747
12560,12.56,13.072095,0.786397086
12570,12.57,13.0820647,0.786847071
12580,12.58,13.0923163,0.787309629
12590,12.59,13.1026116,0.78780174
12600,12.6,13.1130605,0.788300483
12610,12.61,13.1231536,0.788833569
12620,12.62,13.1334785,0.789344586
12630,12.63,13.1436047,0.789845738
12640,12.64,13.1537878,0.790360346
12650,12.65,13.164011,0.790894966
12660,12.66,13.1741686,0.791467506
12670,12.67,13.1842382,0.792057209
12680,12.68,13.1943846,0.792558179
12690,12.69,13.2045002,0.793094419
12700,12.7,13.2142847,0.793600544
12710,12.71,13.2240307,0.794169232
12720,12.72,13.2340781,0.794727489
12730,12.73,13.2442443,0.795301695
12740,12.74,13.2543709,0.795907444
12750,12.75,13.2647116,0.796538048
12760,12.76,13.2748712,0.79716201
12770,12.77,13.2852412,0.797793422
12780,12.78,13.295264,0.798422814
12790,12.79,13.3055676,0.798986716
12800,12.8,13.315926,0.799604849
12810,12.81,13.3263709,0.800249779
12820,12.82,13.3367458,0.800863184
12830,12.83,13.3471388,0.801474486
12840,12.84,13.3577442,0.802069013
12850,12.85,13.3681855,0.802633794
12860,12.86,13.3786435,0.803205947
12870,12.87,13.3890799,0.803780153
12880,12.88,13.3994395,0.804392159
12890,12.89,13.4096086,0.804968926
12900,12.9,13.419791,0.80556622
12910,12.91,13.430243,0.806088863
12920,12.92,13.4405321,0.806715135
12930,12.93,13.4504259,0.807347454
12940,12.94,13.4604494,0.807990714
12950,12.95,13.4702619,0.808604426
12960,12.96,13.4798976,0.809189633
12970,12.97,13.4896726,0.809831231
12980,12.98,13.4990564,0.810460629
12990,12.99,13.5084914,0.811070211
13000,13,13.5180138,0.811593983
13010,13.01,13.5276828,0.812120576
13020,13.02,13.5370999,0.812636356
13030,13.03,13.5465001,0.813129993
13040,13.04,13.5559737,0.813598901
13050,13.05,13.5654172,0.814106749
13060,13.06,13.5749063,0.814605647
13070,13.07,13.5842757,0.815177636
13080,13.08,13.5937778,0.815698144
13090,13.09,13.6033442,0.816161928
13100,13.1,13.6129288,0.81659154
13110,13.11,13.6225642,0.817049763
13120,13.12,13.6320222,0.817444988
13130,13.13,13.6415286,0.817810274
13140,13.14,13.6514488,0.818143029
13150,13.15,13.6608176,0.81849665
13160,13.16,13.6703236,0.818820564
13170,13.17,13.6800186,0.819103149
13180,13.18,13.6897006,0.819422381
13190,13.19,13.6991999,0.819720043
13200,13.2,13.7088315,0.819973078
13210,13.21,13.718275,0.820229828
13220,13.22,13.7277229,0.820550207
13230,13.23,13.7371701,0.820854211
13240,13.24,13.746464,0.821191148
13250,13.25,13.7557726,0.82150454
13260,13.26,13.7652338,0.82187716
13270,13.27,13.7746104,0.822194988
13280,13.28,13.7840618,0.822501367
13290,13.29,13.7936664,0.822865366
13300,13.3,13.8034964,0.823173682
13310,13.31,13.8133911,0.82346306
13320,13.32,13.8232599,0.823733733
13330,13.33,13.8333532,0.823990965
13340,13.34,13.8434308,0.824270915
13350,13.35,13.8534374,0.824496102
13360,13.36,13.8637634,0.824663897
13370,13.37,13.8738278,0.824878444
13380,13.38,13.8841756,0.825119235
13390,13.39,13.8943897,0.825304293
13400,13.4,13.9046834,0.825468983
13410,13.41,13.9148942,0.825620379
13420,13.42,13.9252825,0.825802277
13430,13.43,13.9353109,0.825973059
13440,13.44,13.945613,0.826142266
13450,13.45,13.9556946,0.826369296
13460,13.46,13.9657615,0.826615955
13470,13.47,13.9762301,0.826816671
13480,13.48,13.9864248,0.827008038
13490,13.49,13.9964225,0.827265551
13500,13.5,14.0067827,0.827443828
13510,13.51,14.0170209,0.827637508
13520,13.52,14.0274512,0.827836693
13530,13.53,14.0378354,0.8280957
13540,13.54,14.0481781,0.828366528
13550,13.55,14.0586228,0.828635493
13560,13.56,14.0689877,0.828880578
13570,13.57,14.0791409,0.829098086
13580,13.58,14.0896395,0.829301032
13590,13.59,14.0999436,0.829472388
13600,13.6,14.1103854,0.82957771
13610,13.61,14.1204916,0.829694072
13620,13.62,14.1307664,0.829800407
13630,13.63,14.1412157,0.829855831
13640,13.64,14.1517046,0.829880021
13650,13.65,14.1620946,0.829829624
13660,13.66,14.1725421,0.829788977
13670,13.67,14.1828726,0.829725846
13680,13.68,14.1932794,0.829688847
13690,13.69,14.2036924,0.829683743
13700,13.7,14.2141426,0.829749113
13710,13.71,14.2244751,0.829787905
13720,13.72,14.2348222,0.829839131
13730,13.73,14.2454557,0.82990244
13740,13.74,14.2560016,0.829930552
13750,13.75,14.2665179,0.829985064
13760,13.76,14.2767727,0.830064867
13770,13.77,14.2873429,0.830137734
13780,13.78,14.2979538,0.830187943
13790,13.79,14.3085961,0.830273392
13800,13.8,14.3192841,0.830347993
13810,13.81,14.3301007,0.830430637
13820,13.82,14.3410363,0.83043608
13830,13.83,14.351902,0.830493805
13840,13.84,14.3628939,0.830565729
13850,13.85,14.3739579,0.830557676
13860,13.86,14.3850008,0.830568145
13870,13.87,14.395833,0.830606776
13880,13.88,14.4066348,0.830611414
13890,13.89,14.4176727,0.830616707
13900,13.9,14.4287183,0.830624547
13910,13.91,14.4396312,0.830612982
13920,13.92,14.4507935,0.830556164
13930,13.93,14.461796,0.830485095
13940,13.94,14.4726634,0.830472254
13950,13.95,14.4833422,0.830466929
13960,13.96,14.4941034,0.830398839
13970,13.97,14.504856,0.830300221
13980,13.98,14.5158482,0.830209217
13990,13.99,14.5269708,0.830028
14000,14,14.5379368,0.829853271
14010,14.01,14.5491731,0.829704999
14020,14.02,14.5603082,0.829560082
14030,14.03,14.5713776,0.829475553
14040,14.04,14.5822708,0.829367543
14050,14.05,14.5930962,0.829293975
14060,14.06,14.60385,0.829246738
14070,14.07,14.6148178,0.82916897
14080,14.08,14.6259514,0.829120737
14090,14.09,14.6371452,0.829035826
14100,14.1,14.6482449,0.82893385
14110,14.11,14.659357,0.828857114
14120,14.12,14.6704994,0.828830086
14130,14.13,14.6819074,0.82874594
14140,14.14,14.6931933,0.828654288
14150,14.15,14.7045716,0.828580003
14160,14.16,14.7157656,0.828482211
14170,14.17,14.7271756,0.82841711
14180,14.18,14.7383584,0.828219098
14190,14.19,14.7497458,0.827999255
14200,14.2,14.7610937,0.827730606
14210,14.21,14.7722583,0.827478846
14220,14.22,14.7834496,0.827263567
14230,14.23,14.7943015,0.827005957
14240,14.24,14.80524,0.826743375
14250,14.25,14.8162807,0.826510054
14260,14.26,14.8272979,0.826304569
14270,14.27,14.8382626,0.826124691
14280,14.28,14.8489784,0.82588627
14290,14.29,14.8595463,0.825634094
14300,14.3,14.8704176,0.825279638
14310,14.31,14.8812682,0.824991656
14320,14.32,14.8920373,0.824688992
14330,14.33,14.9026916,0.824484988
14340,14.34,14.9133868,0.824252503
14350,14.35,14.924017,0.823982663
14360,14.36,14.9344072,0.823698445
14370,14.37,14.9446351,0.823373363
14380,14.38,14.9546085,0.823038898
14390,14.39,14.9644714,0.822715769
14400,14.4,14.9742322,0.822433612
14410,14.41,14.9839301,0.822156705
14420,14.42,14.9937491,0.821859098
14430,14.43,15.0031537,0.821620269
14440,14.44,15.0125429,0.82135012
14450,14.45,15.021771,0.821073329
14460,14.46,15.0311914,0.820807163
14470,14.47,15.0406667,0.820531547
14480,14.48,15.0502393,0.820295381
14490,14.49,15.059709,0.820075192
14500,14.5,15.0691436,0.819813875
14510,14.51,15.0790459,0.819589962
14520,14.52,15.0885497,0.819329929
14530,14.53,15.0980415,0.819021735
14540,14.54,15.1075824,0.818737109
14550,14.55,15.1175013,0.818463996
14560,14.56,15.127453,0.818220771
14570,14.57,15.1371924,0.81804128
14580,14.58,15.1469443,0.817826015
14590,14.59,15.1565216,0.81760415
14600,14.6,15.1659187,0.817434491
14610,14.61,15.1755475,0.817234871
14620,14.62,15.1850914,0.817054698
14630,14.63,15.1944858,0.816817501
14640,14.64,15.203717,0.816533795
14650,14.65,15.2130354,0.816347692
14660,14.66,15.2222152,0.816127282
14670,14.67,15.2313007,0.815884957
14680,14.68,15.2406979,0.815692297
14690,14.69,15.2499214,0.815544237
14700,14.7,15.2593554,0.815357622
14710,14.71,15.268915,0.815138156
14720,14.72,15.2784866,0.814923809
14730,14.73,15.2878889,0.814685817
14740,14.74,15.2974034,0.814466795
14750,14.75,15.3067537,0.814226063
14760,14.76,15.3159997,0.814031207
14770,14.77,15.3252061,0.813870034
14780,14.78,15.3345005,0.813697049
14790,14.79,15.3438818,0.813561903
14800,14.8,15.3531686,0.813384554
14810,14.81,15.3624559,0.813186099
14820,14.82,15.3718311,0.813024889
14830,14.83,15.3811349,0.812879026
14840,14.84,15.3903113,0.812753085
14850,14.85,15.399671,0.812659923
14860,14.86,15.4089104,0.812534424
14870,14.87,15.4182392,0.812370332
14880,14.88,15.4274968,0.812255054
14890,14.89,15.4366771,0.812192225
14900,14.9,15.4457668,0.812071896
14910,14.91,15.4549938,0.811970387
14920,14.92,15.4643635,0.811921648
14930,14.93,15.4737484,0.811857925
14940,14.94,15.4831523,0.811807474
14950,14.95,15.4924058,0.811734142
14960,14.96,15.5018328,0.811609886
14970,14.97,15.5110154,0.811526696
14980,14.98,15.5200233,0.811387835
14990,14.99,15.5289431,0.81121872
15000,15,15.5377321,0.81104482
15010,15.01,15.5463067,0.810857283
15020,15.02,15.5548657,0.810636704
15030,15.03,15.5635245,0.810433309
15040,15.04,15.571989,0.810329596
15050,15.05,15.580693,0.810178686
15060,15.06,15.5891292,0.810034581
15070,15.07,15.5978423,0.809853218
15080,15.08,15.6068323,0.809729352
15090,15.09,15.615659,0.809624043
15100,15.1,15.6243373,0.809540286
15110,15.11,15.633015,0.809485529
15120,15.12,15.6419921,0.809434238
15130,15.13,15.651392,0.809376177
15140,15.14,15.6605716,0.809293661
15150,15.15,15.6699799,0.809218911
15160,15.16,15.6791368,0.809172759
15170,15.17,15.6884861,0.809105224
15180,15.18,15.6979884,0.808997857
15190,15.19,15.7077197,0.808864715
15200,15.2,15.7172887,0.808726067
15210,15.21,15.7265056,0.808575738
15220,15.22,15.735846,0.808423334
15230,15.23,15.7452346,0.808241792
15240,15.24,15.7548253,0.808053386
15250,15.25,15.7643656,0.807851942
15260,15.26,15.7737373,0.807673409
15270,15.27,15.7827925,0.807469276
15280,15.28,15.7918331,0.807277899
15290,15.29,15.8006486,0.80714544
15300,15.3,15.8095634,0.806954633
15310,15.31,15.8186319,0.806748069
15320,15.32,15.8278335,0.806594675
15330,15.33,15.8368703,0.806520713
15340,15.34,15.8457474,0.806451074
15350,15.35,15.8548605,0.806412779
15360,15.36,15.8640318,0.806428155
15370,15.37,15.8729455,0.806407535
15380,15.38,15.8820611,0.806327911
15390,15.39,15.8912071,0.806285598
15400,15.4,15.9002778,0.806240156
15410,15.41,15.9092077,0.806150402
15420,15.42,15.9184778,0.806035215
15430,15.43,15.9278627,0.805931579
15440,15.44,15.937314,0.805801836
15450,15.45,15.946477,0.805744294
15460,15.46,15.95563,0.805698485
15470,15.47,15.9649679,0.805572143
15480,15.48,15.9739676,0.805514925
15490,15.49,15.9829312,0.80553426
15500,15.5,15.9919212,0.805500587
15510,15.51,16.0008169,0.805460439
15520,15.52,16.0096503,0.805414166
15530,15.53,16.0187837,0.805383889
15540,15.54,16.0281765,0.805359582
15550,15.55,16.037367,0.805391572
15560,15.56,16.0466334,0.805408547
15570,15.57,16.0560903,0.80546537
15580,15.58,16.0653883,0.80547258
15590,15.59,16.0746599,0.805512161
15600,15.6,16.0839461,0.805535094
15610,15.61,16.0928628,0.805491615
15620,15.62,16.1021091,0.805514542
15630,15.63,16.1110838,0.805540434
15640,15.64,16.1202683,0.805522381
15650,15.65,16.1293165,0.805544685
15660,15.66,16.1383813,0.805510879
15670,15.67,16.1473816,0.805485504
15680,15.68,16.1564777,0.805480335
15690,15.69,16.1652702,0.805411777
15700,15.7,16.1739223,0.805433753
15710,15.71,16.1825592,0.805412477
15720,15.72,16.1911814,0.805456957
15730,15.73,16.199822,0.805474293
15740,15.74,16.2084695,0.805485522
15750,15.75,16.2171523,0.805555916
15760,15.76,16.2259233,0.805562559
15770,15.77,16.2345396,0.805561246
15780,15.78,16.2432934,0.805597756
15790,15.79,16.2520525,0.805616556
15800,15.8,16.2609534,0.805670275
15810,15.81,16.2696999,0.805648852
15820,15.82,16.2785594,0.805613718
15830,15.83,16.2874783,0.805641281
15840,15.84,16.2964067,0.805693231
15850,15.85,16.305123,0.805692692
15860,15.86,16.3141029,0.805728631
15870,15.87,16.323306,0.805705814
15880,15.88,16.3322736,0.805662499
15890,15.89,16.3414351,0.80563837
15900,15.9,16.3502036,0.805589743
15910,15.91,16.3589457,0.805526766
15920,15.92,16.3680163,0.805483081
15930,15.93,16.3769028,0.805434937
15940,15.94,16.3855802,0.805449344
15950,15.95,16.3945825,0.805481244
15960,15.96,16.4033404,0.805446212
15970,15.97,16.4119425,0.805409473
15980,15.98,16.4205554,0.805420811
15990,15.99,16.4292919,0.80542897
16000,16,16.4380333,0.805428411
16010,16.01,16.4465634,0.805480704
16020,16.02,16.4551838,0.805462242
16030,16.03,16.4637003,0.805499516
16040,16.04,16.4722216,0.805534881
16050,16.05,16.4808096,0.805595797
16060,16.06,16.489463,0.805684509
16070,16.07,16.4980863,0.805770603
16080,16.08,16.5067491,0.805824866
16090,16.09,16.5154804,0.805903051
16100,16.1,16.5239919,0.805946511
16110,16.11,16.5324414,0.805976217
16120,16.12,16.5410374,0.805986532
16130,16.13,16.5493698,0.805987888
16140,16.14,16.557497,0.805986259
16150,16.15,16.5656659,0.805988545
16160,16.16,16.5740886,0.80601425
16170,16.17,16.582536,0.806078375
16180,16.18,16.590888,0.806140118
16190,16.19,16.5990216,0.806229196
16200,16.2,16.6069911,0.806313385
16210,16.21,16.6150581,0.80638779
16220,16.22,16.6231757,0.806493441
16230,16.23,16.6310118,0.806597709
16240,16.24,16.6388571,0.806668052
16250,16.25,16.6472487,0.806778763
16260,16.26,16.655265,0.806870137
16270,16.27,16.6634863,0.806948303
16280,16.28,16.6716027,0.807051608
16290,16.29,16.6794558,0.807163219
16300,16.3,16.6871269,0.80730171
16310,16.31,16.6947389,0.80741681
16320,16.32,16.7022587,0.807545126
16330,16.33,16.7099855,0.807703734
16340,16.34,16.7177888,0.807841689
16350,16.35,16.725632,0.807873388
16360,16.36,16.7334811,0.807918828
16370,16.37,16.7409605,0.807942465
16380,16.38,16.7483748,0.807909427
16390,16.39,16.7555377,0.807883984
16400,16.4,16.7624668,0.80786348
16410,16.41,16.7694528,0.807840018
16420,16.42,16.7766263,0.807739303
16430,16.43,16.7838222,0.807708517
16440,16.44,16.7908829,0.807676957
16450,16.45,16.7975616,0.807592698
16460,16.46,16.8044092,0.807500309
16470,16.47,16.8112559,0.807458384
16480,16.48,16.8180862,0.807469942
16490,16.49,16.8247939,0.807463721
16500,16.5,16.8315787,0.807461844
16510,16.51,16.8381252,0.807466348
16520,16.52,16.8445144,0.807435418
16530,16.53,16.8505393,0.80742822
16540,16.54,16.8567032,0.80743516
16550,16.55,16.8627907,0.807396255
16560,16.56,16.8689016,0.807449766
16570,16.57,16.8750137,0.807449176
16580,16.58,16.881139,0.807492333
16590,16.59,16.8873519,0.807503685
16600,16.6,16.8933258,0.807485768
16610,16.61,16.8994652,0.807481263
16620,16.62,16.9054258,0.807476823
16630,16.63,16.9115688,0.807521544
16640,16.64,16.9177841,0.807576419
16650,16.65,16.9239876,0.807600459
16660,16.66,16.9301441,0.807571089
16670,16.67,16.9363203,0.807534623
16680,16.68,16.9425742,0.807414292
16690,16.69,16.9487664,0.807320324
16700,16.7,16.9549391,0.807203731
16710,16.71,16.9610933,0.807016778
16720,16.72,16.9670711,0.806876899
16730,16.73,16.9727728,0.806668128
16740,16.74,16.9784521,0.80641913
16750,16.75,16.9842029,0.806215851
16760,16.76,16.9900028,0.806049342
16770,16.77,16.9954207,0.805860828
16780,16.78,17.0008253,0.805627822
16790,16.79,17.0063519,0.805425339
16800,16.8,17.0117619,0.805160426
16810,16.81,17.0171437,0.804917808
16820,16.82,17.0226334,0.80473343
16830,16.83,17.0281126,0.804512829
16840,16.84,17.033595,0.80427976
16850,16.85,17.0388311,0.804045428
16860,16.86,17.0441497,0.803880006
16870,16.87,17.0495598,0.803750485
16880,16.88,17.0549849,0.803543861
16890,16.89,17.0604966,0.803335576
16900,16.9,17.0660576,0.803167009
16910,16.91,17.0714805,0.803006917
16920,16.92,17.076969,0.802800402
16930,16.93,17.0826502,0.802578438
16940,16.94,17.0883788,0.802490963
16950,16.95,17.0938848,0.802354411
16960,16.96,17.0991131,0.802231426
16970,16.97,17.1042907,0.802091636
16980,16.98,17.1095219,0.801954789
16990,16.99,17.1147485,0.801830436
17000,17,17.120188,0.801634727
17010,17.01,17.1255991,0.801456799
17020,17.02,17.1311406,0.801315743
17030,17.03,17.1363695,0.801172862
17040,17.04,17.1416988,0.800975043
17050,17.05,17.1471884,0.800806754
17060,17.06,17.1528012,0.800701705
17070,17.07,17.158245,0.80063526
17080,17.08,17.1635924,0.800551905
17090,17.09,17.1688816,0.800400341
17100,17.1,17.1742493,0.800271526
17110,17.11,17.1793772,0.800165828
17120,17.12,17.1846328,0.800021633
17130,17.13,17.1897313,0.799831185
17140,17.14,17.1945972,0.799652157
17150,17.15,17.1993014,0.799452076
17160,17.16,17.2042701,0.79925826
17170,17.17,17.209433,0.799100666
17180,17.18,17.2145385,0.799015829
17190,17.19,17.2198384,0.798893196
17200,17.2,17.2250232,0.798780011
17210,17.21,17.2301838,0.798620717
17220,17.22,17.2354258,0.798483714
17230,17.23,17.2407213,0.798317164
17240,17.24,17.2460421,0.798149479
17250,17.25,17.2512478,0.798024638
17260,17.26,17.256235,0.797884837
17270,17.27,17.2613816,0.79772339
17280,17.28,17.2667477,0.79753345
17290,17.29,17.2720552,0.79738658
17300,17.3,17.2771897,0.797175547
17310,17.31,17.2821357,0.797035975
17320,17.32,17.2871009,0.796809169
17330,17.33,17.2920654,0.796558479
17340,17.34,17.2970128,0.796342051
17350,17.35,17.301903,0.796126655
17360,17.36,17.3064856,0.795911659
17370,17.37,17.311214,0.795674392
17380,17.38,17.3157837,0.795472182
17390,17.39,17.3203515,0.795291042
17400,17.4,17.3248766,0.795086949
17410,17.41,17.3297073,0.79486859
17420,17.42,17.3346857,0.79468136
17430,17.43,17.3396738,0.794473645
17440,17.44,17.3446686,0.794298263
17450,17.45,17.3494595,0.794103876
17460,17.46,17.3541905,0.79393855
17470,17.47,17.3591344,0.793789434
17480,17.48,17.3641907,0.79374558
17490,17.49,17.3691313,0.793623339
17500,17.5,17.3742107,0.793444105
17510,17.51,17.3790383,0.793295714
17520,17.52,17.3838094,0.793175275
17530,17.53,17.3886585,0.793052467
17540,17.54,17.3935043,0.792928345
17550,17.55,17.3982243,0.79279688
17560,17.56,17.4028763,0.792675252
17570,17.57,17.4072644,0.79259661
17580,17.58,17.4116278,0.792537457
17590,17.59,17.4159895,0.79248778
17600,17.6,17.4206419,0.792430807
17610,17.61,17.4257384,0.792358699
17620,17.62,17.4303029,0.79221818
17630,17.63,17.4349486,0.792052967
17640,17.64,17.4399766,0.791948888
17650,17.65,17.4450365,0.791867453
17660,17.66,17.4501744,0.791727631
17670,17.67,17.4552089,0.791549523
17680,17.68,17.4603288,0.791411579
17690,17.69,17.465724,0.791288809
17700,17.7,17.470948,0.791149736
17710,17.71,17.476214,0.791032307
17720,17.72,17.4814246,0.790861093
17730,17.73,17.4866851,0.790653115
17740,17.74,17.4919613,0.790508284
17750,17.75,17.497154,0.790311425
17760,17.76,17.5021835,0.790116717
17770,17.77,17.5075518,0.789924094
17780,17.78,17.5128073,0.789722249
17790,17.79,17.5179075,0.78950409
17800,17.8,17.5228108,0.789255913
17810,17.81,17.5275529,0.789053666
17820,17.82,17.5323283,0.788878575
17830,17.83,17.5371868,0.78870843
17840,17.84,17.5424581,0.788575362
17850,17.85,17.5478457,0.788429359
17860,17.86,17.5531405,0.788286537
17870,17.87,17.5581493,0.788097176
17880,17.88,17.5629273,0.787950755
17890,17.89,17.5676704,0.787826042
17900,17.9,17.5726469,0.787644201
17910,17.91,17.5776097,0.787462576
17920,17.92,17.5828234,0.787353263
17930,17.93,17.5881343,0.787249312
17940,17.94,17.593778,0.787146792
17950,17.95,17.5990683,0.787048666
17960,17.96,17.6046278,0.786977917
17970,17.97,17.6099907,0.786855261
17980,17.98,17.615293,0.786807154
17990,17.99,17.6203032,0.786738274
18000,18,17.625652,0.78665852
18010,18.01,17.6312607,0.786585582
18020,18.02,17.6367731,0.786493381
18030,18.03,17.6420691,0.786376712
18040,18.04,17.6473934,0.786252699
18050,18.05,17.6531516,0.786142349
18060,18.06,17.6588333,0.786065414
18070,18.07,17.6645447,0.785973021
18080,18.08,17.6703213,0.785891468
18090,18.09,17.676014,0.785813322
18100,18.1,17.6815953,0.785810812
18110,18.11,17.6871156,0.785742649
18120,18.12,17.6923598,0.785636089
18130,18.13,17.6978548,0.785587649
18140,18.14,17.7035009,0.785477825
18150,18.15,17.709493,0.785405643
18160,18.16,17.7155476,0.785317484
18170,18.17,17.7217493,0.785204142
18180,18.18,17.7278912,0.785040339
18190,18.19,17.7340219,0.78480647
18200,18.2,17.7400665,0.78449339
18210,18.21,17.7458588,0.784252506
18220,18.22,17.7518546,0.783991138
18230,18.23,17.7578726,0.783697057
18240,18.24,17.7638399,0.783494725
18250,18.25,17.7699561,0.783331933
18260,18.26,17.7758345,0.783088661
18270,18.27,17.7815435,0.782882965
18280,18.28,17.7871477,0.782640648
18290,18.29,17.7928904,0.782362567
18300,18.3,17.798808,0.782091207
18310,18.31,17.8048555,0.781791233
18320,18.32,17.8108756,0.781470535
18330,18.33,17.8169918,0.781166855
18340,18.34,17.8234588,0.780799649
18350,18.35,17.8297303,0.780436462
18360,18.36,17.8359307,0.78008606
18370,18.37,17.8424789,0.77973842
18380,18.38,17.8488244,0.779430266
18390,18.39,17.8550973,0.779177833
18400,18.4,17.8613364,0.778832067
18410,18.41,17.8676856,0.778533661
18420,18.42,17.8739958,0.778263621
18430,18.43,17.8803396,0.778047534
18440,18.44,17.8868736,0.777814805
18450,18.45,17.8932263,0.777564811
18460,18.46,17.8995725,0.777322183
18470,18.47,17.9056339,0.777014838
18480,18.48,17.911935,0.77677718
18490,18.49,17.9182967,0.776568627
18500,18.5,17.9244562,0.776366977
18510,18.51,17.9308371,0.776186447
18520,18.52,17.9373673,0.776036897
18530,18.53,17.9440059,0.775832097
18540,18.54,17.9506505,0.775605015
18550,18.55,17.9570531,0.775378095
18560,18.56,17.9635128,0.775175138
18570,18.57,17.9698084,0.774927296
18580,18.58,17.9761744,0.774673691
18590,18.59,17.982293,0.774407154
18600,18.6,17.9881531,0.774182112
18610,18.61,17.9941552,0.773997219
18620,18.62,18.0000615,0.773790602
18630,18.63,18.0057747,0.773623548
18640,18.64,18.0115202,0.773513121
18650,18.65,18.0173114,0.77340477
18660,18.66,18.0229682,0.773327805
18670,18.67,18.0285256,0.773270841
18680,18.68,18.0339109,0.773238419
18690,18.69,18.0395823,0.773157612
18700,18.7,18.0451302,0.773081235
18710,18.71,18.0505464,0.773025313
18720,18.72,18.0563037,0.772945829
18730,18.73,18.0621791,0.772854118
18740,18.74,18.068018,0.772757087
18750,18.75,18.0736528,0.772643293
18760,18.76,18.0794395,0.772466755
18770,18.77,18.0849519,0.772286159
18780,18.78,18.0904691,0.772133917
18790,18.79,18.0962013,0.77202622
18800,18.8,18.1018648,0.77186835
18810,18.81,18.107496,0.771703501
18820,18.82,18.1132847,0.77157988
18830,18.83,18.1193052,0.771400655
18840,18.84,18.1250703,0.771236889
18850,18.85,18.1308216,0.771046069
18860,18.86,18.1368308,0.770889513
18870,18.87,18.14273,0.770676824
18880,18.88,18.1486289,0.770490929
18890,18.89,18.1548065,0.770321097
18900,18.9,18.1610181,0.770236854
18910,18.91,18.1672303,0.770146187
18920,18.92,18.1733726,0.770028443
18930,18.93,18.1797138,0.769971442
18940,18.94,18.1863685,0.769864954
18950,18.95,18.1929319,0.769765496
18960,18.96,18.1994433,0.76962488
18970,18.97,18.2059692,0.769454839
18980,18.98,18.2123995,0.769280166
18990,18.99,18.218835,0.769067498
19000,19,18.2253207,0.768882374
19010,19.01,18.2315665,0.768764604
19020,19.02,18.2377932,0.768625331
19030,19.03,18.2441961,0.768503552
19040,19.04,18.2504876,0.768388912
19050,19.05,18.2566696,0.768187289
19060,19.06,18.2627196,0.767951947
19070,19.07,18.2687833,0.767777683
19080,19.08,18.2751739,0.767658357
19090,19.09,18.2814955,0.767585086
19100,19.1,18.2877785,0.767454151
19110,19.11,18.2939742,0.767337129
19120,19.12,18.2998079,0.767160102
19130,19.13,18.305841,0.766950715
19140,19.14,18.3117804,0.766748293
19150,19.15,18.3175829,0.766456166
19160,19.16,18.3233174,0.766177822
19170,19.17,18.3288259,0.765908896
19180,19.18,18.334521,0.765692286
19190,19.19,18.3402038,0.76552956
19200,19.2,18.3458055,0.765296524
19210,19.21,18.351475,0.765056654
19220,19.22,18.3571162,0.764732155
19230,19.23,18.3627345,0.76447105
19240,19.24,18.368134,0.764179886
19250,19.25,18.3736144,0.763887867
19260,19.26,18.3788152,0.763636394
19270,19.27,18.383876,0.763356627
19280,19.28,18.3891424,0.763115286
19290,19.29,18.394439,0.762876599
19300,19.3,18.3999456,0.762632359
19310,19.31,18.4053731,0.762403531
19320,19.32,18.4108461,0.762223639
19330,19.33,18.41638,0.761960011
19340,19.34,18.4218774,0.7617516
19350,19.35,18.4273571,0.761487334
19360,19.36,18.4327261,0.761216009
19370,19.37,18.4379726,0.761021203
19380,19.38,18.443266,0.760826089
19390,19.39,18.448453,0.760633919
19400,19.4,18.4535193,0.760483821
19410,19.41,18.4585856,0.760394812
19420,19.42,18.4636853,0.76027027
19430,19.43,18.4689365,0.760169478
19440,19.44,18.4738605,0.760114162
19450,19.45,18.4789476,0.760010337
19460,19.46,18.4836735,0.75996796
19470,19.47,18.4887761,0.759945619
19480,19.48,18.4938217,0.75990343
19490,19.49,18.499372,0.759822666
19500,19.5,18.5044967,0.759771843
19510,19.51,18.5100742,0.759711465
19520,19.52,18.5153118,0.759720955
19530,19.53,18.5207743,0.759616497
19540,19.54,18.5258553,0.75959214
19550,19.55,18.5308113,0.759513503
19560,19.56,18.5358502,0.759467488
19570,19.57,18.5409449,0.759417944
19580,19.58,18.5463587,0.759392646
19590,19.59,18.5519577,0.759353113
19600,19.6,18.557575,0.759320942
19610,19.61,18.5632265,0.759331122
19620,19.62,18.5688268,0.759318498
19630,19.63,18.5743422,0.759321522
19640,19.64,18.579553,0.759333359
19650,19.65,18.5849465,0.759347629
19660,19.66,18.5902741,0.759353584
19670,19.67,18.5954061,0.759384039
19680,19.68,18.6010629,0.759395807
19690,19.69,18.6068539,0.759433207
19700,19.7,18.6127139,0.759482999
19710,19.71,18.6181014,0.759466671
19720,19.72,18.6235736,0.759423168
19730,19.73,18.6289721,0.759425055
19740,19.74,18.6341654,0.759426403
19750,19.75,18.6395512,0.759379175
19760,19.76,18.6446667,0.759339731
19770,19.77,18.6499712,0.759390784
19780,19.78,18.655298,0.759481264
19790,19.79,18.6606548,0.759528763
19800,19.8,18.6661037,0.759590463
19810,19.81,18.6716352,0.759597918
19820,19.82,18.6771983,0.759634089
19830,19.83,18.6829039,0.759666656
19840,19.84,18.6888229,0.759689934
19850,19.85,18.6946441,0.759716132
19860,19.86,18.7003005,0.759736712
19870,19.87,18.705722,0.759677388
19880,19.88,18.7112528,0.759637155
19890,19.89,18.7170936,0.759678863
19900,19.9,18.722879,0.759776132
19910,19.91,18.7284284,0.759738457
19920,19.92,18.7340945,0.759693295
19930,19.93,18.7397342,0.759640352
19940,19.94,18.7454804,0.759567337
19950,19.95,18.7512587,0.75943789
19960,19.96,18.756983,0.759335715
19970,19.97,18.7627014,0.759242016
19980,19.98,18.7683373,0.759160706
19990,19.99,18.7738844,0.759079988
20000,20,18.7794453,0.758985602
20010,20.01,18.7848835,0.758893634
20020,20.02,18.7902341,0.7588226
20030,20.03,18.7954741,0.758750022
20040,20.04,18.8009244,0.758642729
20050,20.05,18.8061806,0.758580488
20060,20.06,18.8116794,0.75850121
20070,20.07,18.8172511,0.758459774
20080,20.08,18.8230693,0.758335292
20090,20.09,18.828756,0.758303131
20100,20.1,18.8343386,0.75825455
20110,20.11,18.8398389,0.758174
20120,20.12,18.8452572,0.758152679
20130,20.13,18.8505983,0.758183612
20140,20.14,18.8558594,0.758190127
20150,20.15,18.861127,0.758147028
20160,20.16,18.8664912,0.758095314
20170,20.17,18.8719204,0.757998546
20180,20.18,18.8771905,0.757914191
20190,20.19,18.8825128,0.757881238
20200,20.2,18.8874594,0.757846452
20210,20.21,18.8926367,0.757782096
20220,20.22,18.8975048,0.757761806
20230,20.23,18.9023787,0.757794367
20240,20.24,18.9071907,0.757794554
20250,20.25,18.9121549,0.757808547
20260,20.26,18.9171097,0.757800818
20270,20.27,18.9220862,0.757740345
20280,20.28,18.9268702,0.757689738
20290,20.29,18.9316845,0.757569309
20300,20.3,18.9365724,0.757514152
20310,20.31,18.9417168,0.757495321
20320,20.32,18.9468458,0.757472135
20330,20.33,18.9518928,0.757466428
20340,20.34,18.9568293,0.757458432
20350,20.35,18.9619765,0.757456976
20360,20.36,18.9672148,0.757471024
20370,20.37,18.9721165,0.757494158
20380,20.38,18.9769991,0.757478476
20390,20.39,18.9820673,0.757451673
20400,20.4,18.9872175,0.75748017
20410,20.41,18.9926323,0.75746725
20420,20.42,18.9978966,0.757420079
20430,20.43,19.003278,0.757400778
20440,20.44,19.0085662,0.757308011
20450,20.45,19.0136321,0.757178316
20460,20.46,19.0185772,0.757091228
20470,20.47,19.0233876,0.757017738
20480,20.48,19.0283656,0.756903741
20490,20.49,19.0332565,0.756770199
20500,20.5,19.0380322,0.756601118
20510,20.51,19.0428422,0.756492383
20520,20.52,19.0476472,0.756342498
20530,20.53,19.052494,0.756208219
20540,20.54,19.0571574,0.756093199
20550,20.55,19.0619901,0.755987845
20560,20.56,19.0665772,0.755847629
20570,20.57,19.071494,0.755768297
20580,20.58,19.0764487,0.755644358
20590,20.59,19.081668,0.755504943
20600,20.6,19.0870036,0.75534108
20610,20.61,19.0920394,0.755208928
20620,20.62,19.0972981,0.755047795
20630,20.63,19.1024797,0.754933995
20640,20.64,19.107994,0.754805817
20650,20.65,19.1133766,0.754720249
20660,20.66,19.118968,0.754656991
20670,20.67,19.1243167,0.754554152
20680,20.68,19.1294447,0.754484438
20690,20.69,19.1349223,0.754392897
20700,20.7,19.1402365,0.754280546
20710,20.71,19.1457588,0.754240389
20720,20.72,19.1510005,0.754222407
20730,20.73,19.1564257,0.754192331
20740,20.74,19.1618193,0.754169472
20750,20.75,19.1670936,0.754191098
20760,20.76,19.1723955,0.754187084
20770,20.77,19.1774178,0.754161231
20780,20.78,19.1821869,0.754109813
20790,20.79,19.1868064,0.754076071
20800,20.8,19.1916973,0.754105009
20810,20.81,19.1964257,0.754121456
20820,20.82,19.2012228,0.75409127
20830,20.83,19.2056728,0.754047863
20840,20.84,19.2103089,0.753992063
20850,20.85,19.2150331,0.753907841
20860,20.86,19.2196955,0.753829196
20870,20.87,19.2244226,0.753769583
20880,20.88,19.2293525,0.753731382
20890,20.89,19.2340665,0.753668661
20900,20.9,19.2389357,0.753586328
20910,20.91,19.2438151,0.75352822
20920,20.92,19.2490385,0.753426255
20930,20.93,19.2543601,0.753335391
20940,20.94,19.2595828,0.753281494
20950,20.95,19.2646183,0.753160347
20960,20.96,19.2700186,0.753041328
20970,20.97,19.2752554,0.753011368
20980,20.98,19.280875,0.753012052
20990,20.99,19.2861908,0.752937552
21000,21,19.2914485,0.752901734
21010,21.01,19.2969837,0.752911004
21020,21.02,19.3026052,0.75292493
21030,21.03,19.3082057,0.752921287
21040,21.04,19.3135632,0.75290413
21050,21.05,19.3191228,0.752893967
21060,21.06,19.3242107,0.752842387
21070,21.07,19.3293508,0.752830402
21080,21.08,19.3346619,0.752815368
21090,21.09,19.3400224,0.752839138
21100,21.1,19.3452449,0.752751025
21110,21.11,19.3504334,0.75271413
21120,21.12,19.3559127,0.752634943
21130,21.13,19.3613649,0.752593738
21140,21.14,19.3669244,0.752471934
21150,21.15,19.3723454,0.752341571
21160,21.16,19.3776678,0.752271677
21170,21.17,19.3830767,0.752251744
21180,21.18,19.3881235,0.75227606
21190,21.19,19.3929836,0.752307976
21200,21.2,19.398056,0.7523349
21210,21.21,19.4031332,0.752306015
21220,21.22,19.408331,0.752258602
21230,21.23,19.4136688,0.752192191
21240,21.24,19.4191694,0.752090833
21250,21.25,19.4249464,0.751960937
21260,21.26,19.4305971,0.751891488
21270,21.27,19.4361606,0.75181167
21280,21.28,19.4414633,0.751661574
21290,21.29,19.4465737,0.751570207
21300,21.3,19.451519,0.751487188
21310,21.31,19.4567013,0.751464447
21320,21.32,19.4618626,0.751352852
21330,21.33,19.4669166,0.751253208
21340,21.34,19.4718408,0.751200094
21350,21.35,19.4768095,0.75111215
21360,21.36,19.4819916,0.750996478
21370,21.37,19.4871031,0.750882419
21380,21.38,19.4926377,0.75079036
21390,21.39,19.497962,0.750707892
21400,21.4,19.5031238,0.750609388
21410,21.41,19.5082834,0.750504617
21420,21.42,19.5134236,0.750417483
21430,21.43,19.5186338,0.750340369
21440,21.44,19.5236608,0.750299613
21450,21.45,19.5289589,0.750311948
21460,21.46,19.533923,0.750360824
21470,21.47,19.5389526,0.750334863
21480,21.48,19.5439442,0.750314806
21490,21.49,19.5488603,0.75028045
21500,21.5,19.5538302,0.750209666
21510,21.51,19.5592284,0.750189907
21520,21.52,19.5642538,0.750146825
21530,21.53,19.5694606,0.750074812
21540,21.54,19.5745964,0.750034038
21550,21.55,19.5798717,0.750004286
21560,21.56,19.5856292,0.749917592
21570,21.57,19.5912143,0.749844303
21580,21.58,19.5969078,0.749837605
21590,21.59,19.6025096,0.749817226
21600,21.6,19.6080951,0.749755706
21610,21.61,19.6136854,0.749675458
21620,21.62,19.6194424,0.749646452
21630,21.63,19.6249635,0.749617607
21640,21.64,19.6305068,0.749620026
21650,21.65,19.6361733,0.749571328
21660,21.66,19.641949,0.749493961
21670,21.67,19.647776,0.749462515
21680,21.68,19.6532714,0.749433489
21690,21.69,19.6588757,0.749449746
21700,21.7,19.6643512,0.749482072
21710,21.71,19.6698291,0.749511102
21720,21.72,19.6750139,0.749553393
21730,21.73,19.6802401,0.749584922
21740,21.74,19.6857442,0.749610561
21750,21.75,19.6912335,0.74967104
21760,21.76,19.696511,0.749787852
21770,21.77,19.7019528,0.749777762
21780,21.78,19.7072784,0.749781531
21790,21.79,19.7124397,0.749785554
21800,21.8,19.717753,0.749748727
21810,21.81,19.7229311,0.749759685
21820,21.82,19.7278104,0.749726917
21830,21.83,19.7328254,0.749773799
21840,21.84,19.73769,0.749706964
21850,21.85,19.7422975,0.749639713
21860,21.86,19.7469713,0.749637616
21870,21.87,19.7513475,0.749625449
21880,21.88,19.7557391,0.749576636
21890,21.89,19.760013,0.749603579
21900,21.9,19.7643296,0.749627641
21910,21.91,19.7687241,0.749547359
21920,21.92,19.7729462,0.74942745
21930,21.93,19.7772078,0.749351862
21940,21.94,19.7813406,0.749179746
21950,21.95,19.7854355,0.749007982
21960,21.96,19.7897813,0.748797522
21970,21.97,19.7942217,0.748511192
21980,21.98,19.7986713,0.74822539
21990,21.99,19.8034182,0.74791368
22000,22,19.8079896,0.747698846
22010,22.01,19.8125926,0.747444913
22020,22.02,19.8171125,0.747212888
22030,22.03,19.8212218,0.746924136
22040,22.04,19.825393,0.746667495
22050,22.05,19.8296036,0.746428333
22060,22.06,19.8341836,0.746218716
22070,22.07,19.8385876,0.745961157
22080,22.08,19.8431682,0.745747614
22090,22.09,19.8477078,0.745441472
22100,22.1,19.8519944,0.745135629
22110,22.11,19.8560866,0.744787734
22120,22.12,19.8602372,0.744435762
22130,22.13,19.8646556,0.744102292
22140,22.14,19.8689652,0.743805491
22150,22.15,19.8730657,0.743451552
22160,22.16,19.8774723,0.743044648
22170,22.17,19.8816905,0.742643304
22180,22.18,19.88587,0.742276947
22190,22.19,19.8898984,0.741892725
22200,22.2,19.8936792,0.741513501
22210,22.21,19.8975092,0.741174924
22220,22.22,19.9013811,0.740808311
22230,22.23,19.9055476,0.740446754
22240,22.24,19.9095127,0.740028257
22250,22.25,19.9134964,0.739637106
22260,22.26,19.9176896,0.739286111
22270,22.27,19.9214619,0.738872838
22280,22.28,19.9249798,0.738409971
22290,22.29,19.9285703,0.738037606
22300,22.3,19.9326436,0.73772951
22310,22.31,19.9367966,0.7374306
22320,22.32,19.9407737,0.737164095
22330,22.33,19.9443702,0.736896467
22340,22.34,19.9482671,0.736568849
22350,22.35,19.952065,0.736248368
22360,22.36,19.9556385,0.735922827
22370,22.37,19.9595362,0.735593715
22380,22.38,19.9630283,0.735236705
22390,22.39,19.966741,0.734934668
22400,22.4,19.9703142,0.734645753
22410,22.41,19.974322,0.734374796
22420,22.42,19.9776203,0.734023341
22430,22.43,19.9811092,0.733701655
22440,22.44,19.9845844,0.733357015
22450,22.45,19.9880239,0.732976228
22460,22.46,19.9917464,0.732638162
22470,22.47,19.9956256,0.732297206
22480,22.48,19.999681,0.731920436
22490,22.49,20.003961,0.731559296
22500,22.5,20.0083695,0.731119808
22510,22.51,20.0124995,0.730761838
22520,22.52,20.016306,0.73042337
22530,22.53,20.0203531,0.730073454
22540,22.54,20.02442,0.729770877
22550,22.55,20.0283735,0.72944454
22560,22.56,20.0323387,0.729095431
22570,22.57,20.0365538,0.728752175
22580,22.58,20.0404821,0.728473699
22590,22.59,20.0443529,0.728215216
22600,22.6,20.0484475,0.727916842
22610,22.61,20.0527921,0.727581696
22620,22.62,20.0573617,0.727210054
22630,22.63,20.0617213,0.726835218
22640,22.64,20.0663816,0.726505485
22650,22.65,20.0709079,0.726186824
22660,22.66,20.075415,0.725803838
22670,22.67,20.0801493,0.725429615
22680,22.68,20.0848344,0.725038594
22690,22.69,20.0894563,0.724653962
22700,22.7,20.0940827,0.724231933
22710,22.71,20.098492,0.723810427
22720,22.72,20.1028931,0.723379048
22730,22.73,20.1071337,0.72295923
22740,22.74,20.1112511,0.722583766
22750,22.75,20.1152782,0.722277322
22760,22.76,20.1194462,0.722057048
22770,22.77,20.1234913,0.721834579
22780,22.78,20.1274405,0.721578414
22790,22.79,20.1314603,0.721347296
22800,22.8,20.1354138,0.721084557
22810,22.81,20.1389084,0.720858837
22820,22.82,20.1426607,0.720619076
22830,22.83,20.1464627,0.720344495
22840,22.84,20.1503195,0.720086484
22850,22.85,20.1541493,0.719836836
22860,22.86,20.1579429,0.719587388
22870,22.87,20.1617573,0.719348644
22880,22.88,20.1654329,0.719084586
22890,22.89,20.1689703,0.718879465
22900,22.9,20.1726665,0.718714306
22910,22.91,20.1762803,0.718550058
22920,22.92,20.179836,0.718351723
22930,22.93,20.1833056,0.718241615
22940,22.94,20.1866279,0.718085195
22950,22.95,20.1899481,0.717965483
22960,22.96,20.1935399,0.717820721
22970,22.97,20.1970636,0.717717425
22980,22.98,20.2005168,0.717540711
22990,22.99,20.2039662,0.717384791
23000,23,20.2076293,0.717241575
23010,23.01,20.2114037,0.717146735
23020,23.02,20.2152826,0.717047725
23030,23.03,20.2192971,0.716884429
23040,23.04,20.2233325,0.716663002
23050,23.05,20.2275228,0.716442772
23060,23.06,20.231939,0.716209673
23070,23.07,20.2362181,0.715933168
23080,23.08,20.2407247,0.715697487
23090,23.09,20.2450991,0.715446529
23100,23.1,20.249655,0.715273043
23110,23.11,20.2540823,0.715113937
23120,23.12,20.2583563,0.714965393
23130,23.13,20.2625204,0.714793668
23140,23.14,20.2667271,0.714663123
23150,23.15,20.2708677,0.714461989
23160,23.16,20.2750574,0.714333487
23170,23.17,20.2788254,0.714219398
23180,23.18,20.2824067,0.714127432
23190,23.19,20.2861603,0.714013341
23200,23.2,20.2898181,0.713875629
23210,23.21,20.2932336,0.713743574
23220,23.22,20.2965233,0.713610728
23230,23.23,20.2997505,0.71345089
23240,23.24,20.3031201,0.713314426
23250,23.25,20.3064642,0.713147219
23260,23.26,20.3097786,0.712993869
23270,23.27,20.3134988,0.712903456
23280,23.28,20.3169992,0.712750221
23290,23.29,20.3203904,0.712604152
23300,23.3,20.3238331,0.712417314
23310,23.31,20.327314,0.712252338
23320,23.32,20.3307834,0.712034905
23330,23.33,20.3344941,0.711914602
23340,23.34,20.3382463,0.711821688
23350,23.35,20.3421856,0.711688257
23360,23.36,20.3457733,0.711528763
23370,23.37,20.349001,0.711411014
23380,23.38,20.3524255,0.711310253
23390,23.39,20.356232,0.711312191
23400,23.4,20.3602779,0.711257082
23410,23.41,20.364199,0.711268007
23420,23.42,20.3682217,0.711236133
23430,23.43,20.3721229,0.711307106
23440,23.44,20.3758962,0.711335937
23450,23.45,20.3796614,0.711327993
23460,23.46,20.3834025,0.711316341
23470,23.47,20.3872379,0.711344225
23480,23.48,20.3911182,0.711386321
23490,23.49,20.394982,0.711456065
23500,23.5,20.3988297,0.711545507
23510,23.51,20.402607,0.711651706
23520,23.52,20.406279,0.71174524
23530,23.53,20.4100323,0.71182798
23540,23.54,20.4137507,0.711886128
23550,23.55,20.4176755,0.712016543
23560,23.56,20.4216559,0.712130882
23570,23.57,20.4259179,0.712270424
23580,23.58,20.4296673,0.712355272
23590,23.59,20.4334588,0.71245505
23600,23.6,20.437344,0.712588253
23610,23.61,20.4409425,0.712603485
23620,23.62,20.4444862,0.71258387
23630,23.63,20.4481803,0.712566293
23640,23.64,20.4513391,0.712572255
23650,23.65,20.4547257,0.712573248
23660,23.66,20.4581881,0.712550196
23670,23.67,20.4620459,0.712445497
23680,23.68,20.4656728,0.712381653
23690,23.69,20.469182,0.712308878
23700,23.7,20.4728364,0.712244111
23710,23.71,20.4763486,0.712215722
23720,23.72,20.4797346,0.712213131
23730,23.73,20.483282,0.712226336
23740,23.74,20.4867394,0.712269668
23750,23.75,20.4903239,0.71225859
23760,23.76,20.4940265,0.712240588
23770,23.77,20.4978523,0.712242778
23780,23.78,20.5014542,0.712181966
23790,23.79,20.5050866,0.712063767
23800,23.8,20.508426,0.712006101
23810,23.81,20.511658,0.711897437
23820,23.82,20.5148659,0.711829143
23830,23.83,20.5178192,0.711719702
23840,23.84,20.5207484,0.711601183
23850,23.85,20.5236972,0.711467476
23860,23.86,20.5266004,0.711405019
23870,23.87,20.5295332,0.711272275
23880,23.88,20.5329358,0.711181793
23890,23.89,20.5366019,0.711106216
23900,23.9,20.5400707,0.710997416
23910,23.91,20.543572,0.710841906
23920,23.92,20.5470466,0.710691204
23930,23.93,20.5507207,0.710616582
23940,23.94,20.5545917,0.710515517
23950,23.95,20.5582879,0.710387855
23960,23.96,20.562232,0.710301635
23970,23.97,20.5658407,0.710180921
23980,23.98,20.5694456,0.710041608
23990,23.99,20.5731524,0.709920169
24000,24,20.5766603,0.709877845
24010,24.01,20.5802925,0.70981693
24020,24.02,20.5838156,0.70974625
24030,24.03,20.587624,0.709712425
24040,24.04,20.5913286,0.709742444
24050,24.05,20.5951643,0.709741043
24060,24.06,20.5990875,0.709772351
24070,24.07,20.603084,0.709851085
24080,24.08,20.6065965,0.709884597
24090,24.09,20.6106309,0.709975219
24100,24.1,20.6148621,0.71008012
24110,24.11,20.6190804,0.710158537
24120,24.12,20.6233971,0.710271658
24130,24.13,20.6278338,0.710360765
24140,24.14,20.6323287,0.710383663
24150,24.15,20.6365327,0.710428779
24160,24.16,20.6412202,0.710494904
24170,24.17,20.6460183,0.71060872
24180,24.18,20.6508374,0.710733532
24190,24.19,20.6555991,0.710907423
24200,24.2,20.6603775,0.711060417
24210,24.21,20.6651729,0.711233292
24220,24.22,20.6701939,0.711349152
24230,24.23,20.6755839,0.711453355
24240,24.24,20.6809928,0.711608673
24250,24.25,20.6861406,0.711805663
24260,24.26,20.6914902,0.712027908
24270,24.27,20.6968985,0.712259151
24280,24.28,20.702205,0.712464347
24290,24.29,20.7075654,0.712694321
24300,24.3,20.7129778,0.712941877
24310,24.31,20.7183665,0.713145154
24320,24.32,20.7238905,0.713311529
24330,24.33,20.7291943,0.713490382
24340,24.34,20.734592,0.713715178
24350,24.35,20.740223,0.71390242
24360,24.36,20.7461881,0.71415576
24370,24.37,20.752105,0.714490086
24380,24.38,20.7577381,0.714775868
24390,24.39,20.7633531,0.715011709
24400,24.4,20.7690509,0.715333017
24410,24.41,20.7743631,0.715650788
24420,24.42,20.7798762,0.715942067
24430,24.43,20.7853809,0.716257658
24440,24.44,20.790688,0.716622966
24450,24.45,20.7959463,0.716967848
24460,24.46,20.8016082,0.717336871
24470,24.47,20.8068533,0.717675615
24480,24.48,20.812003,0.718055171
24490,24.49,20.8169736,0.7184516
24500,24.5,20.8217721,0.718836748
24510,24.51,20.8269664,0.719172425
24520,24.52,20.8320056,0.719495954
24530,24.53,20.8369732,0.719830329
24540,24.54,20.841671,0.720129712
24550,24.55,20.846252,0.72040189
24560,24.56,20.8511507,0.720689541
24570,24.57,20.8563962,0.721024312
24580,24.58,20.8616546,0.721323171
24590,24.59,20.8666155,0.721663996
24600,24.6,20.8714483,0.722033507
24610,24.61,20.8761645,0.72236596
24620,24.62,20.8805244,0.722721127
24630,24.63,20.8848958,0.723078487
24640,24.64,20.8888896,0.723441491
24650,24.65,20.8933816,0.723850362
24660,24.66,20.8979268,0.724210118
24670,24.67,20.9026029,0.724553733
24680,24.68,20.9074802,0.724909264
24690,24.69,20.9126872,0.725242971
24700,24.7,20.9179232,0.725569588
24710,24.71,20.9229282,0.725880237
24720,24.72,20.9278328,0.726182416
24730,24.73,20.9329765,0.726431994
24740,24.74,20.9380768,0.726753722
24750,24.75,20.9434007,0.727100016
24760,24.76,20.9489634,0.727481625
24770,24.77,20.9546636,0.727795458
24780,24.78,20.9603315,0.728134398
24790,24.79,20.9658878,0.728473598
24800,24.8,20.9715698,0.728815137
24810,24.81,20.9769595,0.729141967
24820,24.82,20.9823373,0.729465419
24830,24.83,20.9878864,0.729786821
24840,24.84,20.9931527,0.730027867
24850,24.85,20.998769,0.730218971
24860,24.86,21.0045313,0.730382058
24870,24.87,21.0101998,0.730571884
24880,24.88,21.0155757,0.730718077
24890,24.89,21.0206262,0.730807304
24900,24.9,21.0256791,0.730877016
24910,24.91,21.0309413,0.730939503
24920,24.92,21.0364124,0.730988783
24930,24.93,21.0420219,0.731023762
24940,24.94,21.0476902,0.7311051
24950,24.95,21.0532109,0.731130665
24960,24.96,21.0587204,0.731220272
24970,24.97,21.0644327,0.73134678
24980,24.98,21.0700554,0.731416888
24990,24.99,21.0755912,0.731506304
25000,25,21.0810821,0.731572964
25010,25.01,21.0869332,0.731624907
25020,25.02,21.0929587,0.731682551
25030,25.03,21.0988303,0.731722697
25040,25.04,21.1048202,0.731711388
25050,25.05,21.1109843,0.73176289
25060,25.06,21.1173624,0.731775934
25070,25.07,21.1233178,0.731843921
25080,25.08,21.129113,0.731911611
25090,25.09,21.1344895,0.731941063
25100,25.1,21.1401298,0.731977417
25110,25.11,21.1458864,0.731970891
25120,25.12,21.1517537,0.731983138
25130,25.13,21.1576412,0.732086468
25140,25.14,21.1634131,0.73215029
25150,25.15,21.1691422,0.732213143
25160,25.16,21.1749631,0.73219596
25170,25.17,21.1813725,0.732174777
25180,25.18,21.1877113,0.732099051
25190,25.19,21.1938925,0.732046353
25200,25.2,21.1998146,0.731988744
25210,25.21,21.2058004,0.731906433
25220,25.22,21.2113977,0.73184031
25230,25.23,21.2168283,0.73180914
25240,25.24,21.2226953,0.731762743
25250,25.25,21.2283173,0.731734121
25260,25.26,21.2338935,0.731756331
25270,25.27,21.2394541,0.731783472
25280,25.28,21.2451991,0.731906028
25290,25.29,21.2509347,0.731997012
25300,25.3,21.2565656,0.732073313
25310,25.31,21.2620291,0.73217685
25320,25.32,21.26762,0.732305112
25330,25.33,21.2734128,0.732409562
25340,25.34,21.2788099,0.73250441
25350,25.35,21.2844218,0.732610721
25360,25.36,21.2898303,0.732717579
25370,25.37,21.2951807,0.732845185
25380,25.38,21.3006286,0.733008127
25390,25.39,21.3061829,0.733154661
25400,25.4,21.3113279,0.733306695
25410,25.41,21.3166432,0.733393405
25420,25.42,21.321764,0.733534794
25430,25.43,21.3271142,0.733636562
25440,25.44,21.3323843,0.733748859
25450,25.45,21.3379363,0.733789257
25460,25.46,21.3433261,0.733934366
25470,25.47,21.3484713,0.734000423
25480,25.48,21.3536778,0.734134713
25490,25.49,21.3589664,0.734276882
25500,25.5,21.3639749,0.734375306
25510,25.51,21.3688038,0.734497458
25520,25.52,21.3735372,0.73456705
25530,25.53,21.3785015,0.734659153
25540,25.54,21.3830573,0.734752883
25550,25.55,21.3872422,0.734832962
25560,25.56,21.3916766,0.734938963
25570,25.57,21.3959783,0.734990939
25580,25.58,21.3998498,0.735092682
25590,25.59,21.4036322,0.735174212
25600,25.6,21.4072296,0.735243562
25610,25.61,21.4108857,0.735317287
25620,25.62,21.4148708,0.735387681
25630,25.63,21.4186442,0.73550554
25640,25.64,21.4225261,0.735601236
25650,25.65,21.4266221,0.735659231
25660,25.66,21.4307068,0.735716421
25670,25.67,21.4352723,0.735791668
25680,25.68,21.43981,0.735869596
25690,25.69,21.444267,0.735979237
25700,25.7,21.4487508,0.736053271
25710,25.71,21.4532497,0.736142119
25720,25.72,21.4576652,0.736222124
25730,25.73,21.4621297,0.736301094
25740,25.74,21.4664547,0.736369688
25750,25.75,21.4705623,0.736452709
25760,25.76,21.474675,0.736515702
25770,25.77,21.4787157,0.736548981
25780,25.78,21.4831904,0.73664198
25790,25.79,21.487762,0.736776489
25800,25.8,21.49222,0.736842163
25810,25.81,21.4964669,0.736877342
25820,25.82,21.500821,0.736973766
25830,25.83,21.5052757,0.737085083
25840,25.84,21.5096122,0.737169141
25850,25.85,21.5137686,0.737207722
25860,25.86,21.5181433,0.737222508
25870,25.87,21.5223929,0.737252848
25880,25.88,21.5271295,0.737227717
25890,25.89,21.5318995,0.737198821
25900,25.9,21.5364388,0.73712982
25910,25.91,21.5407112,0.737117258
25920,25.92,21.5453338,0.73711041
25930,25.93,21.549961,0.737076044
25940,25.94,21.5544565,0.736983929
25950,25.95,21.5589448,0.736917908
25960,25.96,21.5633922,0.736827368
25970,25.97,21.5680878,0.736771007
25980,25.98,21.5732305,0.736760225
25990,25.99,21.5783759,0.736660778
26000,26,21.58348,0.736586654
26010,26.01,21.5885377,0.736470719
26020,26.02,21.593696,0.736408592
26030,26.03,21.5985619,0.736306046
26040,26.04,21.6037096,0.736143926
26050,26.05,21.6084054,0.735905391
26060,26.06,21.6129079,0.735713874
26070,26.07,21.6173087,0.735493566
26080,26.08,21.6216731,0.735232978
26090,26.09,21.6266362,0.735033295
26100,26.1,21.6313826,0.734817195
26110,26.11,21.635644,0.734602315
26120,26.12,21.6401595,0.734353631
26130,26.13,21.6446036,0.734125939
26140,26.14,21.6493144,0.733947326
26150,26.15,21.6537629,0.733721001
26160,26.16,21.6585834,0.733562654
26170,26.17,21.6633456,0.73341335
26180,26.18,21.6679158,0.733267441
26190,26.19,21.672443,0.733203692
26200,26.2,21.6768971,0.733117763
26210,26.21,21.6812705,0.733025629
26220,26.22,21.6856437,0.732918312
26230,26.23,21.6902747,0.732797201
26240,26.24,21.6953966,0.732697588
26250,26.25,21.7007227,0.732550707
26260,26.26,21.7054253,0.73241838
26270,26.27,21.7102876,0.73232739
26280,26.28,21.7149384,0.732198199
26290,26.29,21.7200024,0.732071495
26300,26.3,21.7250912,0.731965688
26310,26.31,21.7306214,0.731846264
26320,26.32,21.7359773,0.73169541
26330,26.33,21.7414791,0.731521713
26340,26.34,21.7465341,0.731317879
26350,26.35,21.7517458,0.731186042
26360,26.36,21.7571229,0.731106461
26370,26.37,21.7625998,0.731058941
26380,26.38,21.7680742,0.730971164
26390,26.39,21.7735453,0.730890958
26400,26.4,21.7789491,0.730825193
26410,26.41,21.7845116,0.73079438
26420,26.42,21.7899606,0.730747201
26430,26.43,21.7954819,0.730682093
26440,26.44,21.8009572,0.730589213
26450,26.45,21.8066815,0.730495491
26460,26.46,21.8121488,0.730448513
26470,26.47,21.8181245,0.730456712
26480,26.48,21.8237254,0.730432457
26490,26.49,21.8291825,0.730422921
26500,26.5,21.8343719,0.730326957
26510,26.51,21.8398866,0.730228502
26520,26.52,21.8451857,0.73008607
26530,26.53,21.8502375,0.729908376
26540,26.54,21.85507,0.729734758
26550,26.55,21.8596672,0.729605021
26560,26.56,21.8646613,0.729460231
26570,26.57,21.8695807,0.729296098
26580,26.58,21.8744372,0.729181542
26590,26.59,21.8793028,0.729043834
26600,26.6,21.8844016,0.728898087
26610,26.61,21.8893041,0.728817634
26620,26.62,21.8942006,0.728701481
26630,26.63,21.8993581,0.728606208
26640,26.64,21.9044991,0.728554394
26650,26.65,21.9099582,0.728514523
26660,26.66,21.9155764,0.728520951
26670,26.67,21.9210689,0.72846374
26680,26.68,21.9263579,0.72842171
26690,26.69,21.9314112,0.728350077
26700,26.7,21.9364789,0.728276358
26710,26.71,21.941686,0.728156917
26720,26.72,21.9469778,0.728040664
26730,26.73,21.9521968,0.727910872
26740,26.74,21.9574149,0.72779002
26750,26.75,21.9624313,0.727632675
26760,26.76,21.9673106,0.727511004
26770,26.77,21.9721639,0.727360622
26780,26.78,21.9771098,0.727202488
26790,26.79,21.9817817,0.727085919
26800,26.8,21.9864647,0.726977344
26810,26.81,21.9914034,0.726811617
26820,26.82,21.9962679,0.726620574
26830,26.83,22.000916,0.726475475
26840,26.84,22.0056024,0.726343417
26850,26.85,22.0102113,0.726268177
26860,26.86,22.0148157,0.726162931
26870,26.87,22.0198093,0.726021805
26880,26.88,22.0249976,0.725776263
26890,26.89,22.0303241,0.725490716
26900,26.9,22.03546,0.725213784
26910,26.91,22.0405459,0.724920472
26920,26.92,22.0455862,0.724666832
26930,26.93,22.0509195,0.724464226
26940,26.94,22.0566374,0.724253322
26950,26.95,22.0623915,0.724042896
26960,26.96,22.0679565,0.723825318
26970,26.97,22.0735393,0.723671052
26980,26.98,22.0791148,0.723428197
26990,26.99,22.0850089,0.723245198
27000,27,22.090942,0.722977249
27010,27.01,22.0969983,0.722685487
27020,27.02,22.1025079,0.722443986
27030,27.03,22.1081646,0.722194549
27040,27.04,22.1138217,0.72196557
27050,27.05,22.1198623,0.721737239
27060,27.06,22.1254445,0.721505452
27070,27.07,22.1308445,0.721330922
27080,27.08,22.1362841,0.721101146
27090,27.09,22.1416824,0.720829724
27100,27.1,22.146949,0.720506012
27110,27.11,22.152187,0.720206049
27120,27.12,22.1575084,0.719924676
27130,27.13,22.162852,0.719676364
27140,27.14,22.1680298,0.719444272
27150,27.15,22.1730812,0.719207161
27160,27.16,22.1784307,0.718944967
27170,27.17,22.1836359,0.718706855
27180,27.18,22.1886904,0.718462139
27190,27.19,22.1941674,0.718245646
27200,27.2,22.1995419,0.718020363
27210,27.21,22.2051003,0.717827819
27220,27.22,22.2109165,0.717597728
27230,27.23,22.2167811,0.717337031
27240,27.24,22.2223665,0.717119477
27250,27.25,22.228051,0.716925921
27260,27.26,22.2338465,0.716792742
27270,27.27,22.2393062,0.716650005
27280,27.28,22.245175,0.7164766
27290,27.29,22.2508952,0.716290972
27300,27.3,22.2568641,0.71605351
27310,27.31,22.262973,0.715884624
27320,27.32,22.268957,0.715663412
27330,27.33,22.2751257,0.715485252
27340,27.34,22.2809787,0.715282216
27350,27.35,22.2870036,0.715053911
27360,27.36,22.2932806,0.714817848
27370,27.37,22.2991062,0.714475197
27380,27.38,22.305327,0.714224057
27390,27.39,22.3117598,0.713977427
27400,27.4,22.3183542,0.713797608
27410,27.41,22.3248741,0.713523925
27420,27.42,22.3313081,0.713229485
27430,27.43,22.3376291,0.713004639
27440,27.44,22.3437715,0.712775608
27450,27.45,22.3497725,0.712517178
27460,27.46,22.3556084,0.712198029
27470,27.47,22.3616005,0.711875404
27480,27.48,22.3672747,0.711606613
27490,27.49,22.3729198,0.711341607
27500,27.5,22.3786342,0.711059854
27510,27.51,22.3846322,0.710769141
27520,27.52,22.3903761,0.710516503
27530,27.53,22.3959843,0.710200127
27540,27.54,22.4014987,0.709865718
27550,27.55,22.4070063,0.709551225
27560,27.56,22.4121409,0.709210698
27570,27.57,22.4174046,0.708857643
27580,27.58,22.4232903,0.708535212
27590,27.59,22.4290992,0.70820522
27600,27.6,22.4348596,0.707954637
27610,27.61,22.4407598,0.707721847
27620,27.62,22.4464429,0.707416432
27630,27.63,22.4524552,0.707110566
27640,27.64,22.4584573,0.706855415
27650,27.65,22.4645824,0.706620391
27660,27.66,22.4703987,0.706308656
27670,27.67,22.4761112,0.706007466
27680,27.68,22.4818136,0.70575419
27690,27.69,22.4876101,0.705481901
27700,27.7,22.4932519,0.705192312
27710,27.71,22.498837,0.704880503
27720,27.72,22.5041409,0.704536314
27730,27.73,22.5099742,0.704234815
27740,27.74,22.5161197,0.703955318
27750,27.75,22.522301,0.703695013
27760,27.76,22.5282872,0.703449574
27770,27.77,22.5341687,0.703263737
27780,27.78,22.5402494,0.703032411
27790,27.79,22.5463022,0.702829256
27800,27.8,22.5519848,0.702580452
27810,27.81,22.557973,0.702385676
27820,27.82,22.5637175,0.702199529
27830,27.83,22.5693387,0.702029456
27840,27.84,22.5747759,0.701862443
27850,27.85,22.5802733,0.701724427
27860,27.86,22.5852977,0.701603281
27870,27.87,22.5903527,0.701459567
27880,27.88,22.5952615,0.701299172
27890,27.89,22.6001167,0.701151385
27900,27.9,22.6047885,0.701001806
27910,27.91,22.6089235,0.700810001
27920,27.92,22.6132384,0.700614035
27930,27.93,22.6176349,0.700422918
27940,27.94,22.6219717,0.700214571
27950,27.95,22.626315,0.700016949
27960,27.96,22.6307232,0.699822495
27970,27.97,22.6351643,0.699690035
27980,27.98,22.6398395,0.699488183
27990,27.99,22.644816,0.699283513
28000,28,22.6498523,0.699083095
28010,28.01,22.6543349,0.698790909
28020,28.02,22.6588971,0.698513774
28030,28.03,22.6635556,0.698248372
28040,28.04,22.6681404,0.697906679
28050,28.05,22.6722641,0.697605343
28060,28.06,22.6762658,0.697278938
28070,28.07,22.6802013,0.696918729
28080,28.08,22.6844525,0.69656627
28090,28.09,22.688637,0.696184354
28100,28.1,22.6929727,0.695841417
28110,28.11,22.6972321,0.695495883
28120,28.12,22.7013744,0.695188612
28130,28.13,22.7055934,0.694945697
28140,28.14,22.7096911,0.694713939
28150,28.15,22.7137136,0.694440359
28160,28.16,22.717613,0.694176858
28170,28.17,22.72144,0.693928587
28180,28.18,22.7252592,0.693701892
28190,28.19,22.7292899,0.693558158
28200,28.2,22.7332703,0.693454941
28210,28.21,22.7374053,0.693426135
28220,28.22,22.7419102,0.69344554
28230,28.23,22.746366,0.693432151
28240,28.24,22.7507322,0.693356113
28250,28.25,22.7552988,0.693257476
28260,28.26,22.7600187,0.693189404
28270,28.27,22.7649057,0.69301988
28280,28.28,22.7696476,0.692896702
28290,28.29,22.7743165,0.692786108
28300,28.3,22.7788607,0.692600567
28310,28.31,22.7832573,0.692506547
28320,28.32,22.7876537,0.692389811
28330,28.33,22.7921796,0.692284281
28340,28.34,22.7963724,0.692207574
28350,28.35,22.8005535,0.692096728
28360,28.36,22.8046961,0.691970564
28370,28.37,22.8090729,0.691779518
28380,28.38,22.8135261,0.691637796
28390,28.39,22.8180646,0.691497544
28400,28.4,22.8224427,0.691394189
28410,28.41,22.8264473,0.691335183
28420,28.42,22.830755,0.691232102
28430,28.43,22.8351295,0.691089112
28440,28.44,22.8394064,0.690881668
28450,28.45,22.8437674,0.69073593
28460,28.46,22.8478008,0.690527585
28470,28.47,22.8517563,0.690309121
28480,28.48,22.8555608,0.690051946
28490,28.49,22.8593147,0.689796086
28500,28.5,22.8627819,0.689541158
28510,28.51,22.8661116,0.689320484
28520,28.52,22.8695549,0.689180281
28530,28.53,22.8727301,0.688902005
28540,28.54,22.8758287,0.688698797
28550,28.55,22.8789069,0.68849097
28560,28.56,22.8821831,0.688351678
28570,28.57,22.8853158,0.68817188
28580,28.58,22.8880513,0.687985749
28590,28.59,22.891066,0.6877865
28600,28.6,22.8940605,0.687533538
28610,28.61,22.8968965,0.687268765
28620,28.62,22.8998937,0.687095955
28630,28.63,22.9028072,0.686928826
28640,28.64,22.905683,0.686801078
28650,28.65,22.9084212,0.686685883
28660,28.66,22.911245,0.686586266
28670,28.67,22.9140888,0.68653041
28680,28.68,22.917192,0.686429252
28690,28.69,22.9201212,0.686316715
28700,28.7,22.9231554,0.686190093
28710,28.71,22.9262396,0.686090442
28720,28.72,22.9295485,0.685995819
28730,28.73,22.9325503,0.685937349
28740,28.74,22.9359079,0.685962173
28750,28.75,22.9389923,0.685965865
28760,28.76,22.9418702,0.68598902
28770,28.77,22.9446914,0.685944083
28780,28.78,22.9475574,0.685946428
28790,28.79,22.9501985,0.685936935
28800,28.8,22.9533536,0.685934083
28810,28.81,22.9564915,0.685924779
28820,28.82,22.959529,0.685921582
28830,28.83,22.9626536,0.685939312
28840,28.84,22.9661652,0.685958725
28850,28.85,22.9696583,0.686067422
28860,28.86,22.9734376,0.686149072
28870,28.87,22.977182,0.686214351
28880,28.88,22.9808905,0.686264188
28890,28.89,22.9845987,0.686280455
28900,28.9,22.9889373,0.686361674
28910,28.91,22.9932821,0.68646801
28920,28.92,22.9976068,0.686573355
28930,28.93,23.00163,0.686603537
28940,28.94,23.0056688,0.686638562
28950,28.95,23.0094293,0.686693075
28960,28.96,23.0129629,0.686727009
28970,28.97,23.0164783,0.686776983
28980,28.98,23.0200532,0.686869432
28990,28.99,23.0234941,0.68695026
29000,29,23.0273463,0.687008371
29010,29.01,23.0311853,0.687077211
29020,29.02,23.0345694,0.687067397
29030,29.03,23.0377509,0.68697927
29040,29.04,23.0408621,0.68686196
29050,29.05,23.0440173,0.686756803
29060,29.06,23.0474268,0.686716908
29070,29.07,23.0507908,0.686667427
29080,29.08,23.0536644,0.686661359
29090,29.09,23.0567164,0.686645779
29100,29.1,23.0596147,0.686623319
29110,29.11,23.0624,0.686550345
29120,29.12,23.0655248,0.686437835
29130,29.13,23.0689282,0.686396963
29140,29.14,23.0723623,0.686344831
29150,29.15,23.0758367,0.686317908
29160,29.16,23.0792954,0.686223335
29170,29.17,23.0826997,0.686094116
29180,29.18,23.0862769,0.686015029
29190,29.19,23.0895958,0.685953628
29200,29.2,23.092995,0.685874093
29210,29.21,23.0965819,0.685858299
29220,29.22,23.099798,0.685759736
29230,29.23,23.1030881,0.685630171
29240,29.24,23.1060052,0.685464837
29250,29.25,23.1092267,0.685322693
29260,29.26,23.1120127,0.685229468
29270,29.27,23.1149566,0.685135281
29280,29.28,23.1179131,0.685085871
29290,29.29,23.120659,0.684961942
29300,29.3,23.1235921,0.684933603
29310,29.31,23.1265667,0.684899841
29320,29.32,23.1294605,0.684882157
29330,29.33,23.132177,0.684787748
29340,29.34,23.1351944,0.684758503
29350,29.35,23.1384979,0.684805836
29360,29.36,23.1415546,0.684793915
29370,29.37,23.1453415,0.68475375
29380,29.38,23.1494748,0.684754241
29390,29.39,23.153323,0.684721413
29400,29.4,23.1573429,0.684685625
29410,29.41,23.161079,0.684620707
29420,29.42,23.1647897,0.684560036
29430,29.43,23.1684838,0.684487708
29440,29.44,23.1720421,0.684346825
29450,29.45,23.1756915,0.684241534
29460,29.46,23.1794089,0.684168131
29470,29.47,23.1830252,0.684158731
29480,29.48,23.186792,0.684110693
29490,29.49,23.190447,0.68399522
29500,29.5,23.1941405,0.683910037
29510,29.51,23.1977569,0.683827859
29520,29.52,23.2012302,0.683733029
29530,29.53,23.2046872,0.683591205
29540,29.54,23.2082148,0.683563553
29550,29.55,23.2117634,0.68353523
29560,29.56,23.2150893,0.683499625
29570,29.57,23.2182125,0.683416142
29580,29.58,23.221663,0.683295272
29590,29.59,23.2251511,0.683142665
29600,29.6,23.2284395,0.682939296
29610,29.61,23.2318302,0.682813161
29620,29.62,23.2353472,0.682695417
29630,29.63,23.2389746,0.682573991
29640,29.64,23.2424922,0.682499645
29650,29.65,23.2457996,0.682406822
29660,29.66,23.2486419,0.682347962
29670,29.67,23.2516262,0.682359888
29680,29.68,23.2546584,0.682329556
29690,29.69,23.2578453,0.682363809
29700,29.7,23.2614066,0.682369876
29710,29.71,23.2648523,0.682335208
29720,29.72,23.2680587,0.682298438
29730,29.73,23.2712493,0.682231338
29740,29.74,23.2747399,0.682196962
29750,29.75,23.2782776,0.682180524
29760,29.76,23.2822924,0.682208132
29770,29.77,23.2860588,0.682272165
29780,29.78,23.2896364,0.682268615
29790,29.79,23.2931489,0.682207872
29800,29.8,23.2966229,0.682155367
29810,29.81,23.3,0.682128423
29820,29.82,23.3033075,0.682086987
29830,29.83,23.3071241,0.682079272
29840,29.84,23.3108364,0.682091864
29850,29.85,23.3144559,0.682213575
29860,29.86,23.3181017,0.68232103
29870,29.87,23.321605,0.682428627
29880,29.88,23.325321,0.682568924
29890,29.89,23.3288339,0.68275753
29900,29.9,23.332144,0.682850109
29910,29.91,23.3349594,0.682854371
29920,29.92,23.3378664,0.682860523
29930,29.93,23.3407682,0.682831235
29940,29.94,23.3437686,0.682726194
29950,29.95,23.3466793,0.682621649
29960,29.96,23.3493129,0.682604147
29970,29.97,23.3518277,0.682581653
29980,29.98,23.3545218,0.682530872
29990,29.99,23.357318,0.682562813
30000,30,23.3602668,0.682637662
30010,30.01,23.3632348,0.682707197
30020,30.02,23.3662291,0.682762933
30030,30.03,23.3691839,0.682813865
30040,30.04,23.3717561,0.682832043
30050,30.05,23.3743175,0.682913331
30060,30.06,23.3771508,0.683008101
30070,30.07,23.3800752,0.683074
30080,30.08,23.3833296,0.683150464
30090,30.09,23.3868979,0.683198723
30100,30.1,23.3905762,0.683353855
30110,30.11,23.3940256,0.683585367
30120,30.12,23.3972817,0.683842653
30130,30.13,23.4004591,0.68405574
30140,30.14,23.4034014,0.684224405
30150,30.15,23.4065744,0.68442664
30160,30.16,23.4098843,0.684655122
30170,30.17,23.4129657,0.684812087
30180,30.18,23.4160197,0.685021761
30190,30.19,23.4189662,0.685300901
30200,30.2,23.4219915,0.685648017
30210,30.21,23.4251049,0.68592341
30220,30.22,23.4279757,0.686234583
30230,30.23,23.4308477,0.686578912
30240,30.24,23.4336154,0.686877667
30250,30.25,23.4365547,0.687058295
30260,30.26,23.4389723,0.687314893
30270,30.27,23.4418622,0.687656527
30280,30.28,23.4445351,0.687999864
30290,30.29,23.4469552,0.688320182
30300,30.3,23.4496078,0.688683622
30310,30.31,23.4523062,0.68902002
30320,30.32,23.4550783,0.689310088
30330,30.33,23.4583227,0.689632607
30340,30.34,23.4614343,0.68999961
30350,30.35,23.4646211,0.690314458
30360,30.36,23.4677504,0.690554233
30370,30.37,23.4710906,0.69083157
30380,30.38,23.4742634,0.691094818
30390,30.39,23.4772667,0.691326824
30400,30.4,23.479974,0.691535486
30410,30.41,23.4827952,0.691776711
30420,30.42,23.4854416,0.691900584
30430,30.43,23.4879663,0.692124
30440,30.44,23.4905725,0.692324998
30450,30.45,23.4928044,0.692453296
30460,30.46,23.4952561,0.692592669
30470,30.47,23.4977396,0.692713507
30480,30.48,23.5001549,0.692821596
30490,30.49,23.5024189,0.692971629
30500,30.5,23.5047576,0.693112355
30510,30.51,23.5068376,0.693292522
30520,30.52,23.5090899,0.693437556
30530,30.53,23.5110966,0.693577242
30540,30.54,23.5131652,0.693755866
30550,30.55,23.5152767,0.693939644
30560,30.56,23.5174072,0.694170915
30570,30.57,23.5197016,0.694449828
30580,30.58,23.5221154,0.694776253
30590,30.59,23.5245518,0.695132124
30600,30.6,23.5272651,0.695536574
30610,30.61,23.5296084,0.695825081
30620,30.62,23.5323618,0.696139801
30630,30.63,23.5350139,0.696520189
30640,30.64,23.5374453,0.696852802
30650,30.65,23.5397008,0.697184398
30660,30.66,23.5420522,0.697580734
30670,30.67,23.544776,0.698007332
30680,30.68,23.5478727,0.698492285
30690,30.69,23.5511315,0.698923402
30700,30.7,23.5544447,0.699366628
30710,30.71,23.5577868,0.699770743
30720,30.72,23.5610384,0.70022903
30730,30.73,23.564371,0.700731733
30740,30.74,23.5675614,0.701208248
30750,30.75,23.5704097,0.701658733
30760,30.76,23.5735493,0.702162324
30770,30.77,23.5765393,0.702678751
30780,30.78,23.5795977,0.703226365
30790,30.79,23.5824907,0.703763035
30800,30.8,23.5853247,0.704347632
30810,30.81,23.588437,0.704995483
30820,30.82,23.5917339,0.705596436
30830,30.83,23.5953657,0.706166347
30840,30.84,23.5987035,0.706731193
30850,30.85,23.6020294,0.707258247
30860,30.86,23.6054624,0.70776936
30870,30.87,23.6087658,0.708212357
30880,30.88,23.6121281,0.708689694
30890,30.89,23.6157055,0.709163753
30900,30.9,23.6194505,0.709557631
30910,30.91,23.6230507,0.709938507
30920,30.92,23.6265661,0.710310443
30930,30.93,23.630026,0.710665965
30940,30.94,23.6333843,0.711032947
30950,30.95,23.6363739,0.711403758
30960,30.96,23.6395567,0.71171547
30970,30.97,23.6428202,0.7121061
30980,30.98,23.6457671,0.712442016
30990,30.99,23.6487749,0.71276297
31000,31,23.6519797,0.713086534
31010,31.01,23.655073,0.713438923
31020,31.02,23.6579012,0.713775073
31030,31.03,23.6608067,0.714170378
31040,31.04,23.6636884,0.71455255
31050,31.05,23.6667842,0.715036431
31060,31.06,23.6699479,0.715489074
31070,31.07,23.6728932,0.715963514
31080,31.08,23.6755796,0.716415122
31090,31.09,23.6785152,0.716879615
31100,31.1,23.681602,0.717316045
31110,31.11,23.6850254,0.717687244
31120,31.12,23.6884454,0.718024441
31130,31.13,23.6919735,0.718366084
31140,31.14,23.69522,0.718701512
31150,31.15,23.6981229,0.719022365
31160,31.16,23.7008462,0.719312872
31170,31.17,23.7040068,0.719630227
31180,31.18,23.7070165,0.719899694
31190,31.19,23.7094476,0.720223625
31200,31.2,23.7122011,0.720561705
31210,31.21,23.7152552,0.720873236
31220,31.22,23.7184185,0.721162498
31230,31.23,23.7215842,0.721465459
31240,31.24,23.7246871,0.721729056
31250,31.25,23.727669,0.721944528
31260,31.26,23.7310767,0.72218954
31270,31.27,23.7344967,0.722402374
31280,31.28,23.7382649,0.722690092
31290,31.29,23.7423045,0.722955589
31300,31.3,23.7459514,0.723224972
31310,31.31,23.7494361,0.723445661
31320,31.32,23.7528232,0.723669603
31330,31.33,23.7561663,0.723890624
31340,31.34,23.7593611,0.724104633
31350,31.35,23.7625549,0.724392394
31360,31.36,23.7654873,0.724605982
31370,31.37,23.7681069,0.724838588
31380,31.38,23.7709801,0.725128735
31390,31.39,23.7737374,0.725348508
31400,31.4,23.7763288,0.725623461
31410,31.41,23.778807,0.725850027
31420,31.42,23.7816064,0.726106919
31430,31.43,23.7843195,0.72638835
31440,31.44,23.786804,0.726607029
31450,31.45,23.7892733,0.726851381
31460,31.46,23.7916962,0.727128055
31470,31.47,23.7947927,0.727346959
31480,31.48,23.7980725,0.727655446
31490,31.49,23.8011236,0.727937058
31500,31.5,23.8043285,0.728245234
31510,31.51,23.8070867,0.728448985
31520,31.52,23.8098778,0.728704266
31530,31.53,23.8124042,0.728936607
31540,31.54,23.8148238,0.72910274
31550,31.55,23.8173992,0.729308049
31560,31.56,23.8199037,0.729515975
31570,31.57,23.8222534,0.729729113
31580,31.58,23.8247335,0.729963308
31590,31.59,23.8274491,0.730254994
31600,31.6,23.8301189,0.730504602
31610,31.61,23.8327332,0.730787819
31620,31.62,23.8352828,0.731068945
31630,31.63,23.8380293,0.731345823
31640,31.64,23.8407781,0.731606517
31650,31.65,23.8433644,0.731850638
31660,31.66,23.8464678,0.732231355
31670,31.67,23.8491772,0.732569358
31680,31.68,23.8518283,0.732945842
31690,31.69,23.8545482,0.733316687
31700,31.7,23.857202,0.733695497
31710,31.71,23.8598058,0.734033349
31720,31.72,23.8625234,0.734410755
31730,31.73,23.8654627,0.734748468
31740,31.74,23.8686847,0.735179301
31750,31.75,23.8721066,0.735646336
31760,31.76,23.8752029,0.736028436
31770,31.77,23.8785742,0.736379247
31780,31.78,23.8823914,0.736759246
31790,31.79,23.8863252,0.73710534
31800,31.8,23.8899694,0.737392465
31810,31.81,23.8935262,0.737624691
31820,31.82,23.8972748,0.737929385
31830,31.83,23.9014579,0.738243695
31840,31.84,23.9058499,0.738576143
31850,31.85,23.9101728,0.738892626
31860,31.86,23.9144074,0.739158742
31870,31.87,23.9180941,0.739395336
31880,31.88,23.9217057,0.739593238
31890,31.89,23.9253574,0.739780785
31900,31.9,23.929203,0.740001473
31910,31.91,23.9328954,0.740163397
31920,31.92,23.9366165,0.740350324
31930,31.93,23.9405748,0.740581533
31940,31.94,23.9443594,0.740753343
31950,31.95,23.9482237,0.740926533
31960,31.96,23.9520264,0.741169631
31970,31.97,23.9562101,0.741508592
31980,31.98,23.9602283,0.741825572
31990,31.99,23.9643344,0.742100216
32000,32,23.9680475,0.742311899
32010,32.01,23.9720646,0.742507115
32020,32.02,23.9760242,0.742767371
32030,32.03,23.9796454,0.742950145
32040,32.04,23.9835704,0.743117726
32050,32.05,23.987518,0.743313263
32060,32.06,23.9913294,0.743488544
32070,32.07,23.9952802,0.743639917
32080,32.08,23.9995115,0.743762669
32090,32.09,24.0033947,0.743968314
32100,32.1,24.0073332,0.744209289
32110,32.11,24.0111021,0.744353415
32120,32.12,24.0144643,0.74448658
32130,32.13,24.0183817,0.744656259
32140,32.14,24.0219445,0.744857677
32150,32.15,24.0255685,0.745099406
32160,32.16,24.0288686,0.745332649
32170,32.17,24.0324962,0.745543607
32180,32.18,24.0362249,0.74575144
32190,32.19,24.0400987,0.745935008
32200,32.2,24.0443703,0.746137457
32210,32.21,24.0485883,0.746332508
32220,32.22,24.0527396,0.746554365
32230,32.23,24.0568216,0.746850669
32240,32.24,24.0608757,0.747079305
32250,32.25,24.0653699,0.747408349
32260,32.26,24.0700647,0.747742456
32270,32.27,24.0742723,0.748061927
32280,32.28,24.0784668,0.7483693
32290,32.29,24.0828419,0.748705471
32300,32.3,24.0871343,0.749003111
32310,32.31,24.0914609,0.749306538
32320,32.32,24.0958232,0.749655036
32330,32.33,24.099894,0.750000174
32340,32.34,24.1041603,0.750369183
32350,32.35,24.108557,0.750723066
32360,32.36,24.1125558,0.751103115
32370,32.37,24.1165325,0.751418843
32380,32.38,24.1206542,0.751717643
32390,32.39,24.12505,0.752066676
32400,32.4,24.1293361,0.752422697
32410,32.41,24.1338108,0.752826713
32420,32.42,24.1380244,0.753152343
32430,32.43,24.1420065,0.753473863
32440,32.44,24.145759,0.753778521
32450,32.45,24.1496611,0.754100783
32460,32.46,24.1533066,0.754472168
32470,32.47,24.1567477,0.754815395
32480,32.48,24.1601902,0.755171032
32490,32.49,24.1635134,0.755507754
32500,32.5,24.1668378,0.755942307
32510,32.51,24.1702104,0.756360201
32520,32.52,24.1738339,0.756791344
32530,32.53,24.1772973,0.757260674
32540,32.54,24.1812693,0.757666962
32550,32.55,24.1850343,0.758133372
32560,32.56,24.1884349,0.758552797
32570,32.57,24.1919474,0.758938148
32580,32.58,24.1956468,0.759379972
32590,32.59,24.1995843,0.759836861
32600,32.6,24.2037008,0.760273253
32610,32.61,24.2074571,0.760746502
32620,32.62,24.2111936,0.761164597
32630,32.63,24.2148268,0.76163329
32640,32.64,24.2188063,0.762144726
32650,32.65,24.2225804,0.762645353
32660,32.66,24.2265586,0.763142545
32670,32.67,24.2307815,0.763634785
32680,32.68,24.2348074,0.764139996
32690,32.69,24.2386995,0.76458156
32700,32.7,24.2426515,0.765058899
32710,32.71,24.2460862,0.765465894
32720,32.72,24.2494707,0.765860834
32730,32.73,24.2529371,0.766240106
32740,32.74,24.2566144,0.76660019
32750,32.75,24.2598519,0.76693487
32760,32.76,24.2630609,0.767256736
32770,32.77,24.2662612,0.767553386
32780,32.78,24.2693217,0.767815517
32790,32.79,24.2724933,0.768144731
32800,32.8,24.2755806,0.768475215
32810,32.81,24.2786784,0.768823588
32820,32.82,24.2818604,0.769109993
32830,32.83,24.2851201,0.769376856
32840,32.84,24.2884942,0.769666609
32850,32.85,24.2917394,0.769923468
32860,32.86,24.2944686,0.770137203
32870,32.87,24.2970598,0.770446173
32880,32.88,24.2995275,0.770730364
32890,32.89,24.3020427,0.771078192
32900,32.9,24.3044046,0.771356121
32910,32.91,24.3069708,0.771692796
32920,32.92,24.3094493,0.772033621
32930,32.93,24.3124398,0.772391954
32940,32.94,24.3152162,0.772709477
32950,32.95,24.3180961,0.773096508
32960,32.96,24.3207297,0.773503905
32970,32.97,24.3238747,0.773940667
32980,32.98,24.3271889,0.774338844
32990,32.99,24.3301629,0.774711506
33000,33,24.333139,0.775058927
33010,33.01,24.3361031,0.775365131
33020,33.02,24.3393662,0.775719127
33030,33.03,24.3425535,0.776040114
33040,33.04,24.3452077,0.776413752
33050,33.05,24.3477742,0.776792541
33060,33.06,24.3505345,0.777116796
33070,33.07,24.3533366,0.777425743
33080,33.08,24.355982,0.777772749
33090,33.09,24.358638,0.778148885
33100,33.1,24.3609485,0.778498265
33110,33.11,24.3633204,0.778815926
33120,33.12,24.365768,0.779106209
33130,33.13,24.368249,0.779410931
33140,33.14,24.3708101,0.779753538
33150,33.15,24.3729981,0.780003385
33160,33.16,24.3755034,0.780277367
33170,33.17,24.3776983,0.780491495
33180,33.18,24.3799382,0.780710926
33190,33.19,24.3819989,0.780964744
33200,33.2,24.3842119,0.781288007
33210,33.21,24.3859097,0.781575416
33220,33.22,24.3875814,0.781891682
33230,33.23,24.3891007,0.782205866
33240,33.24,24.3907437,0.782475557
33250,33.25,24.3924447,0.782769831
33260,33.26,24.3942145,0.783032585
33270,33.27,24.3959148,0.783248434
33280,33.28,24.3976055,0.783501247
33290,33.29,24.3993613,0.783828041
33300,33.3,24.4010554,0.784141465
33310,33.31,24.4033002,0.784476734
33320,33.32,24.4052172,0.784871925
33330,33.33,24.4073612,0.785275896
33340,33.34,24.4096018,0.785670646
33350,33.35,24.4120003,0.78605053
33360,33.36,24.4143394,0.786416519
33370,33.37,24.4168063,0.786805846
33380,33.38,24.4191368,0.787169065
33390,33.39,24.4209005,0.787508017
33400,33.4,24.4225825,0.78788877
33410,33.41,24.4247684,0.788293016
33420,33.42,24.4268369,0.788737713
33430,33.43,24.4291689,0.789147165
33440,33.44,24.4311945,0.789549312
33450,33.45,24.4331283,0.789902552
33460,33.46,24.4351959,0.790314368
33470,33.47,24.4369965,0.790741216
33480,33.48,24.438789,0.791151876
33490,33.49,24.4406127,0.791534578
33500,33.5,24.4420479,0.792004526
33510,33.51,24.4437861,0.792458638
33520,33.52,24.4452782,0.792855138
33530,33.53,24.4468589,0.793336576
33540,33.54,24.4484418,0.793713779
33550,33.55,24.4498009,0.794075096
33560,33.56,24.4511717,0.794517892
33570,33.57,24.4525064,0.794975551
33580,33.58,24.4540664,0.795364613
33590,33.59,24.4553407,0.795814929
33600,33.6,24.4568813,0.796267747
33610,33.61,24.4583379,0.796656584
33620,33.62,24.4594178,0.797030193
33630,33.63,24.4606224,0.797477774
33640,33.64,24.4618037,0.797953443
33650,33.65,24.4630954,0.798449681
33660,33.66,24.4642269,0.798954784
33670,33.67,24.4652667,0.79943304
33680,33.68,24.466261,0.799905672
33690,33.69,24.4671234,0.800330546
33700,33.7,24.4679045,0.800794157
33710,33.71,24.468886,0.801295327
33720,33.72,24.4698577,0.801784785
33730,33.73,24.4705685,0.802300496
33740,33.74,24.4710891,0.802809459
33750,33.75,24.4716455,0.803379897
33760,33.76,24.4727928,0.803936348
33770,33.77,24.4739935,0.80454115
33780,33.78,24.4750688,0.805138679
33790,33.79,24.476266,0.8057709
33800,33.8,24.4773927,0.806377914
33810,33.81,24.4782061,0.80701691
33820,33.82,24.4793,0.807645707
33830,33.83,24.4805047,0.808277789
33840,33.84,24.481678,0.808969459
33850,33.85,24.482592,0.809600578
33860,33.86,24.483484,0.810202613
33870,33.87,24.4842118,0.810853417
33880,33.88,24.485179,0.811543339
33890,33.89,24.4860889,0.812259734
33900,33.9,24.4874495,0.812946842
33910,33.91,24.4884534,0.813689674
33920,33.92,24.4894563,0.814459967
33930,33.93,24.4906241,0.815305678
33940,33.94,24.4917829,0.816147958
33950,33.95,24.492819,0.816926481
33960,33.96,24.4939099,0.817804709
33970,33.97,24.4950013,0.818659459
33980,33.98,24.4958526,0.819524665
33990,33.99,24.4967246,0.820321615
34000,34,24.4975418,0.821154949
34010,34.01,24.4979893,0.821935024
34020,34.02,24.4982662,0.822705536
34030,34.03,24.4991908,0.823417945
34040,34.04,24.5000131,0.824105671
34050,34.05,24.500808,0.82482445
34060,34.06,24.5014982,0.825500497
34070,34.07,24.5022827,0.826265852
34080,34.08,24.5031025,0.82708116
34090,34.09,24.5039918,0.82788534
34100,34.1,24.5046494,0.828605179
34110,34.11,24.5051929,0.829321188
34120,34.12,24.5059792,0.830066218
34130,34.13,24.5062777,0.830900622
34140,34.14,24.5065049,0.831595685
34150,34.15,24.5066673,0.83230981
34160,34.16,24.5074743,0.833042514
34170,34.17,24.5083892,0.833709844
34180,34.18,24.5090923,0.834375562
34190,34.19,24.5096289,0.835080315
34200,34.2,24.510464,0.835740567
34210,34.21,24.5110429,0.836442733
34220,34.22,24.5120411,0.837233971
34230,34.23,24.5131509,0.838029983
34240,34.24,24.5145087,0.838773856
34250,34.25,24.5160929,0.8395243
34260,34.26,24.5179757,0.840311578
34270,34.27,24.5194445,0.841066961
34280,34.28,24.5204469,0.841792936
34290,34.29,24.5215448,0.842478285
34300,34.3,24.5226289,0.843218019
34310,34.31,24.5235848,0.843926643
34320,34.32,24.5245149,0.844604405
34330,34.33,24.525172,0.845316344
34340,34.34,24.5255879,0.846033583
34350,34.35,24.5261894,0.84681613
34360,34.36,24.5267953,0.847567604
34370,34.37,24.5274128,0.848380489
34380,34.38,24.5281689,0.849201075
34390,34.39,24.5292841,0.849966527
34400,34.4,24.5302528,0.850790013
34410,34.41,24.5313071,0.851591319
34420,34.42,24.5323167,0.852442056
34430,34.43,24.5333101,0.853229435
34440,34.44,24.5339394,0.853982009
34450,34.45,24.5347349,0.854754812
34460,34.46,24.5357761,0.855584489
34470,34.47,24.5367281,0.8563921
34480,34.48,24.5378769,0.857157738
34490,34.49,24.5390028,0.85784105
34500,34.5,24.5396927,0.858618293
34510,34.51,24.5405279,0.859404637
34520,34.52,24.5412359,0.860166982
34530,34.53,24.5418475,0.860915337
34540,34.54,24.5422608,0.861634631
34550,34.55,24.5424894,0.862364769
34560,34.56,24.5428422,0.863150503
34570,34.57,24.5430169,0.863967787
34580,34.58,24.543027,0.864709999
34590,34.59,24.5435545,0.865482394
34600,34.6,24.5442924,0.866243833
34610,34.61,24.5448637,0.866978794
34620,34.62,24.5451535,0.867756951
34630,34.63,24.5457752,0.868513471
34640,34.64,24.54655,0.869305023
34650,34.65,24.5472293,0.870049368
34660,34.66,24.5477328,0.870852445
34670,34.67,24.5484523,0.871648113
34680,34.68,24.5490345,0.872427379
34690,34.69,24.5495899,0.873187543
34700,34.7,24.5498698,0.873978543
34710,34.71,24.5497905,0.874781008
34720,34.72,24.5496687,0.875614023
34730,34.73,24.5499521,0.876479555
34740,34.74,24.5499103,0.877259808
34750,34.75,24.5501795,0.878118962
34760,34.76,24.5502338,0.878938691
34770,34.77,24.5498959,0.879712676
34780,34.78,24.5497344,0.880470436
34790,34.79,24.549609,0.881152869
34800,34.8,24.5496534,0.881791356
34810,34.81,24.549712,0.882383655
34820,34.82,24.5496737,0.88296041
34830,34.83,24.549689,0.883480498
34840,34.84,24.5498891,0.884018251
34850,34.85,24.5498859,0.884494063
34860,34.86,24.5501403,0.885006359
34870,34.87,24.5505047,0.885497597
34880,34.88,24.5508897,0.886041843
34890,34.89,24.5511526,0.886607666
34900,34.9,24.551226,0.887225532
34910,34.91,24.5513766,0.88789029
34920,34.92,24.5517282,0.888543042
34930,34.93,24.5521437,0.889163081
34940,34.94,24.5526054,0.889824109
34950,34.95,24.5533044,0.890495106
34960,34.96,24.5541314,0.891117744
34970,34.97,24.5551987,0.89173606
34980,34.98,24.5561182,0.89232373
34990,34.99,24.5573159,0.892949847
35000,35,24.5582475,0.893531534
35010,35.01,24.5593229,0.894209228
35020,35.02,24.5601785,0.894837511
35030,35.03,24.5611671,0.895455595
35040,35.04,24.5621071,0.896106867
35050,35.05,24.5632792,0.896813386
35060,35.06,24.5646707,0.897492128
35070,35.07,24.566115,0.898204706
35080,35.08,24.5674357,0.898949849
35090,35.09,24.5691064,0.899711648
35100,35.1,24.570666,0.900468501
35110,35.11,24.5720059,0.901204662
35120,35.12,24.5732105,0.901969258
35130,35.13,24.5741972,0.902734921
35140,35.14,24.5753663,0.903506441
35150,35.15,24.5767832,0.90433277
35160,35.16,24.5783077,0.905204275
35170,35.17,24.5799506,0.905990575
35180,35.18,24.5814723,0.906717618
35190,35.19,24.5827743,0.907520069
35200,35.2,24.583773,0.908277642
35210,35.21,24.5847817,0.909057876
35220,35.22,24.5864442,0.909871566
35230,35.23,24.588273,0.91072753
35240,35.24,24.5894487,0.911613674
35250,35.25,24.5903896,0.912512542
35260,35.26,24.5915381,0.913356994
35270,35.27,24.5924601,0.914176533
35280,35.28,24.5929183,0.914975455
35290,35.29,24.5934691,0.915785191
35300,35.3,24.5944531,0.916617536
35310,35.31,24.5954032,0.917401512
35320,35.32,24.596559,0.918200224
35330,35.33,24.5974844,0.918973497
35340,35.34,24.5983357,0.919706276
35350,35.35,24.5992409,0.920360258
35360,35.36,24.6006194,0.92105277
35370,35.37,24.6019253,0.921731635
35380,35.38,24.6032983,0.922423921
35390,35.39,24.6042473,0.923109037
35400,35.4,24.6052229,0.923801547
35410,35.41,24.6063237,0.924517225
35420,35.42,24.6074915,0.925288126
35430,35.43,24.6088242,0.926020412
35440,35.44,24.6100505,0.926783784
35450,35.45,24.611288,0.927510948
35460,35.46,24.6122617,0.928271147
35470,35.47,24.6127987,0.929052381
35480,35.48,24.6137047,0.929772789
35490,35.49,24.6148168,0.930566726
35500,35.5,24.6159481,0.931371374
35510,35.51,24.6171846,0.932113058
35520,35.52,24.6183906,0.932785707
35530,35.53,24.6194756,0.93350666
35540,35.54,24.6207045,0.934225823
35550,35.55,24.6221583,0.93496796
35560,35.56,24.6234299,0.93572706
35570,35.57,24.6246046,0.936483392
35580,35.58,24.6258794,0.93728264
35590,35.59,24.6273777,0.938035101
35600,35.6,24.6289826,0.938727536
35610,35.61,24.6301462,0.939542196
35620,35.62,24.6313451,0.940311949
35630,35.63,24.632424,0.941113441
35640,35.64,24.6329432,0.941928304
35650,35.65,24.6331277,0.94271953
35660,35.66,24.6330245,0.943465893
35670,35.67,24.6330981,0.944292197
35680,35.68,24.63379,0.945094842
35690,35.69,24.6340408,0.945858053
35700,35.7,24.6343166,0.946620949
35710,35.71,24.6344361,0.947375545
35720,35.72,24.6345212,0.94809671
35730,35.73,24.6345336,0.948829762
35740,35.74,24.6346061,0.949680381
35750,35.75,24.6346565,0.9505678
35760,35.76,24.6348816,0.951406162
35770,35.77,24.6347741,0.952273523
35780,35.78,24.6346544,0.953155111
35790,35.79,24.6348096,0.953989494
35800,35.8,24.6354775,0.954813569
35810,35.81,24.6363498,0.955733292
35820,35.82,24.6368946,0.956676819
35830,35.83,24.6373733,0.957573661
35840,35.84,24.6376044,0.958550743
35850,35.85,24.6380167,0.959495249
35860,35.86,24.6385724,0.960404707
35870,35.87,24.6387187,0.961334737
35880,35.88,24.6388884,0.962324406
35890,35.89,24.6391268,0.963271383
35900,35.9,24.6395852,0.964223139
35910,35.91,24.6397155,0.965214864
35920,35.92,24.6401317,0.96618736
35930,35.93,24.6403511,0.967101808
35940,35.94,24.6405733,0.967979406
35950,35.95,24.6410627,0.968811075
35960,35.96,24.6417192,0.969662427
35970,35.97,24.6423575,0.970561079
35980,35.98,24.6428555,0.971400968
35990,35.99,24.6436558,0.97216944
36000,36,24.6441792,0.972917989
36010,36.01,24.6447548,0.973745782
36020,36.02,24.6454942,0.974498554
36030,36.03,24.6461664,0.975233774
36040,36.04,24.6471345,0.976004057
36050,36.05,24.6487027,0.97682165
36060,36.06,24.6500972,0.977595045
36070,36.07,24.6511539,0.978418495
36080,36.08,24.6526124,0.979268789
36090,36.09,24.6539344,0.980040636
36100,36.1,24.6554407,0.980801428
36110,36.11,24.6564822,0.981471956
36120,36.12,24.6575652,0.982227739
36130,36.13,24.6587044,0.982931558
36140,36.14,24.6599877,0.983619728
36150,36.15,24.6616112,0.98423503
36160,36.16,24.6631156,0.984855942
36170,36.17,24.6644999,0.985474591
36180,36.18,24.6659717,0.986083864
36190,36.19,24.6671785,0.986661587
36200,36.2,24.6685222,0.987196571
36210,36.21,24.669781,0.987828689
36220,36.22,24.6711465,0.988406914
36230,36.23,24.6723975,0.988949711
36240,36.24,24.6735361,0.989519914
36250,36.25,24.675281,0.990089994
36260,36.26,24.6771968,0.990687644
36270,36.27,24.6788853,0.991245361
36280,36.28,24.6804508,0.991792406
36290,36.29,24.6818587,0.992359207
36300,36.3,24.6829342,0.992990187
36310,36.31,24.6839297,0.99359928
36320,36.32,24.6846891,0.99414666
36330,36.33,24.6859161,0.994718144
36340,36.34,24.6870705,0.995290887
36350,36.35,24.6879579,0.99575149
36360,36.36,24.6886918,0.996252103
36370,36.37,24.6895784,0.996769279
36380,36.38,24.6904218,0.997252389
36390,36.39,24.6912473,0.997725012
36400,36.4,24.6923221,0.998188232
36410,36.41,24.6934267,0.998694503
36420,36.42,24.6943701,0.99921874
36430,36.43,24.695356,0.999703396
36440,36.44,24.695936,1.00017312
36450,36.45,24.696469,1.00059606
36460,36.46,24.6969911,1.00104844
36470,36.47,24.6979368,1.00156386
36480,36.48,24.6986167,1.00210268
36490,36.49,24.6993322,1.00265564
36500,36.5,24.7005396,1.00317918
36510,36.51,24.7017739,1.00369962
36520,36.52,24.7030891,1.00426592
36530,36.53,24.7043609,1.00479162
36540,36.54,24.7053504,1.00533476
36550,36.55,24.7065933,1.00595993
36560,36.56,24.7082914,1.00664511
36570,36.57,24.7101428,1.00728311
36580,36.58,24.7118597,1.0079773
36590,36.59,24.7136178,1.00864267
36600,36.6,24.7152329,1.00933815
36610,36.61,24.7165399,1.01004247
36620,36.62,24.718408,1.01085229
36630,36.63,24.7201824,1.01163256
36640,36.64,24.7218597,1.01235718
36650,36.65,24.7236604,1.0130217
36660,36.66,24.7251961,1.01368275
36670,36.67,24.7268793,1.01433975
36680,36.68,24.7286417,1.0149673
36690,36.69,24.7306489,1.01566613
36700,36.7,24.7325529,1.01636313
36710,36.71,24.7344522,1.01706922
36720,36.72,24.7365155,1.01786989
36730,36.73,24.7388628,1.01862858
36740,36.74,24.7410483,1.01938341
36750,36.75,24.7433009,1.02014382
36760,36.76,24.7453301,1.02095343
36770,36.77,24.7477745,1.0217223
36780,36.78,24.7501294,1.02246734
36790,36.79,24.7527374,1.02325273
36800,36.8,24.7550712,1.02399751
36810,36.81,24.7572713,1.0247
36820,36.82,24.7596156,1.02538797
36830,36.83,24.7617899,1.02614794
36840,36.84,24.7641256,1.0268091
36850,36.85,24.766579,1.02751821
36860,36.86,24.7686267,1.02824703
36870,36.87,24.7701395,1.0289095
36880,36.88,24.7717134,1.02960693
36890,36.89,24.7729994,1.03025987
36900,36.9,24.7744523,1.03093721
36910,36.91,24.7759814,1.03159494
36920,36.92,24.777699,1.03231991
36930,36.93,24.7793358,1.03302915
36940,36.94,24.7812395,1.03378423
36950,36.95,24.7826846,1.0345543
36960,36.96,24.7844816,1.03518
36970,36.97,24.7858469,1.03578503
36980,36.98,24.7868005,1.03637426
36990,36.99,24.7881713,1.03698078
37000,37,24.7892906,1.03765657
37010,37.01,24.7899809,1.03835224
37020,37.02,24.7908401,1.03902752
37030,37.03,24.7916165,1.03970824
37040,37.04,24.7928443,1.04037187
37050,37.05,24.793898,1.04108535
37060,37.06,24.7949821,1.04169845
37070,37.07,24.7965227,1.04233118
37080,37.08,24.7977355,1.04293887
37090,37.09,24.7989757,1.04359575
37100,37.1,24.8000953,1.04427797
37110,37.11,24.8012905,1.04490025
37120,37.12,24.8025204,1.04553508
37130,37.13,24.8038821,1.04608894
37140,37.14,24.8052402,1.04672623
37150,37.15,24.8066153,1.04735952
37160,37.16,24.8078362,1.04801105
37170,37.17,24.808925,1.04867976
37180,37.18,24.8097197,1.04930863
37190,37.19,24.8104813,1.04999455
37200,37.2,24.8109393,1.05066513
37210,37.21,24.8110476,1.05129488
37220,37.22,24.8115274,1.05192645
37230,37.23,24.8122099,1.05252037
37240,37.24,24.8125273,1.05307603
37250,37.25,24.8120848,1.05356914
37260,37.26,24.8117684,1.05400324
37270,37.27,24.8115144,1.05445476
37280,37.28,24.8112819,1.05494274
37290,37.29,24.8110873,1.05544165
37300,37.3,24.8106209,1.0558882
37310,37.31,24.8102992,1.0562639
37320,37.32,24.8103083,1.05666207
37330,37.33,24.8101246,1.05713449
37340,37.34,24.8099191,1.05769
37350,37.35,24.8095326,1.05817942
37360,37.36,24.8086685,1.0586582
37370,37.37,24.8078579,1.05914846
37380,37.38,24.8071604,1.05957672
37390,37.39,24.8065759,1.0600181
37400,37.4,24.8058305,1.06040144
37410,37.41,24.8051215,1.06074402
37420,37.42,24.8043256,1.06113985
37430,37.43,24.803373,1.06153388
37440,37.44,24.8024536,1.06191206
37450,37.45,24.8018733,1.06229459
37460,37.46,24.8014375,1.06268703
37470,37.47,24.8009991,1.06303862
37480,37.48,24.8009484,1.06333103
37490,37.49,24.8005701,1.06370549
37500,37.5,24.8000234,1.06404279
37510,37.51,24.7993349,1.06434237
37520,37.52,24.7986167,1.06462072
37530,37.53,24.7979938,1.0649931
37540,37.54,24.7967879,1.06536706
37550,37.55,24.7957983,1.06574884
37560,37.56,24.7947619,1.06603107
37570,37.57,24.7939038,1.06633133
37580,37.58,24.7933334,1.06668449
37590,37.59,24.7923114,1.067062
37600,37.6,24.7911656,1.06751246
37610,37.61,24.7901078,1.06790623
37620,37.62,24.7889625,1.06836635
37630,37.63,24.787733,1.06871546
37640,37.64,24.7868825,1.06914898
37650,37.65,24.7859536,1.06961478
37660,37.66,24.7849804,1.0700619
37670,37.67,24.7841209,1.07053969
37680,37.68,24.7834847,1.07101311
37690,37.69,24.7827246,1.07155405
37700,37.7,24.7821916,1.07209983
37710,37.71,24.7816404,1.07266143
37720,37.72,24.7807915,1.07324001
37730,37.73,24.7800491,1.07377304
37740,37.74,24.7796703,1.07432056
37750,37.75,24.7796738,1.07487414
37760,37.76,24.7795379,1.07538364
37770,37.77,24.7794822,1.07580747
37780,37.78,24.7796049,1.07617652
37790,37.79,24.7794599,1.07662651
37800,37.8,24.7790614,1.07701501
37810,37.81,24.7786503,1.07741533
37820,37.82,24.7782361,1.07776876
37830,37.83,24.7780628,1.07816799
37840,37.84,24.7778813,1.07850685
37850,37.85,24.7778138,1.07888012
37860,37.86,24.7776765,1.07924215
37870,37.87,24.7774402,1.07963155
37880,37.88,24.7772085,1.08002468
37890,37.89,24.777158,1.08037643
37900,37.9,24.7772776,1.08074217
37910,37.91,24.7772739,1.08103718
37920,37.92,24.7768847,1.08127572
37930,37.93,24.7767104,1.08157228
37940,37.94,24.7762453,1.08188844
37950,37.95,24.7757555,1.08216742
37960,37.96,24.7754404,1.08251324
37970,37.97,24.7750796,1.08284863
37980,37.98,24.774834,1.08318107
37990,37.99,24.7746887,1.08355786
38000,38,24.7747625,1.0839235
38010,38.01,24.775053,1.08432309
38020,38.02,24.7752641,1.08475303
38030,38.03,24.7753931,1.08518131
38040,38.04,24.7756804,1.08547784
38050,38.05,24.7763096,1.08581719
38060,38.06,24.7766755,1.08617868
38070,38.07,24.7769615,1.08649068
38080,38.08,24.7774081,1.08686008
38090,38.09,24.7781166,1.08721684
38100,38.1,24.7789843,1.08752085
38110,38.11,24.7798361,1.08783769
38120,38.12,24.7808752,1.08827209
38130,38.13,24.7818339,1.08871101
38140,38.14,24.7830495,1.08919045
38150,38.15,24.7839989,1.08967483
38160,38.16,24.7849238,1.09012719
38170,38.17,24.785977,1.09058507
38180,38.18,24.7868854,1.09105286
38190,38.19,24.7876568,1.09148472
38200,38.2,24.7880527,1.09186864
38210,38.21,24.788438,1.09221416
38220,38.22,24.7888125,1.09248198
38230,38.23,24.7892956,1.09275341
38240,38.24,24.7896361,1.09313065
38250,38.25,24.7897504,1.09348574
38260,38.26,24.7898007,1.09392624
38270,38.27,24.7897943,1.09432111
38280,38.28,24.7898935,1.09467872
38290,38.29,24.7903303,1.09500935
38300,38.3,24.7903764,1.09536873
38310,38.31,24.7907038,1.09574685
38320,38.32,24.7907226,1.0961252
38330,38.33,24.7907773,1.09639639
38340,38.34,24.7908477,1.09668317
38350,38.35,24.7913168,1.09696508
38360,38.36,24.791332,1.09726696
38370,38.37,24.7911468,1.09754116
38380,38.38,24.7912364,1.09783429
38390,38.39,24.7913471,1.09817729
38400,38.4,24.7915179,1.09853781
38410,38.41,24.7914863,1.09889792
38420,38.42,24.7913162,1.09921775
38430,38.43,24.7912746,1.09958048
38440,38.44,24.79129,1.09991518
38450,38.45,24.7909591,1.10027605
38460,38.46,24.7908909,1.10060935
38470,38.47,24.7907204,1.10089112
38480,38.48,24.7903556,1.10114327
38490,38.49,24.7902942,1.10146455
38500,38.5,24.7901235,1.10172069
38510,38.51,24.7900304,1.10198226
38520,38.52,24.7896538,1.10226086
38530,38.53,24.7890173,1.10252863
38540,38.54,24.788968,1.10285018
38550,38.55,24.7888925,1.10317657
38560,38.56,24.7884413,1.10340123
38570,38.57,24.7880806,1.10362387
38580,38.58,24.7881573,1.10392137
38590,38.59,24.7880479,1.10416468
38600,38.6,24.7879482,1.10442778
38610,38.61,24.7878385,1.1046857
38620,38.62,24.7880365,1.10495815
38630,38.63,24.7881603,1.10521256
38640,38.64,24.788185,1.10547583
38650,38.65,24.7879681,1.10570932
38660,38.66,24.7877962,1.10599117
38670,38.67,24.7873649,1.10632102
38680,38.68,24.7871408,1.10666541
38690,38.69,24.7865248,1.10706122
38700,38.7,24.7862464,1.10740744
38710,38.71,24.7860079,1.10774341
38720,38.72,24.7855911,1.10806136
38730,38.73,24.7852089,1.10838901
38740,38.74,24.7844739,1.10874029
38750,38.75,24.7837011,1.10906176
38760,38.76,24.7832596,1.10939205
38770,38.77,24.782553,1.10971645
38780,38.78,24.7821702,1.11010121
38790,38.79,24.7817287,1.11044823
38800,38.8,24.7811043,1.11072028
38810,38.81,24.7806713,1.11094906
38820,38.82,24.7806151,1.11117866
38830,38.83,24.7807042,1.11143498
38840,38.84,24.7804664,1.11162036
38850,38.85,24.7802001,1.11183434
38860,38.86,24.7795728,1.11206609
38870,38.87,24.7794429,1.11227654
38880,38.88,24.7790937,1.11245088
38890,38.89,24.7787117,1.11266743
38900,38.9,24.7785673,1.11292412
38910,38.91,24.7783252,1.11307739
38920,38.92,24.7781314,1.1132524
38930,38.93,24.7776786,1.11352245
38940,38.94,24.7770654,1.11373225
38950,38.95,24.7764929,1.11395861
38960,38.96,24.7762074,1.11420591
38970,38.97,24.7758671,1.11437848
38980,38.98,24.7749935,1.11464395
38990,38.99,24.7741606,1.11493207
39000,39,24.7736407,1.11513904
39010,39.01,24.7731908,1.11534005
39020,39.02,24.7728416,1.11558725
39030,39.03,24.7724578,1.1158599
39040,39.04,24.7720884,1.11613713
39050,39.05,24.7717532,1.11636728
39060,39.06,24.7711695,1.116633
39070,39.07,24.7709386,1.11690565
39080,39.08,24.7708203,1.117216
39090,39.09,24.7704045,1.1175653
39100,39.1,24.770086,1.11793411
39110,39.11,24.7697306,1.11828427
39120,39.12,24.7692933,1.11860381
39130,39.13,24.7692518,1.11892812
39140,39.14,24.769332,1.11928058
39150,39.15,24.7696303,1.11956286
39160,39.16,24.7701537,1.11983173
39170,39.17,24.7704337,1.12013044
39180,39.18,24.7708626,1.12043047
39190,39.19,24.7714956,1.12081962
39200,39.2,24.7722736,1.12123174
39210,39.21,24.7733488,1.12162717
39220,39.22,24.7745773,1.12193438
39230,39.23,24.7756823,1.12228557
39240,39.24,24.7767158,1.12263824
39250,39.25,24.7778146,1.12303149
39260,39.26,24.7786125,1.12337704
39270,39.27,24.7798032,1.12377104
39280,39.28,24.7805682,1.12412657
39290,39.29,24.7815918,1.12454835
39300,39.3,24.7828198,1.12500079
39310,39.31,24.7840861,1.1254261
39320,39.32,24.7856472,1.12585498
39330,39.33,24.7864956,1.12622772
39340,39.34,24.7873155,1.12664198
39350,39.35,24.7882089,1.12713423
39360,39.36,24.7892748,1.12759281
39370,39.37,24.7900651,1.12804623
39380,39.38,24.7908676,1.12846997
39390,39.39,24.7916967,1.12894541
39400,39.4,24.7926723,1.12941007
39410,39.41,24.7936764,1.12990155
39420,39.42,24.7950409,1.13037744
39430,39.43,24.7963104,1.13084529
39440,39.44,24.797611,1.13132128
39450,39.45,24.7990623,1.1317031
39460,39.46,24.8002729,1.13207031
39470,39.47,24.80172,1.13248677
39480,39.48,24.803238,1.13286285
39490,39.49,24.804614,1.1331621
39500,39.5,24.8058523,1.13343952
39510,39.51,24.8071884,1.13374098
39520,39.52,24.8083593,1.13404742
39530,39.53,24.8095383,1.13436203
39540,39.54,24.8108481,1.1346467
39550,39.55,24.8119665,1.13490214
39560,39.56,24.8137396,1.13520772
39570,39.57,24.815489,1.1354932
39580,39.58,24.8170614,1.13580654
39590,39.59,24.8190318,1.13611445
39600,39.6,24.820655,1.1364189
39610,39.61,24.8220094,1.13668337
39620,39.62,24.8239117,1.1368904
39630,39.63,24.8255687,1.13718433
39640,39.64,24.8273464,1.13746008
39650,39.65,24.8291,1.13766693
39660,39.66,24.8309888,1.13783024
39670,39.67,24.8329149,1.13792113
39680,39.68,24.8344867,1.13808887
39690,39.69,24.8363277,1.13827897
39700,39.7,24.8376401,1.13838342
39710,39.71,24.8390058,1.13851727
39720,39.72,24.8400414,1.13861695
39730,39.73,24.8410072,1.13869595
39740,39.74,24.841991,1.13876083
39750,39.75,24.843088,1.13880688
39760,39.76,24.8443517,1.138823
39770,39.77,24.8461696,1.13890097
39780,39.78,24.8481497,1.13894061
39790,39.79,24.8497535,1.13905788
39800,39.8,24.8514371,1.1391107
39810,39.81,24.8528122,1.13918307
39820,39.82,24.8540825,1.13924161
39830,39.83,24.8555534,1.13931685
39840,39.84,24.8566145,1.13936331
39850,39.85,24.8577691,1.13941158
39860,39.86,24.8585969,1.13946916
39870,39.87,24.8595144,1.13942963
39880,39.88,24.8606573,1.13943673
39890,39.89,24.8620525,1.13939671
39900,39.9,24.8633915,1.13942876
39910,39.91,24.8643441,1.13951083
39920,39.92,24.8652734,1.13959719
39930,39.93,24.8663169,1.13966086
39940,39.94,24.8677381,1.13973079
39950,39.95,24.8689986,1.1397708
39960,39.96,24.8702909,1.13987082
39970,39.97,24.8719361,1.1399587
39980,39.98,24.8736012,1.14001729
39990,39.99,24.8753077,1.13996792
40000,40,24.8772293,1.1399988
40010,40.01,24.8793804,1.14000894
40020,40.02,24.8813178,1.14003913
40030,40.03,24.8830965,1.14006022
40040,40.04,24.8847129,1.14008185
40050,40.05,24.8861779,1.14011291
40060,40.06,24.8878682,1.14009196
40070,40.07,24.8896778,1.14002163
40080,40.08,24.8917334,1.13991879
40090,40.09,24.8943207,1.13980755
40100,40.1,24.8969288,1.1396693
40110,40.11,24.8995767,1.13953317
40120,40.12,24.9026715,1.13939049
40130,40.13,24.9058352,1.13925516
40140,40.14,24.9085149,1.13913817
40150,40.15,24.9110957,1.13898226
40160,40.16,24.9131583,1.13878937
40170,40.17,24.9154706,1.13858779
40180,40.18,24.9178457,1.13839536
40190,40.19,24.9200776,1.13819474
40200,40.2,24.9225492,1.13806733
40210,40.21,24.9250358,1.1379095
40220,40.22,24.9273173,1.13783375
40230,40.23,24.9293724,1.13777113
40240,40.24,24.9316222,1.13771612
40250,40.25,24.9336857,1.13768374
40260,40.26,24.9357545,1.13759023
40270,40.27,24.9379261,1.13757407
40280,40.28,24.9400199,1.13758348
40290,40.29,24.941959,1.13754642
40300,40.3,24.9436503,1.13744063
40310,40.31,24.945346,1.13733429
40320,40.32,24.9471569,1.13721826
40330,40.33,24.9492161,1.13711733
40340,40.34,24.951279,1.13698311
40350,40.35,24.9535864,1.13679614
40360,40.36,24.9555732,1.13673763
40370,40.37,24.9574906,1.13676181
40380,40.38,24.9596452,1.13671371
40390,40.39,24.9615005,1.13669904
40400,40.4,24.9633861,1.13667263
40410,40.41,24.965326,1.13662437
40420,40.42,24.9673771,1.13653291
40430,40.43,24.9693366,1.13643714
40440,40.44,24.9710185,1.13639195
40450,40.45,24.9723818,1.13635209
40460,40.46,24.9737157,1.13630969
40470,40.47,24.9751658,1.13622584
40480,40.48,24.97702,1.13615043
40490,40.49,24.9786605,1.1360048
40500,40.5,24.9803271,1.13583856
40510,40.51,24.9817695,1.13575317
40520,40.52,24.983282,1.13566402
40530,40.53,24.9844053,1.13558988
40540,40.54,24.9856132,1.13551513
40550,40.55,24.9868213,1.13546338
40560,40.56,24.9882552,1.13538029
40570,40.57,24.9893986,1.13533478
40580,40.58,24.9906025,1.13531101
40590,40.59,24.9917971,1.13524785
40600,40.6,24.9931574,1.13524165
40610,40.61,24.9940699,1.1352225
40620,40.62,24.9947023,1.13524812
40630,40.63,24.9954707,1.13521826
40640,40.64,24.995945,1.13510188
40650,40.65,24.9966777,1.13503372
40660,40.66,24.9976129,1.13489575
40670,40.67,24.9989889,1.13475369
40680,40.68,25.0001352,1.13454693
40690,40.69,25.0007981,1.13426708
40700,40.7,25.0016867,1.13399766
40710,40.71,25.0023879,1.13369782
40720,40.72,25.0029873,1.13333488
40730,40.73,25.0033217,1.13299741
40740,40.74,25.0038545,1.13266528
40750,40.75,25.0045477,1.13224926
40760,40.76,25.0053538,1.13194715
40770,40.77,25.0061809,1.13162762
40780,40.78,25.0069205,1.13140731
40790,40.79,25.0078283,1.13118232
40800,40.8,25.0090832,1.13095788
40810,40.81,25.0104094,1.13074568
40820,40.82,25.0113636,1.13046448
40830,40.83,25.0123018,1.13011503
40840,40.84,25.0131683,1.12984055
40850,40.85,25.0140631,1.12952846
40860,40.86,25.0150131,1.12915305
40870,40.87,25.015752,1.12878737
40880,40.88,25.0165192,1.12835613
40890,40.89,25.0174094,1.127973
40900,40.9,25.0186721,1.12762543
40910,40.91,25.0200771,1.12731426
40920,40.92,25.0212814,1.127052
40930,40.93,25.0226896,1.12683026
40940,40.94,25.0243024,1.12665396
40950,40.95,25.0259715,1.12645797
40960,40.96,25.0281857,1.12631613
40970,40.97,25.0310447,1.12615625
40980,40.98,25.0334409,1.1260289
40990,40.99,25.0363833,1.12580984
41000,41,25.0390813,1.1255989
41010,41.01,25.041763,1.12539079
41020,41.02,25.0443187,1.12524232
41030,41.03,25.0467222,1.12504788
41040,41.04,25.0492129,1.12481597
41050,41.05,25.0515259,1.12467353
41060,41.06,25.0538951,1.12449975
41070,41.07,25.0562133,1.12438343
41080,41.08,25.0582717,1.12423496
41090,41.09,25.0607071,1.12412627
41100,41.1,25.0630067,1.12403416
41110,41.11,25.0653877,1.1238629
41120,41.12,25.0678613,1.12362557
41130,41.13,25.0703449,1.12338917
41140,41.14,25.0727882,1.12320237
41150,41.15,25.0750638,1.12300729
41160,41.16,25.0776709,1.12279425
41170,41.17,25.0803266,1.12253609
41180,41.18,25.0826943,1.12226723
41190,41.19,25.0853284,1.1220322
41200,41.2,25.0884546,1.12173677
41210,41.21,25.0912989,1.12140583
41220,41.22,25.0938433,1.12108608
41230,41.23,25.0965563,1.12075696
41240,41.24,25.0990777,1.12044169
41250,41.25,25.1016978,1.12020034
41260,41.26,25.1041576,1.11991975
41270,41.27,25.1070151,1.11960536
41280,41.28,25.11004,1.11926059
41290,41.29,25.1133432,1.11889279
41300,41.3,25.1164747,1.11859776
41310,41.31,25.1197291,1.11832685
41320,41.32,25.1227869,1.11801486
41330,41.33,25.1259378,1.11776702
41340,41.34,25.1295096,1.11753337
41350,41.35,25.1330747,1.11732355
41360,41.36,25.1364824,1.11712324
41370,41.37,25.1399234,1.11692261
41380,41.38,25.1436341,1.11667125
41390,41.39,25.1476989,1.11638213
41400,41.4,25.1514806,1.11605915
41410,41.41,25.1548545,1.11574536
41420,41.42,25.1582234,1.11541638
41430,41.43,25.1615708,1.11512336
41440,41.44,25.1649484,1.11484559
41450,41.45,25.1686558,1.11458716
41460,41.46,25.1722862,1.11435182
41470,41.47,25.1759946,1.1141134
41480,41.48,25.179809,1.11387668
41490,41.49,25.1834203,1.11367442
41500,41.5,25.1870497,1.11349339
41510,41.51,25.1902516,1.11324287
41520,41.52,25.1931634,1.11298626
41530,41.53,25.1967261,1.11274561
41540,41.54,25.2002515,1.11246289
41550,41.55,25.2035054,1.11217592
41560,41.56,25.2063059,1.11199154
41570,41.57,25.2094782,1.11184196
41580,41.58,25.2125712,1.11167617
41590,41.59,25.2157939,1.11149121
41600,41.6,25.2194158,1.11131965
41610,41.61,25.223106,1.11117512
41620,41.62,25.2265871,1.11101529
41630,41.63,25.2300814,1.11091592
41640,41.64,25.2337891,1.11079195
41650,41.65,25.2374149,1.1107043
41660,41.66,25.240841,1.11060392
41670,41.67,25.2443146,1.11052589
41680,41.68,25.2480265,1.1104989
41690,41.69,25.2517659,1.11047861
41700,41.7,25.2553509,1.11049883
41710,41.71,25.259292,1.11047872
41720,41.72,25.2633655,1.11037387
41730,41.73,25.2671888,1.11026167
41740,41.74,25.2710148,1.11015359
41750,41.75,25.2750312,1.11001303
41760,41.76,25.2792551,1.10991739
41770,41.77,25.2834765,1.10968725
41780,41.78,25.2876357,1.10943861
41790,41.79,25.2916487,1.10913426
41800,41.8,25.2955466,1.10880496
41810,41.81,25.2991549,1.10848429
41820,41.82,25.3028778,1.10804211
41830,41.83,25.3070561,1.10766938
41840,41.84,25.3106962,1.10725501
41850,41.85,25.3144534,1.10685988
41860,41.86,25.3183073,1.10641973
41870,41.87,25.3220013,1.10602982
41880,41.88,25.3254267,1.10568984
41890,41.89,25.3286647,1.10528127
41900,41.9,25.3319978,1.10492535
41910,41.91,25.3352028,1.10459001
41920,41.92,25.3384087,1.10423482
41930,41.93,25.3415728,1.10395734
41940,41.94,25.3449012,1.10354028
41950,41.95,25.3488762,1.10318133
41960,41.96,25.3525046,1.10291804
41970,41.97,25.3561298,1.10259778
41980,41.98,25.3595753,1.10225943
41990,41.99,25.3634869,1.10199132
42000,42,25.3672543,1.10168891
42010,42.01,25.3709,1.10139837
42020,42.02,25.3746079,1.10108374
42030,42.03,25.3784969,1.10076962
42040,42.04,25.382514,1.10042517
42050,42.05,25.3862349,1.1001455
42060,42.06,25.3900446,1.09985645
42070,42.07,25.3941149,1.09962715
42080,42.08,25.3982024,1.09942331
42090,42.09,25.4021245,1.09910201
42100,42.1,25.4062803,1.09872696
42110,42.11,25.4103129,1.09839942
42120,42.12,25.4141047,1.09799494
42130,42.13,25.4176294,1.09758665
42140,42.14,25.4208914,1.09720975
42150,42.15,25.42443,1.09684197
42160,42.16,25.4282605,1.09639902
42170,42.17,25.431989,1.09602937
42180,42.18,25.435978,1.09571858
42190,42.19,25.4398689,1.09529498
42200,42.2,25.4438265,1.0947983
42210,42.21,25.4471721,1.09431863
42220,42.22,25.4501512,1.09383834
42230,42.23,25.4531609,1.09339349
42240,42.24,25.4558414,1.09291111
42250,42.25,25.4590162,1.09237338
42260,42.26,25.4625602,1.09180108
42270,42.27,25.4659099,1.09134955
42280,42.28,25.469288,1.09083685
42290,42.29,25.4725913,1.0904171
42300,42.3,25.4765676,1.09002187
42310,42.31,25.4804674,1.08956677
42320,42.32,25.4845679,1.08919457
42330,42.33,25.4885549,1.08877306
42340,42.34,25.4924163,1.08829389
42350,42.35,25.496051,1.08779734
42360,42.36,25.4995243,1.08731347
42370,42.37,25.5030941,1.08669639
42380,42.38,25.5067264,1.0860806
42390,42.39,25.5104184,1.08547976
42400,42.4,25.5145249,1.08497818
42410,42.41,25.5185091,1.08445788
42420,42.42,25.5230773,1.08393056
42430,42.43,25.5271311,1.08331952
42440,42.44,25.5308947,1.08272273
42450,42.45,25.5347198,1.08216754
42460,42.46,25.5387745,1.08160718
42470,42.47,25.542836,1.08102305
42480,42.48,25.5464137,1.08045602
42490,42.49,25.5503069,1.07985566
42500,42.5,25.5541854,1.07924032
42510,42.51,25.5578934,1.07864208
42520,42.52,25.5617943,1.07798332
42530,42.53,25.565768,1.07731652
42540,42.54,25.5696537,1.07666794
42550,42.55,25.5739874,1.07597062
42560,42.56,25.5782582,1.07533185
42570,42.57,25.5828317,1.07468675
42580,42.58,25.5874554,1.07396284
42590,42.59,25.5919656,1.07331034
42600,42.6,25.5964917,1.07266758
42610,42.61,25.6013903,1.07193274
42620,42.62,25.6060126,1.07126605
42630,42.63,25.6108574,1.07060105
42640,42.64,25.6156953,1.06998057
42650,42.65,25.6204913,1.06942355
42660,42.66,25.6258309,1.06884017
42670,42.67,25.6308916,1.068167
42680,42.68,25.6359199,1.06753523
42690,42.69,25.6410659,1.06694037
42700,42.7,25.6458644,1.06637995
42710,42.71,25.650951,1.06585468
42720,42.72,25.6560862,1.06528773
42730,42.73,25.6612656,1.06467847
42740,42.74,25.6665244,1.06402802
42750,42.75,25.6718462,1.06351971
42760,42.76,25.6770647,1.06297623
42770,42.77,25.682311,1.06234351
42780,42.78,25.6878167,1.06181421
42790,42.79,25.6935003,1.06124916
42800,42.8,25.6992046,1.06065434
42810,42.81,25.7049545,1.06006827
42820,42.82,25.7103833,1.05942457
42830,42.83,25.7159045,1.05878679
42840,42.84,25.7212675,1.05811701
42850,42.85,25.7266984,1.05750381
42860,42.86,25.7321915,1.05695372
42870,42.87,25.7376865,1.05639676
42880,42.88,25.7435247,1.05588816
42890,42.89,25.7495911,1.0553343
42900,42.9,25.7555141,1.05478021
42910,42.91,25.761641,1.05427177
42920,42.92,25.7678037,1.05372715
42930,42.93,25.7738347,1.05312494
42940,42.94,25.7793839,1.0525122
42950,42.95,25.7851481,1.05193141
42960,42.96,25.7911458,1.05138032
42970,42.97,25.7970607,1.05081051
42980,42.98,25.8028155,1.0501938
42990,42.99,25.8084562,1.04965112
43000,43,25.814391,1.04897356
43010,43.01,25.8200167,1.04841248
43020,43.02,25.8256955,1.04781999
43030,43.03,25.8315909,1.04724024
43040,43.04,25.8374258,1.0466525
43050,43.05,25.8432971,1.04603287
43060,43.06,25.8490903,1.04543625
43070,43.07,25.8544757,1.04484943
43080,43.08,25.859932,1.04420649
43090,43.09,25.8653122,1.04361352
43100,43.1,25.8705426,1.04299149
43110,43.11,25.875437,1.04234602
43120,43.12,25.880288,1.04176135
43130,43.13,25.8850598,1.04111793
43140,43.14,25.8901121,1.040502
43150,43.15,25.8948404,1.0398438
43160,43.16,25.9000954,1.03923226
43170,43.17,25.9055311,1.03864035
43180,43.18,25.9108384,1.03805684
43190,43.19,25.9166682,1.03739425
43200,43.2,25.9219322,1.0367814
43210,43.21,25.9272009,1.03627823
43220,43.22,25.9328211,1.03583566
43230,43.23,25.9382284,1.03537747
43240,43.24,25.9434049,1.0348641
43250,43.25,25.9487697,1.03434638
43260,43.26,25.9535385,1.033883
43270,43.27,25.9585872,1.03343664
43280,43.28,25.9632358,1.03296907
43290,43.29,25.9680326,1.03253388
43300,43.3,25.972612,1.0321026
43310,43.31,25.9768816,1.03167357
43320,43.32,25.9816466,1.03120188
43330,43.33,25.9863964,1.03076591
43340,43.34,25.9914632,1.03028525
43350,43.35,25.9962293,1.02981662
43360,43.36,26.0011939,1.02934872
43370,43.37,26.0061043,1.02897143
43380,43.38,26.0109982,1.0285482
43390,43.39,26.0160136,1.02812409
43400,43.4,26.021519,1.02767584
43410,43.41,26.0270645,1.02717854
43420,43.42,26.0322968,1.02673732
43430,43.43,26.0376699,1.02629209
43440,43.44,26.0431773,1.02577674
43450,43.45,26.0485271,1.02520223
43460,43.46,26.053721,1.02462271
43470,43.47,26.0586956,1.02399262
43480,43.48,26.0634526,1.02336033
43490,43.49,26.0683102,1.02282054
43500,43.5,26.0726392,1.02224967
43510,43.51,26.0771362,1.02169049
43520,43.52,26.0810088,1.02120473
43530,43.53,26.0849863,1.02074107
43540,43.54,26.0891745,1.02031049
43550,43.55,26.0933169,1.0199027
43560,43.56,26.0972998,1.0194665
43570,43.57,26.1015842,1.01895303
43580,43.58,26.105261,1.01838752
43590,43.59,26.1089807,1.01784542
43600,43.6,26.1131386,1.0173483
43610,43.61,26.1171584,1.01679775
43620,43.62,26.1211517,1.01631872
43630,43.63,26.1253487,1.01580023
43640,43.64,26.1296291,1.01524012
43650,43.65,26.134161,1.01470878
43660,43.66,26.1382758,1.01414366
43670,43.67,26.1425003,1.01355598
43680,43.68,26.1467428,1.01295097
43690,43.69,26.1509464,1.01236327
43700,43.7,26.1550554,1.01182005
43710,43.71,26.1592841,1.0112828
43720,43.72,26.1635699,1.01072547
43730,43.73,26.1681447,1.01023299
43740,43.74,26.1726114,1.00962822
43750,43.75,26.1766978,1.00912778
43760,43.76,26.1806801,1.0086397
43770,43.77,26.1848224,1.0081447
43780,43.78,26.1891013,1.00764851
43790,43.79,26.1929808,1.00719642
43800,43.8,26.1969319,1.00673188
43810,43.81,26.2011356,1.00629433
43820,43.82,26.2053721,1.0058213
43830,43.83,26.2094488,1.00544238
43840,43.84,26.213678,1.00515815
43850,43.85,26.2181809,1.0048354
43860,43.86,26.2226025,1.00451108
43870,43.87,26.2267053,1.00424768
43880,43.88,26.2309544,1.003959
43890,43.89,26.234929,1.00367013
43900,43.9,26.2390578,1.00339867
43910,43.91,26.2427755,1.00299377
43920,43.92,26.246804,1.00266099
43930,43.93,26.2507416,1.00228668
43940,43.94,26.2547047,1.00189758
43950,43.95,26.2587599,1.00159697
43960,43.96,26.2632795,1.0012917
43970,43.97,26.2677832,1.00102996
43980,43.98,26.2723078,1.00073075
43990,43.99,26.2772595,1.00043258
44000,44,26.2821367,1.00004806
44010,44.01,26.2873043,0.999640253
44020,44.02,26.2921937,0.999202682
44030,44.03,26.2972601,0.998723904
44040,44.04,26.3023899,0.998344553
44050,44.05,26.3078169,0.997969143
44060,44.06,26.3128146,0.997618471
44070,44.07,26.317676,0.997210986
44080,44.08,26.3221393,0.9968745
44090,44.09,26.3266403,0.996538385
44100,44.1,26.3306533,0.996168639
44110,44.11,26.3347332,0.995803254
44120,44.12,26.3387652,0.995441859
44130,44.13,26.3427493,0.99510104
44140,44.14,26.3468053,0.99467869
44150,44.15,26.3509203,0.994178727
44160,44.16,26.3549597,0.993704257
44170,44.17,26.3590858,0.993228526
44180,44.18,26.3630265,0.992782624
44190,44.19,26.3671411,0.992301812
44200,44.2,26.3712823,0.991867503
44210,44.21,26.3749666,0.991495261
44220,44.22,26.3786634,0.991130119
44230,44.23,26.3825136,0.990755918
44240,44.24,26.386481,0.990374465
44250,44.25,26.3905562,0.990011501
44260,44.26,26.3942962,0.989665058
44270,44.27,26.3985055,0.989280788
44280,44.28,26.4025687,0.9890197
44290,44.29,26.406588,0.988781236
44300,44.3,26.410503,0.988496596
44310,44.31,26.4141645,0.9881036
44320,44.32,26.4180568,0.987710823
44330,44.33,26.4221076,0.987379748
44340,44.34,26.4259578,0.98697639
44350,44.35,26.4298857,0.98658717
44360,44.36,26.4338224,0.986069008
44370,44.37,26.4380894,0.985559962
44380,44.38,26.4420914,0.985051162
44390,44.39,26.4457832,0.984617208
44400,44.4,26.449647,0.984147921
44410,44.41,26.4537642,0.983688662
44420,44.42,26.4580204,0.983133527
44430,44.43,26.4625641,0.982599292
44440,44.44,26.4670935,0.982045595
44450,44.45,26.4716952,0.981585201
44460,44.46,26.4759408,0.981115726
44470,44.47,26.4808618,0.980664219
44480,44.48,26.4855082,0.980184711
44490,44.49,26.4903964,0.97969684
44500,44.5,26.4953242,0.979167827
44510,44.51,26.500412,0.978701871
44520,44.52,26.5050436,0.978214511
44530,44.53,26.5092351,0.977819722
44540,44.54,26.513615,0.977363755
44550,44.55,26.5178295,0.976976677
44560,44.56,26.522179,0.976633515
44570,44.57,26.5265565,0.976279583
44580,44.58,26.5308272,0.975901062
44590,44.59,26.535062,0.975552744
44600,44.6,26.5392053,0.975235524
44610,44.61,26.5431679,0.974891675
44620,44.62,26.5472839,0.974564143
44630,44.63,26.5513526,0.974207078
44640,44.64,26.5554378,0.973851345
44650,44.65,26.5595533,0.973570442
44660,44.66,26.5636618,0.973321984
44670,44.67,26.5679153,0.973154304
44680,44.68,26.5721287,0.973043523
44690,44.69,26.5763446,0.972921873
44700,44.7,26.5806283,0.972831049
44710,44.71,26.5850797,0.972793627
44720,44.72,26.5892973,0.972731722
44730,44.73,26.5933426,0.972637697
44740,44.74,26.5972716,0.97250442
44750,44.75,26.6011319,0.972380262
44760,44.76,26.604846,0.972257491
44770,44.77,26.6084635,0.972153445
44780,44.78,26.6117405,0.972019477
44790,44.79,26.6155567,0.971941092
44800,44.8,26.6194679,0.971881421
44810,44.81,26.6230547,0.971770392
44820,44.82,26.6264971,0.971675287
44830,44.83,26.6302109,0.971613201
44840,44.84,26.6337341,0.971539631
44850,44.85,26.6377073,0.971463608
44860,44.86,26.6409772,0.971357841
44870,44.87,26.644099,0.971285446
44880,44.88,26.6472964,0.971274559
44890,44.89,26.6506336,0.971260435
44900,44.9,26.6539533,0.971218874
44910,44.91,26.6572165,0.971195698
44920,44.92,26.6606661,0.971199989
44930,44.93,26.6640423,0.971172847
44940,44.94,26.6674204,0.97106201
44950,44.95,26.6713869,0.970978391
44960,44.96,26.675722,0.970893491
44970,44.97,26.6796976,0.970793203
44980,44.98,26.6838314,0.970647087
44990,44.99,26.6878975,0.970618549
45000,45,26.6917431,0.970642274
45010,45.01,26.6957598,0.970658366
45020,45.02,26.6998181,0.970720596
45030,45.03,26.7040933,0.970779912
45040,45.04,26.7083185,0.970868739
45050,45.05,26.7124014,0.970941459
45060,45.06,26.7165267,0.971038457
45070,45.07,26.7203753,0.971179357
45080,45.08,26.7244906,0.971370224
45090,45.09,26.7284874,0.971483402
45100,45.1,26.7323546,0.971639495
45110,45.11,26.7364168,0.971747832
45120,45.12,26.7404241,0.971895578
45130,45.13,26.7443801,0.971976456
45140,45.14,26.7483368,0.972052907
45150,45.15,26.7520243,0.972161974
45160,45.16,26.7558299,0.972272707
45170,45.17,26.759689,0.972433277
45180,45.18,26.7634963,0.972590289
45190,45.19,26.7675261,0.972627081
45200,45.2,26.771182,0.972740768
45210,45.21,26.7750181,0.972767795
45220,45.22,26.778551,0.972764032
45230,45.23,26.7824178,0.972723148
45240,45.24,26.7859397,0.972704984
45250,45.25,26.7894126,0.972657225
45260,45.26,26.7928559,0.972565144
45270,45.27,26.7962158,0.972474092
45280,45.28,26.7992368,0.972447616
45290,45.29,26.8024159,0.972366148
45300,45.3,26.8057215,0.972162959
45310,45.31,26.8090831,0.972047555
45320,45.32,26.8125428,0.971864176
45330,45.33,26.8160359,0.971675123
45340,45.34,26.8195375,0.971507926
45350,45.35,26.8231735,0.971359811
45360,45.36,26.8268515,0.97129502
45370,45.37,26.8309592,0.971270625
45380,45.38,26.8351128,0.971180343
45390,45.39,26.8390213,0.971086771
45400,45.4,26.8429416,0.971035412
45410,45.41,26.8469934,0.971005419
45420,45.42,26.8509906,0.970977816
45430,45.43,26.8550972,0.97090762
45440,45.44,26.8590693,0.970861552
45450,45.45,26.8630143,0.970708389
45460,45.46,26.86674,0.970535033
45470,45.47,26.8706813,0.970340098
45480,45.48,26.8744353,0.97012977
45490,45.49,26.8783058,0.969836878
45500,45.5,26.8823615,0.969578607
45510,45.51,26.8861144,0.96933017
45520,45.52,26.8902607,0.969172593
45530,45.53,26.8940049,0.968969193
45540,45.54,26.8980354,0.968827518
45550,45.55,26.9019822,0.968672549
45560,45.56,26.9053714,0.968538379
45570,45.57,26.909039,0.96844747
45580,45.58,26.9131231,0.968314602
45590,45.59,26.917362,0.968173323
45600,45.6,26.9217931,0.968096657
45610,45.61,26.9264764,0.96803627
45620,45.62,26.931073,0.967982971
45630,45.63,26.9358386,0.967929519
45640,45.64,26.9408105,0.967848399
45650,45.65,26.9459082,0.967754414
45660,45.66,26.9509042,0.967659311
45670,45.67,26.9559933,0.967590422
45680,45.68,26.9611417,0.967499535
45690,45.69,26.9661703,0.967489051
45700,45.7,26.9711783,0.967503789
45710,45.71,26.9760785,0.967555862
45720,45.72,26.981139,0.967547915
45730,45.73,26.9861536,0.967573655
45740,45.74,26.9909678,0.967528568
45750,45.75,26.99601,0.967472732
45760,45.76,27.000905,0.96743314
45770,45.77,27.0058482,0.967383168
45780,45.78,27.0109956,0.967364355
45790,45.79,27.0164036,0.967306554
45800,45.8,27.0215996,0.967307518
45810,45.81,27.0271126,0.96727134
45820,45.82,27.0326801,0.9672864
45830,45.83,27.0382358,0.967299233
45840,45.84,27.0433701,0.967321046
45850,45.85,27.0480868,0.96732452
45860,45.86,27.0527607,0.967315086
45870,45.87,27.0574975,0.967279822
45880,45.88,27.0625335,0.96728093
45890,45.89,27.0675695,0.967248982
45900,45.9,27.0727769,0.967192243
45910,45.91,27.0776243,0.967136557
45920,45.92,27.0823939,0.967052201
45930,45.93,27.0869432,0.967048769
45940,45.94,27.0913582,0.967123724
45950,45.95,27.0957471,0.967184984
45960,45.96,27.1002484,0.96719157
45970,45.97,27.1044775,0.96711902
45980,45.98,27.1090315,0.967189092
45990,45.99,27.1134077,0.967175911
46000,46,27.1178821,0.96718337
46010,46.01,27.1221402,0.967263514
46020,46.02,27.1262158,0.967324322
46030,46.03,27.1301415,0.967382252
46040,46.04,27.1334676,0.967447541
46050,46.05,27.1369528,0.967433248
46060,46.06,27.1403607,0.967390767
46070,46.07,27.1436993,0.967334934
46080,46.08,27.1471043,0.967272701
46090,46.09,27.1505516,0.967176702
46100,46.1,27.1538255,0.967070472
46110,46.11,27.157016,0.966956328
46120,46.12,27.1600118,0.966859626
46130,46.13,27.1626289,0.96668885
46140,46.14,27.1652517,0.966497735
46150,46.15,27.1679078,0.966341419
46160,46.16,27.1706309,0.966172477
46170,46.17,27.1731239,0.966046779
46180,46.18,27.1758758,0.965945209
46190,46.19,27.1784925,0.965806546
46200,46.2,27.1807683,0.965683786
46210,46.21,27.1828425,0.96557711
46220,46.22,27.1849607,0.965484488
46230,46.23,27.1869502,0.965403262
46240,46.24,27.18931,0.965305816
46250,46.25,27.1920945,0.965215139
46260,46.26,27.194487,0.96507738
46270,46.27,27.1971126,0.964975283
46280,46.28,27.2000032,0.964858783
46290,46.29,27.2023779,0.96475588
46300,46.3,27.2046151,0.9646197
46310,46.31,27.2069293,0.96450582
46320,46.32,27.2093368,0.964422444
46330,46.33,27.2116796,0.964405821
46340,46.34,27.2136577,0.964321265
46350,46.35,27.2155336,0.964225539
46360,46.36,27.2171245,0.964180121
46370,46.37,27.2185363,0.964094684
46380,46.38,27.2198612,0.963989493
46390,46.39,27.2211901,0.963922556
46400,46.4,27.2224918,0.963860568
46410,46.41,27.2236153,0.963888847
46420,46.42,27.2251453,0.963841355
46430,46.43,27.2268483,0.963809802
46440,46.44,27.228127,0.963780111
46450,46.45,27.2297352,0.963743543
46460,46.46,27.2314857,0.963662414
46470,46.47,27.2335195,0.96341721
46480,46.48,27.2354164,0.963266713
46490,46.49,27.2375041,0.963063701
46500,46.5,27.2394191,0.962770076
46510,46.51,27.2413514,0.962513968
46520,46.52,27.2433278,0.962222566
46530,46.53,27.2453727,0.961926647
46540,46.54,27.2475242,0.961679496
46550,46.55,27.2492556,0.961431311
46560,46.56,27.2512355,0.961114108
46570,46.57,27.2533162,0.960858733
46580,46.58,27.2553688,0.960550548
46590,46.59,27.2577804,0.960305029
46600,46.6,27.2601669,0.960039623
46610,46.61,27.2626231,0.959783128
46620,46.62,27.2657095,0.959466875
46630,46.63,27.2682589,0.959115794
46640,46.64,27.2706621,0.958748999
46650,46.65,27.2731911,0.958435554
46660,46.66,27.2751997,0.957995954
46670,46.67,27.2775275,0.957585188
46680,46.68,27.2800146,0.957143899
46690,46.69,27.2823896,0.956731927
46700,46.7,27.2845939,0.956328473
46710,46.71,27.2873067,0.955935363
46720,46.72,27.2902809,0.955510845
46730,46.73,27.2928664,0.955108631
46740,46.74,27.2955718,0.954670762
46750,46.75,27.2986984,0.954283969
46760,46.76,27.3015721,0.953868113
46770,46.77,27.3039413,0.953382879
46780,46.78,27.3064789,0.952845492
46790,46.79,27.3087899,0.952352554
46800,46.8,27.3113989,0.951791107
46810,46.81,27.3140848,0.951307939
46820,46.82,27.3167411,0.950725408
46830,46.83,27.3194317,0.950168844
46840,46.84,27.3222149,0.949568065
46850,46.85,27.3251854,0.948890237
46860,46.86,27.3280819,0.948305267
46870,46.87,27.3304472,0.94776687
46880,46.88,27.33322,0.947199622
46890,46.89,27.3362712,0.946557985
46900,46.9,27.3393968,0.945903348
46910,46.91,27.3424532,0.945222456
46920,46.92,27.345314,0.944631057
46930,46.93,27.3482248,0.943990867
46940,46.94,27.3507628,0.943299831
46950,46.95,27.353358,0.942569879
46960,46.96,27.3556632,0.94177575
46970,46.97,27.3577235,0.941053688
46980,46.98,27.3601242,0.940359577
46990,46.99,27.363103,0.939633911
47000,47,27.3659222,0.938968511
47010,47.01,27.3684973,0.938335477
47020,47.02,27.3713637,0.937849505
47030,47.03,27.3742453,0.93730057
47040,47.04,27.3766156,0.936683949
47050,47.05,27.3788976,0.936196942
47060,47.06,27.3811174,0.93558687
47070,47.07,27.3834925,0.935061567
47080,47.08,27.3855138,0.934452347
47090,47.09,27.3882656,0.933942691
47100,47.1,27.3910191,0.933392768
47110,47.11,27.3938638,0.932910401
47120,47.12,27.396927,0.932380413
47130,47.13,27.4001111,0.931821183
47140,47.14,27.4029678,0.931289692
47150,47.15,27.4059244,0.930732142
47160,47.16,27.4087314,0.93016175
47170,47.17,27.411608,0.929580781
47180,47.18,27.4143644,0.929057479
47190,47.19,27.4174562,0.928506532
47200,47.2,27.4204168,0.927831061
47210,47.21,27.4231022,0.927247502
47220,47.22,27.4255944,0.926541244
47230,47.23,27.4282034,0.925787616
47240,47.24,27.4311763,0.925112963
47250,47.25,27.4339271,0.924425396
47260,47.26,27.4367587,0.923745467
47270,47.27,27.439459,0.92300136
47280,47.28,27.442383,0.922191877
47290,47.29,27.4450875,0.921390972
47300,47.3,27.4477977,0.920510381
47310,47.31,27.4506198,0.919610795
47320,47.32,27.4533835,0.918706277
47330,47.33,27.4563402,0.917780104
47340,47.34,27.459718,0.916780966
47350,47.35,27.463102,0.915845291
47360,47.36,27.4659824,0.914960427
47370,47.37,27.4681549,0.914147149
47380,47.38,27.4699294,0.913370232
47390,47.39,27.4716298,0.912554167
47400,47.4,27.473266,0.911753334
47410,47.41,27.474983,0.910929399
47420,47.42,27.4767102,0.91007953
47430,47.43,27.478508,0.909321454
47440,47.44,27.4804907,0.908513337
47450,47.45,27.4823626,0.90769617
47460,47.46,27.4838965,0.906770908
47470,47.47,27.4857353,0.905927968
47480,47.48,27.4874933,0.905022488
47490,47.49,27.4895732,0.904059054
47500,47.5,27.4918697,0.903044705
47510,47.51,27.4950178,0.90208847
47520,47.52,27.4981298,0.901199581
47530,47.53,27.5015601,0.900288376
47540,47.54,27.5046454,0.899320785
47550,47.55,27.5081999,0.898370064
47560,47.56,27.5120638,0.897373349
47570,47.57,27.5159922,0.896433416
47580,47.58,27.5200332,0.895580023
47590,47.59,27.5242052,0.894685645
47600,47.6,27.5281128,0.893807638
47610,47.61,27.5324375,0.892881099
47620,47.62,27.5363455,0.892070052
47630,47.63,27.5399801,0.891354171
47640,47.64,27.5432263,0.890486206
47650,47.65,27.5465663,0.889598173
47660,47.66,27.5498066,0.888766879
47670,47.67,27.5530233,0.887894077
47680,47.68,27.5560897,0.887008421
47690,47.69,27.5592747,0.886164085
47700,47.7,27.5623646,0.885265331
47710,47.71,27.5658143,0.884390117
47720,47.72,27.5688239,0.883504745
47730,47.73,27.5713556,0.882658595
47740,47.74,27.5744095,0.881764052
47750,47.75,27.5772312,0.880931325
47760,47.76,27.5803053,0.880145668
47770,47.77,27.5834382,0.879355447
47780,47.78,27.5866399,0.878609507
47790,47.79,27.5895351,0.877914166
47800,47.8,27.5921836,0.877232487
47810,47.81,27.5952368,0.876510983
47820,47.82,27.5983155,0.875830573
47830,47.83,27.6012759,0.875149072
47840,47.84,27.6043418,0.874447862
47850,47.85,27.6074552,0.873724637
47860,47.86,27.6104761,0.873063744
47870,47.87,27.6135526,0.8723874
47880,47.88,27.6165377,0.871765464
47890,47.89,27.6192341,0.871110154
47900,47.9,27.6217707,0.870449739
47910,47.91,27.6250366,0.869819917
47920,47.92,27.6277078,0.869289062
47930,47.93,27.6302329,0.868791755
47940,47.94,27.6327825,0.86832729
47950,47.95,27.6355022,0.86787023
47960,47.96,27.6385552,0.867423644
47970,47.97,27.6416519,0.866967574
47980,47.98,27.6444752,0.866562151
47990,47.99,27.6473658,0.866121937
48000,48,27.6505711,0.865660545
48010,48.01,27.653749,0.865199539
48020,48.02,27.6571084,0.864734931
48030,48.03,27.6607268,0.864234581
48040,48.04,27.6643885,0.863761409
48050,48.05,27.6677906,0.863212687
48060,48.06,27.6715533,0.862701838
48070,48.07,27.6750702,0.862164528
48080,48.08,27.6784403,0.861606963
48090,48.09,27.6820201,0.861004765
48100,48.1,27.6856524,0.860319136
48110,48.11,27.6890319,0.85963432
48120,48.12,27.6926949,0.858860978
48130,48.13,27.6959652,0.85812135
48140,48.14,27.6994305,0.857460898
48150,48.15,27.7033035,0.85678998
48160,48.16,27.7069831,0.856034598
48170,48.17,27.7105488,0.855225773
48180,48.18,27.7139548,0.854394936
48190,48.19,27.7174432,0.853626743
48200,48.2,27.7213688,0.852942578
48210,48.21,27.7254695,0.852280294
48220,48.22,27.7292826,0.851596167
48230,48.23,27.7330373,0.850931038
48240,48.24,27.7366136,0.850241423
48250,48.25,27.7404788,0.849543026
48260,48.26,27.7443585,0.848879342
48270,48.27,27.7483156,0.848199178
48280,48.28,27.7519479,0.847552143
48290,48.29,27.7555064,0.846865827
48300,48.3,27.758685,0.846147825
48310,48.31,27.7625338,0.845412801
48320,48.32,27.7662688,0.844723775
48330,48.33,27.770135,0.844010779
48340,48.34,27.7738914,0.843387095
48350,48.35,27.7779648,0.84276415
48360,48.36,27.7817644,0.842087261
48370,48.37,27.7856464,0.841503723
48380,48.38,27.7899603,0.84078907
48390,48.39,27.7945105,0.840151598
48400,48.4,27.7991399,0.839525762
48410,48.41,27.8038892,0.838864986
48420,48.42,27.8082932,0.838197262
48430,48.43,27.8133122,0.837680529
48440,48.44,27.8182394,0.837079356
48450,48.45,27.8227867,0.83654377
48460,48.46,27.8278865,0.836055437
48470,48.47,27.8330889,0.835479033
48480,48.48,27.8380356,0.834877401
48490,48.49,27.8430331,0.834221928
48500,48.5,27.8478743,0.833562196
48510,48.51,27.8526761,0.833005128
48520,48.52,27.8574657,0.832439506
48530,48.53,27.8620516,0.831893104
48540,48.54,27.866906,0.831338305
48550,48.55,27.8715956,0.830738989
48560,48.56,27.8760836,0.830153594
48570,48.57,27.8809099,0.829597692
48580,48.58,27.8855325,0.828968616
48590,48.59,27.8900467,0.828334203
48600,48.6,27.8944641,0.827680823
48610,48.61,27.898901,0.827054465
48620,48.62,27.9033696,0.826496649
48630,48.63,27.9080967,0.825966149
48640,48.64,27.9124481,0.825423322
48650,48.65,27.9174417,0.824778475
48660,48.66,27.9224954,0.824220476
48670,48.67,27.9277983,0.823695072
48680,48.68,27.9328031,0.823047211
48690,48.69,27.937661,0.822435761
48700,48.7,27.9426977,0.821872363
48710,48.71,27.947828,0.821346812
48720,48.72,27.9532385,0.820853684
48730,48.73,27.9587866,0.820296229
48740,48.74,27.9644077,0.819822319
48750,48.75,27.969713,0.819418994
48760,48.76,27.9746784,0.818970279
48770,48.77,27.9796797,0.818578457
48780,48.78,27.985103,0.818175929
48790,48.79,27.990544,0.81779972
48800,48.8,27.9962805,0.817484515
48810,48.81,28.0023284,0.817134761
48820,48.82,28.0084886,0.816756004
48830,48.83,28.0141949,0.816301076
48840,48.84,28.0204652,0.815883601
48850,48.85,28.0266132,0.815456192
48860,48.86,28.0327203,0.81509951
48870,48.87,28.0394999,0.814716989
48880,48.88,28.0462159,0.814378439
48890,48.89,28.0526315,0.814066763
48900,48.9,28.0588029,0.813795295
48910,48.91,28.0650119,0.81357324
48920,48.92,28.0713463,0.81328149
48930,48.93,28.0773193,0.813048906
48940,48.94,28.0838434,0.812789574
48950,48.95,28.0896832,0.812499191
48960,48.96,28.0954844,0.812207952
48970,48.97,28.1014492,0.811977254
48980,48.98,28.1074267,0.811829708
48990,48.99,28.1134794,0.811643753
49000,49,28.119011,0.811456237
49010,49.01,28.1244317,0.811228834
49020,49.02,28.1296825,0.811014407
49030,49.03,28.1350597,0.810760684
49040,49.04,28.1402243,0.810571505
49050,49.05,28.1456433,0.810340494
49060,49.06,28.1509104,0.810078102
49070,49.07,28.1562562,0.80987023
49080,49.08,28.1615727,0.809661956
49090,49.09,28.1670673,0.809426692
49100,49.1,28.1724895,0.809222772
49110,49.11,28.1783498,0.809061777
49120,49.12,28.1839101,0.808813358
49130,49.13,28.1897713,0.808571593
49140,49.14,28.195603,0.808341663
49150,49.15,28.2017223,0.808164868
49160,49.16,28.2077557,0.808015581
49170,49.17,28.2137893,0.807835609
49180,49.18,28.2195022,0.807675533
49190,49.19,28.2256609,0.807483643
49200,49.2,28.2317328,0.807257189
49210,49.21,28.2381697,0.80701575
49220,49.22,28.2446232,0.806737239
49230,49.23,28.2509761,0.806528378
49240,49.24,28.257929,0.806406461
49250,49.25,28.2649802,0.806272702
49260,49.26,28.2715344,0.806158976
49270,49.27,28.2782169,0.806047245
49280,49.28,28.284652,0.805896065
49290,49.29,28.2911813,0.805848556
49300,49.3,28.2983628,0.805767805
49310,49.31,28.3048129,0.80572022
49320,49.32,28.311699,0.805600963
49330,49.33,28.3190407,0.805465374
49340,49.34,28.3260898,0.805347716
49350,49.35,28.3333643,0.80529719
49360,49.36,28.3404254,0.805254967
49370,49.37,28.347507,0.805197583
49380,49.38,28.3546938,0.805181161
49390,49.39,28.361597,0.805164951
49400,49.4,28.368401,0.805195863
49410,49.41,28.3752098,0.805277032
49420,49.42,28.3820936,0.805357266
49430,49.43,28.3894798,0.805451696
49440,49.44,28.3962698,0.805520813
49450,49.45,28.4027053,0.805532028
49460,49.46,28.4094195,0.805467698
49470,49.47,28.4162134,0.805531746
49480,49.48,28.4230247,0.805554149
49490,49.49,28.4295123,0.805616494
49500,49.5,28.4363315,0.8057104
49510,49.51,28.443134,0.805741561
49520,49.52,28.4494677,0.805771198
49530,49.53,28.4560644,0.80587391
49540,49.54,28.4622797,0.805895695
49550,49.55,28.4683317,0.805861345
49560,49.56,28.4745231,0.805718911
49570,49.57,28.480396,0.805698745
49580,49.58,28.4864878,0.805674396
49590,49.59,28.4925873,0.80559123
49600,49.6,28.4987202,0.805486247
49610,49.61,28.5049815,0.805278049
49620,49.62,28.5112634,0.805087438
49630,49.63,28.5177374,0.804858402
49640,49.64,28.5246064,0.80467
49650,49.65,28.5319026,0.804463637
49660,49.66,28.5383551,0.804290371
49670,49.67,28.5449394,0.804146685
49680,49.68,28.5510117,0.803999464
49690,49.69,28.55711,0.803847709
49700,49.7,28.5633302,0.803679314
49710,49.71,28.5691715,0.80349187
49720,49.72,28.5745637,0.803284558
49730,49.73,28.5793989,0.803137485
49740,49.74,28.5840835,0.803013981
49750,49.75,28.5889662,0.802932465
49760,49.76,28.5936145,0.802819109
49770,49.77,28.5985493,0.802653799
49780,49.78,28.6035123,0.802522422
49790,49.79,28.6081719,0.802316506
49800,49.8,28.6130923,0.802135403
49810,49.81,28.6179091,0.801976409
49820,49.82,28.622656,0.801853402
49830,49.83,28.6274957,0.801728347
49840,49.84,28.6323067,0.801581992
49850,49.85,28.6373161,0.801413909
49860,49.86,28.6424333,0.801170958
49870,49.87,28.6479351,0.800969448
49880,49.88,28.6531914,0.800784055
49890,49.89,28.6586264,0.800543818
49900,49.9,28.6638642,0.800304452
49910,49.91,28.6691054,0.800052125
49920,49.92,28.6749606,0.799893938
49930,49.93,28.6808322,0.799719728
49940,49.94,28.6868012,0.799467722
49950,49.95,28.6927697,0.799279616
49960,49.96,28.6985501,0.798976763
49970,49.97,28.7048664,0.798631784
49980,49.98,28.7110017,0.798314321
49990,49.99,28.7172766,0.798024167
50000,50,28.7235606,0.797690277
50010,50.01,28.7300223,0.797367339
50020,50.02,28.7363814,0.796863407
50030,50.03,28.7432604,0.796454467
50040,50.04,28.7500045,0.796005218
50050,50.05,28.756718,0.795647492
50060,50.06,28.7635682,0.795257128
50070,50.07,28.7705978,0.794872311
50080,50.08,28.777583,0.794419068
50090,50.09,28.7842518,0.794035425
50100,50.1,28.7911296,0.793627051
50110,50.11,28.7978546,0.793236813
50120,50.12,28.8042968,0.792764995
50130,50.13,28.8110159,0.79235345
50140,50.14,28.8174249,0.791923608
50150,50.15,28.8241643,0.79161248
50160,50.16,28.8308726,0.791328034
50170,50.17,28.8377157,0.791115707
50180,50.18,28.8449354,0.790884854
50190,50.19,28.8522868,0.790602889
50200,50.2,28.8593849,0.790347428
50210,50.21,28.8662151,0.789989827
50220,50.22,28.8732939,0.789705066
50230,50.23,28.8804392,0.789414715
50240,50.24,28.8876309,0.789149055
50250,50.25,28.8953004,0.788885198
50260,50.26,28.9027014,0.788592216
50270,50.27,28.9098461,0.788337728
50280,50.28,28.9165918,0.788045593
50290,50.29,28.9233718,0.78771239
50300,50.3,28.9305025,0.7874024
50310,50.31,28.937327,0.787123413
50320,50.32,28.9439801,0.786793732
50330,50.33,28.9505386,0.786479859
50340,50.34,28.9575849,0.786191393
50350,50.35,28.9642922,0.785859684
50360,50.36,28.9705281,0.785558975
50370,50.37,28.976932,0.785209164
50380,50.38,28.9832213,0.78496215
50390,50.39,28.9892986,0.784686538
50400,50.4,28.9953044,0.784391397
50410,50.41,29.0020187,0.78407253
50420,50.42,29.0084611,0.783764514
50430,50.43,29.0148632,0.783434071
50440,50.44,29.0214652,0.783066174
50450,50.45,29.0282242,0.782662272
50460,50.46,29.0346339,0.782182083
50470,50.47,29.0419237,0.781756115
50480,50.48,29.0493475,0.781324374
50490,50.49,29.0570209,0.780861712
50500,50.5,29.064544,0.780505881
50510,50.51,29.0719973,0.780078689
50520,50.52,29.0796165,0.779659356
50530,50.53,29.0870364,0.779289699
50540,50.54,29.0940633,0.778934517
50550,50.55,29.1014034,0.778629135
50560,50.56,29.1088722,0.778323568
50570,50.57,29.1164249,0.778057861
50580,50.58,29.1235142,0.777743796
50590,50.59,29.1307238,0.777350178
50600,50.6,29.138058,0.776921328
50610,50.61,29.145483,0.776618164
50620,50.62,29.1525515,0.776364533
50630,50.63,29.1592214,0.776096982
50640,50.64,29.1657445,0.775811471
50650,50.65,29.1720435,0.775651581
50660,50.66,29.1783872,0.775412458
50670,50.67,29.1847585,0.775139264
50680,50.68,29.1910449,0.774841069
50690,50.69,29.1975662,0.774461272
50700,50.7,29.2039515,0.774097839
50710,50.71,29.2100034,0.773754075
50720,50.72,29.2163188,0.773495368
50730,50.73,29.2226153,0.773251621
50740,50.74,29.2290419,0.772968587
50750,50.75,29.2358034,0.772696289
50760,50.76,29.2426355,0.772455542
50770,50.77,29.248931,0.772177707
50780,50.78,29.255239,0.771912305
50790,50.79,29.2616103,0.771712122
50800,50.8,29.2683019,0.771470317
50810,50.81,29.274532,0.771366607
50820,50.82,29.2804422,0.771237141
50830,50.83,29.286509,0.771163739
50840,50.84,29.2926502,0.771099558
50850,50.85,29.2990628,0.770978984
50860,50.86,29.3055788,0.770835811
50870,50.87,29.3116372,0.77065141
50880,50.88,29.3177453,0.770484337
50890,50.89,29.3238199,0.770289827
50900,50.9,29.3300259,0.770115734
50910,50.91,29.335882,0.769892538
50920,50.92,29.3419309,0.769666836
50930,50.93,29.3479944,0.769446131
50940,50.94,29.3544215,0.769209748
50950,50.95,29.3606387,0.769021022
50960,50.96,29.3668143,0.768830911
50970,50.97,29.3726363,0.768629917
50980,50.98,29.3786643,0.768357833
50990,50.99,29.3847287,0.768103611
51000,51,29.390407,0.767855896
51010,51.01,29.3963877,0.767674036
51020,51.02,29.4021542,0.767536195
51030,51.03,29.4076829,0.76734851
51040,51.04,29.413104,0.767172916
51050,51.05,29.4179733,0.766906005
51060,51.06,29.4227854,0.766666351
51070,51.07,29.4278733,0.766468776
51080,51.08,29.4324914,0.766256476
51090,51.09,29.4368503,0.766014219
51100,51.1,29.4410939,0.765739816
51110,51.11,29.4455885,0.765517606
51120,51.12,29.4506087,0.765278643
51130,51.13,29.4553126,0.764980875
51140,51.14,29.4600316,0.764752353
51150,51.15,29.4648131,0.764568817
51160,51.16,29.4699774,0.764432608
51170,51.17,29.4741826,0.764289711
51180,51.18,29.4784265,0.764166416
51190,51.19,29.4829325,0.763955863
51200,51.2,29.4880455,0.76377199
51210,51.21,29.4924897,0.763536441
51220,51.22,29.4967001,0.763327466
51230,51.23,29.501166,0.76310093
51240,51.24,29.5055101,0.762873398
51250,51.25,29.5097733,0.762642492
51260,51.26,29.5140929,0.762463512
51270,51.27,29.5186241,0.762249408
51280,51.28,29.5229487,0.762055027
51290,51.29,29.5276455,0.761805547
51300,51.3,29.5325058,0.761516
51310,51.31,29.5370314,0.761226563
51320,51.32,29.5416371,0.760966344
51330,51.33,29.5463701,0.760692508
51340,51.34,29.5509181,0.76038448
51350,51.35,29.5556533,0.760120066
51360,51.36,29.5604361,0.759920284
51370,51.37,29.5651429,0.75968729
51380,51.38,29.5700029,0.759538977
51390,51.39,29.5752086,0.759417192
51400,51.4,29.5802931,0.759174038
51410,51.41,29.5854582,0.758945561
51420,51.42,29.590552,0.758635781
51430,51.43,29.5955115,0.758419288
51440,51.44,29.6006555,0.758143748
51450,51.45,29.6060122,0.757870384
51460,51.46,29.6114981,0.757650857
51470,51.47,29.617139,0.757380208
51480,51.48,29.6221596,0.757117371
51490,51.49,29.6270985,0.756893721
51500,51.5,29.6320254,0.756647756
51510,51.51,29.6368924,0.756448394
51520,51.52,29.6417552,0.756153746
51530,51.53,29.6463465,0.755863737
51540,51.54,29.6510441,0.755677558
51550,51.55,29.6559159,0.755393864
51560,51.56,29.6611369,0.755135831
51570,51.57,29.6662002,0.75496131
51580,51.58,29.6712765,0.75476517
51590,51.59,29.6763932,0.754493173
51600,51.6,29.6814288,0.754328526
51610,51.61,29.6863643,0.754187564
51620,51.62,29.6916269,0.754035698
51630,51.63,29.6963895,0.753864243
51640,51.64,29.7010372,0.753706043
51650,51.65,29.7051954,0.753522742
51660,51.66,29.709551,0.753373923
51670,51.67,29.7140703,0.7532416
51680,51.68,29.7183396,0.753063827
51690,51.69,29.7224774,0.752827429
51700,51.7,29.7269882,0.752601019
51710,51.71,29.7313469,0.752389035
51720,51.72,29.7354966,0.752253545
51730,51.73,29.739997,0.752014485
51740,51.74,29.744201,0.751724095
51750,51.75,29.7484087,0.751397009
51760,51.76,29.7521917,0.75110158
51770,51.77,29.7558068,0.750761414
51780,51.78,29.7595111,0.750436371
51790,51.79,29.7628351,0.750077626
51800,51.8,29.7662979,0.749798113
51810,51.81,29.7699288,0.74944935
51820,51.82,29.7735311,0.749117727
51830,51.83,29.7770179,0.748798912
51840,51.84,29.7800189,0.748540157
51850,51.85,29.7830757,0.748390673
51860,51.86,29.7860157,0.748135499
51870,51.87,29.789154,0.747901692
51880,51.88,29.7924196,0.747671677
51890,51.89,29.7960359,0.74739308
51900,51.9,29.7999599,0.747201991
51910,51.91,29.8039005,0.747011356
51920,51.92,29.8076192,0.746810513
51930,51.93,29.8113626,0.746551939
51940,51.94,29.8153496,0.746259886
51950,51.95,29.8196199,0.745984898
51960,51.96,29.8236764,0.745777024
51970,51.97,29.8274359,0.745680616
51980,51.98,29.8312563,0.745525101
51990,51.99,29.8348676,0.745361853
52000,52,29.8386209,0.745136639
52010,52.01,29.8422071,0.744934195
52020,52.02,29.8455943,0.744706404
52030,52.03,29.8489067,0.744547498
52040,52.04,29.8519257,0.74439077
52050,52.05,29.8552369,0.744203758
52060,52.06,29.8590061,0.744002861
52070,52.07,29.8627694,0.743765189
52080,52.08,29.8664373,0.743534277
52090,52.09,29.8704047,0.743374874
52100,52.1,29.8743285,0.743162203
52110,52.11,29.8783793,0.742870665
52120,52.12,29.8826433,0.742610401
52130,52.13,29.8866466,0.742364589
52140,52.14,29.8902544,0.742078802
52150,52.15,29.894036,0.741812695
52160,52.16,29.8978909,0.741499541
52170,52.17,29.9018601,0.741253124
52180,52.18,29.9053269,0.740955474
52190,52.19,29.9087218,0.740692429
52200,52.2,29.9123348,0.740420471
52210,52.21,29.9158273,0.740226691
52220,52.22,29.9194095,0.740041698
52230,52.23,29.9232127,0.739844849
52240,52.24,29.9273656,0.739672825
52250,52.25,29.9316622,0.739465491
52260,52.26,29.935242,0.739314583
52270,52.27,29.9386446,0.739124938
52280,52.28,29.941771,0.738934013
52290,52.29,29.9450031,0.738813234
52300,52.3,29.9485853,0.738658295
52310,52.31,29.9518628,0.738590599
52320,52.32,29.9546778,0.738475082
52330,52.33,29.9579019,0.73849954
52340,52.34,29.9610283,0.738420689
52350,52.35,29.96423,0.738318596
52360,52.36,29.9680365,0.738244885
52370,52.37,29.9722717,0.738168821
52380,52.38,29.9768456,0.738102951
52390,52.39,29.9813442,0.738061088
52400,52.4,29.985645,0.73795862
52410,52.41,29.9899597,0.737844325
52420,52.42,29.9946571,0.737725983
52430,52.43,29.9988822,0.737544932
52440,52.44,30.0030244,0.737387871
52450,52.45,30.0071855,0.737177149
52460,52.46,30.0114627,0.736920402
52470,52.47,30.0160339,0.736710127
52480,52.48,30.0207034,0.736579256
52490,52.49,30.0251791,0.736392872
52500,52.5,30.0300954,0.736238625
52510,52.51,30.0347186,0.736094058
52520,52.52,30.0393405,0.735850496
52530,52.53,30.04379,0.735608908
52540,52.54,30.0485728,0.735427149
52550,52.55,30.0534796,0.73524322
52560,52.56,30.0576879,0.735059618
52570,52.57,30.0629127,0.734841631
52580,52.58,30.068042,0.734585024
52590,52.59,30.0733307,0.734329314
52600,52.6,30.0782434,0.73403645
52610,52.61,30.0833865,0.73375066
52620,52.62,30.0887039,0.733482597
52630,52.63,30.094001,0.733258684
52640,52.64,30.0995614,0.733068661
52650,52.65,30.1055115,0.732908
52660,52.66,30.1116465,0.732748527
52670,52.67,30.1181202,0.732651131
52680,52.68,30.1244359,0.732476289
52690,52.69,30.1313835,0.73221829
52700,52.7,30.1379799,0.73197299
52710,52.71,30.145073,0.731802448
52720,52.72,30.1517007,0.731683199
52730,52.73,30.158304,0.731552301
52740,52.74,30.1645239,0.73137355
52750,52.75,30.170893,0.731252781
52760,52.76,30.1775221,0.731093383
52770,52.77,30.184327,0.730948301
52780,52.78,30.1916576,0.730813447
52790,52.79,30.1987755,0.730671726
52800,52.8,30.2055088,0.730501389
52810,52.81,30.2126717,0.730335534
52820,52.82,30.2193274,0.730083573
52830,52.83,30.2254008,0.729817155
52840,52.84,30.2313806,0.729575906
52850,52.85,30.2377057,0.729344291
52860,52.86,30.2434437,0.729175848
52870,52.87,30.2494023,0.728932092
52880,52.88,30.2554928,0.72862208
52890,52.89,30.2619014,0.728357108
52900,52.9,30.2680144,0.728018105
52910,52.91,30.2737011,0.727749414
52920,52.92,30.2794327,0.727507417
52930,52.93,30.2853927,0.727275174
52940,52.94,30.2913356,0.727058097
52950,52.95,30.2972955,0.726908715
52960,52.96,30.3033061,0.726761273
52970,52.97,30.3089437,0.726557118
52980,52.98,30.3146379,0.726360606
52990,52.99,30.3206849,0.726177454
53000,53,30.3266981,0.725961143
53010,53.01,30.3323128,0.725783649
53020,53.02,30.3381889,0.725588915
53030,53.03,30.3440731,0.725363125
53040,53.04,30.3496715,0.725128755
53050,53.05,30.355336,0.724895638
53060,53.06,30.3613102,0.724679506
53070,53.07,30.3673496,0.724546066
53080,53.08,30.3736516,0.724347849
53090,53.09,30.3799274,0.724096995
53100,53.1,30.3862498,0.723827387
53110,53.11,30.3923429,0.723559288
53120,53.12,30.3986569,0.72319362
53130,53.13,30.4046937,0.722832645
53140,53.14,30.4110188,0.722446651
53150,53.15,30.4173745,0.722042416
53160,53.16,30.4238964,0.721656795
53170,53.17,30.4306454,0.721292269
53180,53.18,30.4375444,0.720858512
53190,53.19,30.4442072,0.720464217
53200,53.2,30.4509625,0.720046733
53210,53.21,30.4578217,0.719652561
53220,53.22,30.4643279,0.719293255
53230,53.23,30.4706384,0.718953459
53240,53.24,30.4769824,0.718556177
53250,53.25,30.4831841,0.718190642
53260,53.26,30.4898208,0.717808607
53270,53.27,30.4962836,0.717395859
53280,53.28,30.5027706,0.717095099
53290,53.29,30.5092919,0.716725978
53300,53.3,30.5157134,0.716414165
53310,53.31,30.5224805,0.716048682
53320,53.32,30.5289049,0.715734875
53330,53.33,30.5354855,0.715407529
53340,53.34,30.5421232,0.714999684
53350,53.35,30.548792,0.714614659
53360,53.36,30.5554444,0.71414265
53370,53.37,30.562649,0.713726381
53380,53.38,30.569669,0.713271592
53390,53.39,30.5766854,0.712895118
53400,53.4,30.5840487,0.712465661
53410,53.41,30.5909973,0.712088814
53420,53.42,30.5972228,0.711702855
53430,53.43,30.6038626,0.711321645
53440,53.44,30.6102698,0.710925099
53450,53.45,30.6158432,0.710538528
53460,53.46,30.6218722,0.710161398
53470,53.47,30.6278344,0.709785667
53480,53.48,30.6338283,0.709388928
53490,53.49,30.6404525,0.70904237
53500,53.5,30.6469863,0.70858769
53510,53.51,30.6537295,0.708175584
53520,53.52,30.6606358,0.707794576
53530,53.53,30.6672538,0.707390451
53540,53.54,30.6739247,0.706955416
53550,53.55,30.6805711,0.706573351
53560,53.56,30.6872506,0.706235268
53570,53.57,30.6937399,0.705899265
53580,53.58,30.7000476,0.705541361
53590,53.59,30.7065581,0.705139217
53600,53.6,30.7134883,0.704797514
53610,53.61,30.7205209,0.704434589
53620,53.62,30.7277007,0.704072826
53630,53.63,30.7348795,0.703706664
53640,53.64,30.7422038,0.703417904
53650,53.65,30.7499347,0.703151626
53660,53.66,30.7577059,0.70292828
53670,53.67,30.765775,0.702634904
53680,53.68,30.7733179,0.70223174
53690,53.69,30.7810784,0.701911817
53700,53.7,30.7885814,0.701618938
53710,53.71,30.7961636,0.701302291
53720,53.72,30.8039476,0.700957738
53730,53.73,30.8117528,0.70062973
53740,53.74,30.8202942,0.700275099
53750,53.75,30.8283867,0.700009267
53760,53.76,30.8363818,0.699801918
53770,53.77,30.84369,0.699505755
53780,53.78,30.8509549,0.699268962
53790,53.79,30.8580238,0.698993062
53800,53.8,30.8654095,0.698740014
53810,53.81,30.8722357,0.698485661
53820,53.82,30.8794978,0.698221196
53830,53.83,30.887032,0.69803887
53840,53.84,30.8942407,0.697852256
53850,53.85,30.9014374,0.697642667
53860,53.86,30.9090574,0.697481993
53870,53.87,30.9170847,0.697415107
53880,53.88,30.9250282,0.697274719
53890,53.89,30.9330165,0.697199997
53900,53.9,30.9408449,0.697189502
53910,53.91,30.9484103,0.69713264
53920,53.92,30.9562096,0.697088881
53930,53.93,30.9637287,0.69704423
53940,53.94,30.9712646,0.696913288
53950,53.95,30.9788348,0.69673473
53960,53.96,30.9857782,0.696594422
53970,53.97,30.9927247,0.696476767
53980,53.98,30.999186,0.696323834
53990,53.99,31.0054973,0.696209564
54000,54,31.0118399,0.696178059
54010,54.01,31.0180517,0.696142384
54020,54.02,31.0243595,0.696026482
54030,54.03,31.0304792,0.695991712
54040,54.04,31.0369078,0.695922379
54050,54.05,31.0433293,0.695754276
54060,54.06,31.0495952,0.695595711
54070,54.07,31.0563059,0.695435973
54080,54.08,31.0632819,0.695294099
54090,54.09,31.0702592,0.695152305
54100,54.1,31.0772552,0.694944932
54110,54.11,31.0843922,0.694729034
54120,54.12,31.0913418,0.694520355
54130,54.13,31.0987091,0.694343226
54140,54.14,31.1066202,0.694159416
54150,54.15,31.114913,0.694011727
54160,54.16,31.1222848,0.693885804
54170,54.17,31.1299307,0.693854121
54180,54.18,31.1373312,0.693865589
54190,54.19,31.1448483,0.693849462
54200,54.2,31.1516379,0.693768673
54210,54.21,31.1581144,0.693782363
54220,54.22,31.1646241,0.693730953
54230,54.23,31.171627,0.693637723
54240,54.24,31.1784566,0.69354298
54250,54.25,31.1853869,0.693452565
54260,54.26,31.1922695,0.693404533
54270,54.27,31.1993582,0.693249751
54280,54.28,31.2067425,0.693031534
54290,54.29,31.2146581,0.69285046
54300,54.3,31.2222146,0.692712892
54310,54.31,31.2296267,0.692538236
54320,54.32,31.2371226,0.692414539
54330,54.33,31.2446647,0.692274717
54340,54.34,31.2522225,0.692113787
54350,54.35,31.2594665,0.691992504
54360,54.36,31.2667041,0.691900113
54370,54.37,31.2742965,0.691738466
54380,54.38,31.2820619,0.691548207
54390,54.39,31.2897462,0.691345116
54400,54.4,31.297198,0.691098083
54410,54.41,31.3042534,0.690848485
54420,54.42,31.3110177,0.690489085
54430,54.43,31.3170717,0.690157651
54440,54.44,31.3230195,0.689744823
54450,54.45,31.3284746,0.689460424
54460,54.46,31.3341537,0.689102865
54470,54.47,31.3400908,0.688732663
54480,54.48,31.3460405,0.688461355
54490,54.49,31.3518824,0.688245488
54500,54.5,31.3582535,0.688067753
54510,54.51,31.3643981,0.687832776
54520,54.52,31.3709364,0.687631104
54530,54.53,31.3774071,0.687364033
54540,54.54,31.3836294,0.687008766
54550,54.55,31.3898972,0.686581819
54560,54.56,31.3957681,0.686205194
54570,54.57,31.4019807,0.685798084
54580,54.58,31.4087978,0.685500378
54590,54.59,31.4150594,0.685237262
54600,54.6,31.4211645,0.684925348
54610,54.61,31.42764,0.684653694
54620,54.62,31.434373,0.684334713
54630,54.63,31.4413196,0.684042257
54640,54.64,31.4478354,0.683735794
54650,54.65,31.4541099,0.683393714
54660,54.66,31.4605194,0.6830573
54670,54.67,31.4676026,0.682699355
54680,54.68,31.4747035,0.682371351
54690,54.69,31.4813745,0.682107559
54700,54.7,31.4874087,0.681866674
54710,54.71,31.4935569,0.681598742
54720,54.72,31.4995977,0.681381807
54730,54.73,31.5063481,0.681195494
54740,54.74,31.5132865,0.680998219
54750,54.75,31.5202445,0.680812646
54760,54.76,31.5270843,0.680727095
54770,54.77,31.5337886,0.680628258
54780,54.78,31.5406538,0.680472677
54790,54.79,31.5473438,0.680322882
54800,54.8,31.554083,0.680191698
54810,54.81,31.5605031,0.680100261
54820,54.82,31.5671702,0.680123066
54830,54.83,31.574034,0.68005335
54840,54.84,31.5805925,0.680067295
54850,54.85,31.5874553,0.680151276
54860,54.86,31.5940345,0.680163388
54870,54.87,31.6003732,0.680212672
54880,54.88,31.6069096,0.680260384
54890,54.89,31.6130465,0.68028696
54900,54.9,31.6190864,0.680368899
54910,54.91,31.6250091,0.680357067
54920,54.92,31.6304779,0.68038136
54930,54.93,31.6358533,0.680419004
54940,54.94,31.6412733,0.680449608
54950,54.95,31.6467326,0.680406619
54960,54.96,31.6528194,0.680378757
54970,54.97,31.6585425,0.680285277
54980,54.98,31.6646137,0.680207779
54990,54.99,31.6711095,0.680229792
55000,55,31.6775611,0.680224691
55010,55.01,31.6842513,0.680225394
55020,55.02,31.690536,0.680187123
55030,55.03,31.6968971,0.680200428
55040,55.04,31.7031859,0.680165303
55050,55.05,31.7094195,0.680184927
55060,55.06,31.7160303,0.680221969
55070,55.07,31.7226078,0.680275106
55080,55.08,31.7291949,0.680321145
55090,55.09,31.7354661,0.680349204
55100,55.1,31.7414429,0.680398161
55110,55.11,31.7477268,0.680467984
55120,55.12,31.7548713,0.680577802
55130,55.13,31.7619981,0.680638922
55140,55.14,31.7694025,0.68070902
55150,55.15,31.7767119,0.680889176
55160,55.16,31.7841644,0.680962057
55170,55.17,31.7917661,0.681058237
55180,55.18,31.7989968,0.681129599
55190,55.19,31.80579,0.681293899
55200,55.2,31.8128962,0.681451968
55210,55.21,31.8199433,0.681657826
55220,55.22,31.8271711,0.681821017
55230,55.23,31.8344591,0.681917439
55240,55.24,31.8421747,0.68204889
55250,55.25,31.8492244,0.682177516
55260,55.26,31.8561751,0.682299584
55270,55.27,31.8631724,0.682473347
55280,55.28,31.8698895,0.682535462
55290,55.29,31.8763274,0.682703555
55300,55.3,31.8827275,0.682851193
55310,55.31,31.8895034,0.683004795
55320,55.32,31.8958851,0.683211107
55330,55.33,31.9021374,0.68348633
55340,55.34,31.9081159,0.68373491
55350,55.35,31.9146734,0.683935313
55360,55.36,31.920954,0.684092233
55370,55.37,31.9275519,0.6841566
55380,55.38,31.9338252,0.684252456
55390,55.39,31.9404603,0.684307073
55400,55.4,31.9473541,0.684435443
55410,55.41,31.9541112,0.684566516
55420,55.42,31.9605637,0.68467318
55430,55.43,31.9667938,0.684809323
55440,55.44,31.9727622,0.68491912
55450,55.45,31.9786107,0.685010548
55460,55.46,31.9848501,0.685090575
55470,55.47,31.9915006,0.685144922
55480,55.48,31.9977738,0.68505564
55490,55.49,32.0037714,0.684980654
55500,55.5,32.0101815,0.684979259
55510,55.51,32.016567,0.68494246
55520,55.52,32.0230828,0.684930458
55530,55.53,32.0296069,0.684966873
55540,55.54,32.0363553,0.68511189
55550,55.55,32.0435312,0.685250034
55560,55.56,32.0508251,0.685448256
55570,55.57,32.0581526,0.685681441
55580,55.58,32.0653173,0.685946095
55590,55.59,32.0726984,0.686151816
55600,55.6,32.0798663,0.686352539
55610,55.61,32.0862171,0.686522106
55620,55.62,32.0926933,0.686740975
55630,55.63,32.0987554,0.6867984
55640,55.64,32.1045341,0.686967437
55650,55.65,32.1104257,0.687097486
55660,55.66,32.1160932,0.687238486
55670,55.67,32.1217646,0.687502611
55680,55.68,32.1274498,0.687691798
55690,55.69,32.1328542,0.687911372
55700,55.7,32.1388483,0.688055274
55710,55.71,32.1452283,0.688215378
55720,55.72,32.1518367,0.688319366
55730,55.73,32.1587674,0.688415006
55740,55.74,32.1653937,0.688527633
55750,55.75,32.1718001,0.688691973
55760,55.76,32.1783998,0.688884239
55770,55.77,32.1850945,0.688944012
55780,55.78,32.1912239,0.689112838
55790,55.79,32.1976541,0.689326964
55800,55.8,32.2040448,0.68949947
55810,55.81,32.210948,0.689620367
55820,55.82,32.2175923,0.689813882
55830,55.83,32.2239783,0.689980389
55840,55.84,32.2305333,0.690196655
55850,55.85,32.2368903,0.690338046
55860,55.86,32.2429979,0.690415799
55870,55.87,32.2492057,0.690475682
55880,55.88,32.2554807,0.690594458
55890,55.89,32.2617979,0.690767479
55900,55.9,32.2683647,0.690906418
55910,55.91,32.2746683,0.69104663
55920,55.92,32.2810047,0.691131307
55930,55.93,32.2872877,0.691199096
55940,55.94,32.2940931,0.691300143
55950,55.95,32.3008345,0.691395402
55960,55.96,32.3077494,0.691553019
55970,55.97,32.3149021,0.69170808
55980,55.98,32.3219535,0.691851119
55990,55.99,32.3284697,0.691933277
56000,56,32.3350768,0.692036574
56010,56.01,32.341882,0.692040323
56020,56.02,32.3487547,0.6920892
56030,56.03,32.3555906,0.692182458
56040,56.04,32.3622477,0.69215113
56050,56.05,32.3688222,0.692136977
56060,56.06,32.3749183,0.692095707
56070,56.07,32.3818347,0.69205765
56080,56.08,32.3887869,0.69215128
56090,56.09,32.3957955,0.692299829
56100,56.1,32.4029646,0.69236077
56110,56.11,32.4101808,0.692363313
56120,56.12,32.4170883,0.69238886
56130,56.13,32.4240578,0.692382594
56140,56.14,32.4305394,0.692408934
56150,56.15,32.4370546,0.692511131
56160,56.16,32.4439221,0.69260457
56170,56.17,32.4506615,0.692660385
56180,56.18,32.4571534,0.692797764
56190,56.19,32.4637174,0.693061331
56200,56.2,32.4702356,0.693174275
56210,56.21,32.4767055,0.693296461
56220,56.22,32.4828899,0.693358923
56230,56.23,32.4893081,0.693475451
56240,56.24,32.4956406,0.693469631
56250,56.25,32.5023623,0.693476161
56260,56.26,32.5087683,0.693485466
56270,56.27,32.5151323,0.693475689
56280,56.28,32.5212936,0.693475515
56290,56.29,32.5279884,0.693550416
56300,56.3,32.5346209,0.693650312
56310,56.31,32.5411855,0.693840502
56320,56.32,32.5480388,0.694019705
56330,56.33,32.5544566,0.694216144
56340,56.34,32.5606109,0.694459329
56350,56.35,32.5669375,0.694749213
56360,56.36,32.5732569,0.695064245
56370,56.37,32.5796742,0.695328562
56380,56.38,32.5867637,0.695634604
56390,56.39,32.5941034,0.695967597
56400,56.4,32.601126,0.696359441
56410,56.41,32.6082178,0.696727499
56420,56.42,32.6149413,0.697016052
56430,56.43,32.6215269,0.697322913
56440,56.44,32.6281565,0.697590515
56450,56.45,32.6351444,0.697885413
56460,56.46,32.6416857,0.698197956
56470,56.47,32.6480224,0.69853631
56480,56.48,32.6543298,0.698777367
56490,56.49,32.6608721,0.699068057
56500,56.5,32.6670474,0.699346364
56510,56.51,32.6736251,0.699644451
56520,56.52,32.6804913,0.699886348
56530,56.53,32.6876937,0.700101385
56540,56.54,32.6948798,0.700387128
56550,56.55,32.7024321,0.70067617
56560,56.56,32.7092179,0.700940924
56570,56.57,32.71606,0.701159238
56580,56.58,32.7227487,0.701469953
56590,56.59,32.7295665,0.70175954
56600,56.6,32.7364065,0.702059138
56610,56.61,32.7434923,0.702412699
56620,56.62,32.7505371,0.702770908
56630,56.63,32.7576757,0.703151605
56640,56.64,32.7648292,0.703537035
56650,56.65,32.7718071,0.703938711
56660,56.66,32.778717,0.704383861
56670,56.67,32.7859359,0.704828616
56680,56.68,32.7930709,0.705371099
56690,56.69,32.7994577,0.70598959
56700,56.7,32.8054362,0.706508087
56710,56.71,32.8113606,0.706931494
56720,56.72,32.8176596,0.707312804
56730,56.73,32.8242081,0.707652605
56740,56.74,32.830022,0.708074744
56750,56.75,32.8360283,0.708425252
56760,56.76,32.8423215,0.708638844
56770,56.77,32.8483237,0.70888034
56780,56.78,32.8545197,0.709135125
56790,56.79,32.8605063,0.709394973
56800,56.8,32.8665035,0.709646808
56810,56.81,32.8725086,0.709977082
56820,56.82,32.8782237,0.710251429
56830,56.83,32.8837678,0.710562802
56840,56.84,32.8888576,0.710900728
56850,56.85,32.8942146,0.711145716
56860,56.86,32.8990247,0.711464944
56870,56.87,32.9035239,0.711850536
56880,56.88,32.9081748,0.712231868
56890,56.89,32.9128811,0.712670661
56900,56.9,32.9178001,0.713161094
56910,56.91,32.9231236,0.713628816
56920,56.92,32.9279449,0.714119704
56930,56.93,32.933499,0.714589185
56940,56.94,32.9394118,0.715111347
56950,56.95,32.9453246,0.715674166
56960,56.96,32.951265,0.716225251
56970,56.97,32.9568047,0.716763119
56980,56.98,32.9623884,0.717295562
56990,56.99,32.9676402,0.717867851
57000,57,32.973175,0.718411494
57010,57.01,32.9788458,0.719004613
57020,57.02,32.9845517,0.719518814
57030,57.03,32.9906362,0.720043217
57040,57.04,32.9962765,0.720583797
57050,57.05,33.0018388,0.721086192
57060,57.06,33.0074058,0.721595208
57070,57.07,33.0125155,0.722114491
57080,57.08,33.016777,0.722688364
57090,57.09,33.021803,0.723218122
57100,57.1,33.0261127,0.723674049
57110,57.11,33.0300747,0.724181242
57120,57.12,33.0343497,0.724681909
57130,57.13,33.0384887,0.725053867
57140,57.14,33.0426136,0.725333616
57150,57.15,33.0466443,0.725654787
57160,57.16,33.0514074,0.726042044
57170,57.17,33.0560103,0.726351267
57180,57.18,33.0607997,0.726635494
57190,57.19,33.0650727,0.726991432
57200,57.2,33.0695097,0.727331846
57210,57.21,33.0743697,0.727693348
57220,57.22,33.0788185,0.728056959
57230,57.23,33.0832568,0.728405069
57240,57.24,33.0881426,0.728708326
57250,57.25,33.0930926,0.728942969
57260,57.26,33.0978242,0.729290197
57270,57.27,33.1027501,0.72955379
57280,57.28,33.1073657,0.729740314
57290,57.29,33.111574,0.729799162
57300,57.3,33.1160121,0.729900102
57310,57.31,33.12008,0.729930029
57320,57.32,33.1241511,0.729988157
57330,57.33,33.1282378,0.730071519
57340,57.34,33.1322797,0.730240205
57350,57.35,33.1363688,0.730362631
57360,57.36,33.1404913,0.73052483
57370,57.37,33.1438617,0.730676389
57380,57.38,33.1470546,0.730870994
57390,57.39,33.1504402,0.731071512
57400,57.4,33.1538156,0.731229841
57410,57.41,33.1573243,0.731382241
57420,57.42,33.1605692,0.731550918
57430,57.43,33.1632275,0.731647577
57440,57.44,33.1656574,0.731634546
57450,57.45,33.1684512,0.731648592
57460,57.46,33.171114,0.731696507
57470,57.47,33.1737107,0.731752878
57480,57.48,33.1766863,0.73180476
57490,57.49,33.1796467,0.731820657
57500,57.5,33.1825135,0.731785119
57510,57.51,33.1856136,0.73174778
57520,57.52,33.1882639,0.731791897
57530,57.53,33.1908141,0.731857037
57540,57.54,33.1933395,0.731896933
57550,57.55,33.1968221,0.731926544
57560,57.56,33.2004741,0.731855009
57570,57.57,33.203933,0.731702269
57580,57.58,33.2074217,0.731559015
57590,57.59,33.2107981,0.731378672
57600,57.6,33.2143608,0.731256729
57610,57.61,33.2176125,0.731152116
57620,57.62,33.2211718,0.730990375
57630,57.63,33.2244602,0.730810776
57640,57.64,33.2275119,0.730644946
57650,57.65,33.2312659,0.730461236
57660,57.66,33.2349299,0.730216144
57670,57.67,33.2381222,0.729986553
57680,57.68,33.241262,0.729766218
57690,57.69,33.2443981,0.729512134
57700,57.7,33.2478067,0.729260918
57710,57.71,33.2510113,0.729020529
57720,57.72,33.2543788,0.728744517
57730,57.73,33.2573715,0.728464584
57740,57.74,33.2604826,0.728138254
57750,57.75,33.2639687,0.727776591
57760,57.76,33.2675717,0.727442744
57770,57.77,33.271449,0.727098521
57780,57.78,33.275264,0.726656776
57790,57.79,33.2789126,0.726294363
57800,57.8,33.2826121,0.725942973
57810,57.81,33.2867265,0.725486328
57820,57.82,33.291581,0.725080891
57830,57.83,33.2955749,0.724637617
57840,57.84,33.299943,0.724153058
57850,57.85,33.3048535,0.72368863
57860,57.86,33.3091735,0.723258947
57870,57.87,33.3135707,0.722849996
57880,57.88,33.3180665,0.722420454
57890,57.89,33.3221511,0.721987107
57900,57.9,33.3263058,0.721615803
57910,57.91,33.3304347,0.721249664
57920,57.92,33.33458,0.720972731
57930,57.93,33.3388557,0.720779862
57940,57.94,33.3419254,0.720514966
57950,57.95,33.3451543,0.72030128
57960,57.96,33.3480782,0.72013354
57970,57.97,33.3513749,0.719841087
57980,57.98,33.3543818,0.719439682
57990,57.99,33.3570518,0.719067524
58000,58,33.3592465,0.718581119
58010,58.01,33.3616756,0.718109164
58020,58.02,33.3638142,0.717585129
58030,58.03,33.3658453,0.717024974
58040,58.04,33.3682326,0.716477529
58050,58.05,33.370717,0.716067535
58060,58.06,33.3732058,0.715663495
58070,58.07,33.3754201,0.715261381
58080,58.08,33.3772986,0.714942613
58090,58.09,33.3796386,0.714638839
58100,58.1,33.3821749,0.714426104
58110,58.11,33.3847954,0.714167085
58120,58.12,33.3872532,0.713948461
58130,58.13,33.389938,0.713602962
58140,58.14,33.3925258,0.713397004
58150,58.15,33.3947236,0.713206375
58160,58.16,33.3964162,0.712974889
58170,58.17,33.3978993,0.712782171
58180,58.18,33.3991928,0.712659861
58190,58.19,33.4012544,0.712574645
58200,58.2,33.4030831,0.712484889
58210,58.21,33.4045474,0.712476465
58220,58.22,33.4056193,0.712455674
58230,58.23,33.4065694,0.712428935
58240,58.24,33.4073934,0.712354468
58250,58.25,33.4080363,0.712297447
58260,58.26,33.4084625,0.712244453
58270,58.27,33.4091686,0.712177101
58280,58.28,33.4099922,0.712080275
58290,58.29,33.4108504,0.71202336
58300,58.3,33.4119752,0.712103517
58310,58.31,33.413249,0.712094911
58320,58.32,33.4146782,0.712078983
58330,58.33,33.416112,0.712022799
58340,58.34,33.4177084,0.711915592
58350,58.35,33.4193273,0.711765121
58360,58.36,33.421054,0.711541415
58370,58.37,33.4228797,0.711482803
58380,58.38,33.424944,0.711293135
58390,58.39,33.4264403,0.711192508
58400,58.4,33.42794,0.711185202
58410,58.41,33.4291532,0.711081903
58420,58.42,33.4304669,0.711009276
58430,58.43,33.4316696,0.710862055
58440,58.44,33.4331197,0.710739453
58450,58.45,33.4344325,0.710551737
58460,58.46,33.4356691,0.710434862
58470,58.47,33.4370325,0.710299375
58480,58.48,33.4377573,0.7102381
58490,58.49,33.4385599,0.710161664
58500,58.5,33.4390514,0.710185707
58510,58.51,33.4394994,0.710146529
58520,58.52,33.440163,0.710092252
58530,58.53,33.4412105,0.709869629
58540,58.54,33.4423542,0.709656404
58550,58.55,33.4433623,0.709521717
58560,58.56,33.4442287,0.709466824
58570,58.57,33.4455957,0.709364067
58580,58.58,33.4470171,0.709306307
58590,58.59,33.4480978,0.709245997
58600,58.6,33.4491604,0.709096204
58610,58.61,33.4506809,0.708988702
58620,58.62,33.4524586,0.708900141
58630,58.63,33.4537436,0.70877793
58640,58.64,33.4548557,0.708698916
58650,58.65,33.4558782,0.70860524
58660,58.66,33.4570681,0.708524636
58670,58.67,33.4583165,0.708496006
58680,58.68,33.4591393,0.708487721
58690,58.69,33.4599062,0.708509499
58700,58.7,33.4605353,0.70851379
58710,58.71,33.4615717,0.708568729
58720,58.72,33.4623189,0.708596447
58730,58.73,33.4629308,0.708541333
58740,58.74,33.4636233,0.70850659
58750,58.75,33.4639123,0.708491839
58760,58.76,33.4635757,0.708416283
58770,58.77,33.4637533,0.708301618
58780,58.78,33.463917,0.708158807
58790,58.79,33.4636022,0.708117486
58800,58.8,33.4638292,0.708042678
58810,58.81,33.4643499,0.707998293
58820,58.82,33.4641839,0.708014216
58830,58.83,33.464162,0.708037044
58840,58.84,33.4638528,0.708018936
58850,58.85,33.4632218,0.708038531
58860,58.86,33.4626619,0.708057904
58870,58.87,33.4619565,0.708044252
58880,58.88,33.4615724,0.708053832
58890,58.89,33.4610398,0.708034678
58900,58.9,33.4608198,0.70802712
58910,58.91,33.4604595,0.707998007
58920,58.92,33.4601401,0.707942388
58930,58.93,33.4597184,0.707837238
58940,58.94,33.4594554,0.707750283
58950,58.95,33.4592908,0.707686134
58960,58.96,33.4593203,0.70771516
58970,58.97,33.4592433,0.707754272
58980,58.98,33.4592649,0.707725915
58990,58.99,33.4594531,0.707687722
59000,59,33.4597614,0.707644366
59010,59.01,33.4597519,0.707526041
59020,59.02,33.4595864,0.70744136
59030,59.03,33.4593335,0.707391736
59040,59.04,33.4591165,0.707415944
59050,59.05,33.4597371,0.707452971
59060,59.06,33.4602005,0.707416835
59070,59.07,33.4609618,0.707384203
59080,59.08,33.4615561,0.707358718
59090,59.09,33.46109,0.707336311
59100,59.1,33.4614007,0.707400344
59110,59.11,33.461495,0.707468534
59120,59.12,33.462176,0.707542162
59130,59.13,33.4624728,0.707610451
59140,59.14,33.4630045,0.707772859
59150,59.15,33.4629617,0.708023668
59160,59.16,33.4635674,0.708198301
59170,59.17,33.4642709,0.708468938
59180,59.18,33.4653568,0.708701995
59190,59.19,33.4660957,0.708989672
59200,59.2,33.4669542,0.709101317
59210,59.21,33.468255,0.709243956
59220,59.22,33.4697027,0.709452899
59230,59.23,33.4708636,0.709622462
59240,59.24,33.4718047,0.709668191
59250,59.25,33.4725983,0.709804035
59260,59.26,33.4734228,0.709857592
59270,59.27,33.4740941,0.709910186
59280,59.28,33.4747262,0.709996503
59290,59.29,33.4757857,0.710051712
59300,59.3,33.4772392,0.710072763
59310,59.31,33.4784006,0.710186541
59320,59.32,33.4794303,0.710390183
59330,59.33,33.4802917,0.710562075
59340,59.34,33.4807758,0.710732311
59350,59.35,33.4815147,0.710862068
59360,59.36,33.4818278,0.710977369
59370,59.37,33.4823176,0.711185113
59380,59.38,33.4825667,0.711389631
59390,59.39,33.483245,0.711616246
59400,59.4,33.4839268,0.711856534
59410,59.41,33.4847362,0.71211506
59420,59.42,33.4854595,0.712364164
59430,59.43,33.4860041,0.712588065
59440,59.44,33.4867538,0.712861627
59450,59.45,33.4871026,0.713098502
59460,59.46,33.487972,0.713262389
59470,59.47,33.4885321,0.713464561
59480,59.48,33.488497,0.713675086
59490,59.49,33.4887292,0.713866351
59500,59.5,33.4885672,0.714077861
59510,59.51,33.4883562,0.714269371
59520,59.52,33.4883407,0.714357833
59530,59.53,33.488287,0.714407434
59540,59.54,33.4879759,0.714484162
59550,59.55,33.4877465,0.714669297
59560,59.56,33.4878316,0.714767656
59570,59.57,33.4880382,0.714829066
59580,59.58,33.4883157,0.714895403
59590,59.59,33.4881234,0.714973055
59600,59.6,33.4878729,0.715102626
59610,59.61,33.4876774,0.715189119
59620,59.62,33.4871196,0.715319377
59630,59.63,33.4864729,0.715466309
59640,59.64,33.485867,0.715609814
59650,59.65,33.4854307,0.715758296
59660,59.66,33.4845694,0.715950363
59670,59.67,33.4837335,0.716077098
59680,59.68,33.4824843,0.716293815
59690,59.69,33.4808644,0.716563837
59700,59.7,33.4795107,0.716846697
59710,59.71,33.4776662,0.717167874
59720,59.72,33.4760128,0.717484835
59730,59.73,33.4740662,0.717841849
59740,59.74,33.4719601,0.718136591
59750,59.75,33.4700895,0.718433873
59760,59.76,33.4681826,0.718713813
59770,59.77,33.4664615,0.718919951
59780,59.78,33.4649677,0.719162543
59790,59.79,33.4641482,0.719408376
59800,59.8,33.4634988,0.719600292
59810,59.81,33.4632471,0.719836328
59820,59.82,33.4627083,0.720068308
59830,59.83,33.4619184,0.720340184
59840,59.84,33.4604518,0.72062444
59850,59.85,33.4592074,0.720914181
59860,59.86,33.4574798,0.721193841
59870,59.87,33.4558771,0.721535472
59880,59.88,33.4548369,0.721908594
59890,59.89,33.4541756,0.722223061
59900,59.9,33.4530086,0.722508501
59910,59.91,33.4521371,0.722761765
59920,59.92,33.4506104,0.723015824
59930,59.93,33.4493584,0.723304234
59940,59.94,33.4483203,0.723610852
59950,59.95,33.447534,0.723965229
59960,59.96,33.4463783,0.724353915
59970,59.97,33.4450244,0.724636227
59980,59.98,33.4439465,0.725016089
59990,59.99,33.4420871,0.725299461
60000,60,33.4410928,0.725500795
60010,60.01,33.4401055,0.725648449
60020,60.02,33.4387602,0.725829862
60030,60.03,33.4374734,0.726099125
60040,60.04,33.4362601,0.726259528
60050,60.05,33.4341867,0.72641248
60060,60.06,33.4319742,0.726624295
60070,60.07,33.4299623,0.726752748
60080,60.08,33.42786,0.727014315
60090,60.09,33.4254088,0.727225897
60100,60.1,33.4232716,0.727471467
60110,60.11,33.4212778,0.727742855
60120,60.12,33.4192359,0.728021216
60130,60.13,33.4172991,0.728218053
60140,60.14,33.4154982,0.728398744
60150,60.15,33.4132923,0.728636566
60160,60.16,33.4107386,0.72881797
60170,60.17,33.4083759,0.729029915
60180,60.18,33.4061025,0.729264348
60190,60.19,33.4037627,0.729503882
60200,60.2,33.4011769,0.72970599
60210,60.21,33.3977614,0.729865788
60220,60.22,33.3949832,0.73001657
60230,60.23,33.3920971,0.730054656
60240,60.24,33.3894689,0.730061245
60250,60.25,33.3865386,0.730063007
60260,60.26,33.3843229,0.730081489
60270,60.27,33.3817866,0.730135492
60280,60.28,33.3790752,0.73021115
60290,60.29,33.376029,0.730174748
60300,60.3,33.3735242,0.730197536
60310,60.31,33.3713492,0.730190176
60320,60.32,33.3691583,0.730273432
60330,60.33,33.366435,0.730286513
60340,60.34,33.3633326,0.730296568
60350,60.35,33.3608631,0.730285416
60360,60.36,33.3583826,0.730350044
60370,60.37,33.3564662,0.730419631
60380,60.38,33.3543672,0.730578955
60390,60.39,33.3523395,0.73077099
60400,60.4,33.3507962,0.730890743
60410,60.41,33.3487799,0.73100689
60420,60.42,33.3468327,0.731117916
60430,60.43,33.3446632,0.731254128
60440,60.44,33.3424797,0.73136021
60450,60.45,33.3399881,0.731471024
60460,60.46,33.3372704,0.731633457
60470,60.47,33.3346943,0.731761215
60480,60.48,33.3325913,0.732095102
60490,60.49,33.330341,0.732475463
60500,60.5,33.3276314,0.7328446
60510,60.51,33.3248616,0.733159402
60520,60.52,33.32184,0.733527001
60530,60.53,33.3189976,0.73394379
60540,60.54,33.3162548,0.73437196
60550,60.55,33.3132146,0.734735212
60560,60.56,33.3101243,0.735149846
60570,60.57,33.3069046,0.735576894
60580,60.58,33.3029048,0.735985587
60590,60.59,33.2987547,0.736410622
60600,60.6,33.2946972,0.736797892
60610,60.61,33.2905147,0.737153948
60620,60.62,33.2869091,0.737535402
60630,60.63,33.2833759,0.737906949
60640,60.64,33.279494,0.738329478
60650,60.65,33.2761818,0.738684509
60660,60.66,33.2733382,0.7389062
60670,60.67,33.2705187,0.739009074
60680,60.68,33.2675564,0.739059331
60690,60.69,33.2650483,0.739016546
60700,60.7,33.2627824,0.738939037
60710,60.71,33.26082,0.738762189
60720,60.72,33.2588264,0.738562676
60730,60.73,33.2564929,0.738355111
60740,60.74,33.2545521,0.738178599
60750,60.75,33.2523547,0.738002257
60760,60.76,33.250528,0.737933815
60770,60.77,33.2489828,0.737849632
60780,60.78,33.2473034,0.737745353
60790,60.79,33.2454251,0.73760262
60800,60.8,33.2437889,0.737435968
60810,60.81,33.2417431,0.737247898
60820,60.82,33.2399038,0.736851059
60830,60.83,33.2380891,0.736633335
60840,60.84,33.2361063,0.736409769
60850,60.85,33.2339295,0.736234701
60860,60.86,33.2320282,0.736180206
60870,60.87,33.2301095,0.736047293
60880,60.88,33.2284947,0.735962825
60890,60.89,33.2265685,0.735865715
60900,60.9,33.2243115,0.735637433
60910,60.91,33.2218688,0.735446549
60920,60.92,33.2190706,0.735295559
60930,60.93,33.2163746,0.735152556
60940,60.94,33.2135283,0.734938991
60950,60.95,33.2104411,0.734645318
60960,60.96,33.2072109,0.734229646
60970,60.97,33.2039042,0.733854513
60980,60.98,33.2007275,0.733496364
60990,60.99,33.1969029,0.733170692
61000,61,33.1932267,0.732869672
61010,61.01,33.189086,0.732666048
61020,61.02,33.1851405,0.732473093
61030,61.03,33.1811083,0.732180081
61040,61.04,33.1777781,0.731873876
61050,61.05,33.17415,0.731648307
61060,61.06,33.1700522,0.731360261
61070,61.07,33.1660286,0.73110658
61080,61.08,33.1616991,0.730836457
61090,61.09,33.1572363,0.730656534
61100,61.1,33.1532538,0.73036684
61110,61.11,33.1482702,0.730084395
61120,61.12,33.1429687,0.729845502
61130,61.13,33.1372786,0.729648539
61140,61.14,33.1321628,0.729446094
61150,61.15,33.1266565,0.729232043
61160,61.16,33.1207549,0.729041395
61170,61.17,33.1151886,0.728662005
61180,61.18,33.1099421,0.728300845
61190,61.19,33.1051638,0.72800639
61200,61.2,33.1001529,0.727690305
61210,61.21,33.0951102,0.727206366
61220,61.22,33.089809,0.726751236
61230,61.23,33.0851458,0.726361197
61240,61.24,33.0809528,0.725966283
61250,61.25,33.075851,0.725545943
61260,61.26,33.0707799,0.725239889
61270,61.27,33.0662421,0.724915527
61280,61.28,33.0615231,0.724547544
61290,61.29,33.0570171,0.724151219
61300,61.3,33.0525353,0.723870801
61310,61.31,33.0480947,0.723545839
61320,61.32,33.0443199,0.723228797
61330,61.33,33.0406652,0.722915006
61340,61.34,33.0364158,0.722508407
61350,61.35,33.0330721,0.722127354
61360,61.36,33.0293473,0.721636777
61370,61.37,33.0254216,0.721097334
61380,61.38,33.0216045,0.720606282
61390,61.39,33.0178043,0.720156305
61400,61.4,33.0143036,0.719712061
61410,61.41,33.0104396,0.719300171
61420,61.42,33.0059999,0.718965637
61430,61.43,33.00218,0.71866819
61440,61.44,32.9988257,0.718382678
61450,61.45,32.9952017,0.718069914
61460,61.46,32.9920582,0.717712196
61470,61.47,32.98847,0.717487666
61480,61.48,32.9850049,0.717241939
61490,61.49,32.981547,0.716997151
61500,61.5,32.9786614,0.716730809
61510,61.51,32.9750961,0.716411202
61520,61.52,32.9714439,0.716196114
61530,61.53,32.9672806,0.715963347
61540,61.54,32.9625919,0.715740149
61550,61.55,32.95831,0.715464685
61560,61.56,32.9540792,0.715200548
61570,61.57,32.9501851,0.714934684
61580,61.58,32.94614,0.714666181
61590,61.59,32.9411022,0.714445657
61600,61.6,32.9362849,0.714193347
61610,61.61,32.9309976,0.713875804
61620,61.62,32.9253686,0.713596365
61630,61.63,32.9192566,0.713463876
61640,61.64,32.9129805,0.713140735
61650,61.65,32.9065653,0.712870378
61660,61.66,32.899997,0.712493521
61670,61.67,32.8938349,0.712239074
61680,61.68,32.8871909,0.711950883
61690,61.69,32.8800311,0.711681646
61700,61.7,32.8723009,0.711413523
61710,61.71,32.8647448,0.71121299
61720,61.72,32.8574599,0.711029885
61730,61.73,32.8502738,0.7107318
61740,61.74,32.8428853,0.710424394
61750,61.75,32.8348712,0.710110675
61760,61.76,32.8274606,0.709854906
61770,61.77,32.8202449,0.709511089
61780,61.78,32.8134219,0.70921888
61790,61.79,32.8059658,0.708912337
61800,61.8,32.7992501,0.708566692
61810,61.81,32.7919302,0.708125812
61820,61.82,32.7840807,0.707716266
61830,61.83,32.7767966,0.707276595
61840,61.84,32.76929,0.70684219
61850,61.85,32.7618771,0.70649871
61860,61.86,32.7555088,0.706139833
61870,61.87,32.7493817,0.705745986
61880,61.88,32.7430151,0.705260284
61890,61.89,32.7369459,0.704741741
61900,61.9,32.7306639,0.704276021
61910,61.91,32.7247612,0.703930263
61920,61.92,32.7189233,0.7034628
61930,61.93,32.7124133,0.70296861
61940,61.94,32.7060647,0.702528889
61950,61.95,32.7005545,0.701987056
61960,61.96,32.6951246,0.701399471
61970,61.97,32.6898222,0.700898586
61980,61.98,32.6840149,0.700387424
61990,61.99,32.678409,0.699883993
62000,62,32.6731436,0.699486272
62010,62.01,32.6677496,0.699119537
62020,62.02,32.6622533,0.698672364
62030,62.03,32.6577438,0.698147725
62040,62.04,32.6536992,0.697730957
62050,62.05,32.6500601,0.69733084
62060,62.06,32.6468458,0.696918526
62070,62.07,32.6434528,0.696510808
62080,62.08,32.6400833,0.696160496
62090,62.09,32.6362275,0.695703149
62100,62.1,32.6323008,0.695248492
62110,62.11,32.628929,0.694800798
62120,62.12,32.6254865,0.694399768
62130,62.13,32.6221422,0.694032475
62140,62.14,32.6182813,0.693719187
62150,62.15,32.6143318,0.693474018
62160,62.16,32.6098943,0.693258196
62170,62.17,32.6058786,0.693017478
62180,62.18,32.6022099,0.692714763
62190,62.19,32.5991054,0.692575632
62200,62.2,32.5960145,0.692355507
62210,62.21,32.5928282,0.692158373
62220,62.22,32.5894013,0.69190099
62230,62.23,32.58552,0.691757742
62240,62.24,32.5818872,0.691679076
62250,62.25,32.5777556,0.691625612
62260,62.26,32.5741366,0.691586707
62270,62.27,32.5694955,0.691469549
62280,62.28,32.5647314,0.691464672
62290,62.29,32.5600876,0.691508486
62300,62.3,32.5554875,0.691531017
62310,62.31,32.5506984,0.69148437
62320,62.32,32.5458044,0.691354614
62330,62.33,32.5415392,0.691292911
62340,62.34,32.5374431,0.691202751
62350,62.35,32.5331018,0.691102256
62360,62.36,32.5286573,0.690999381
62370,62.37,32.5243249,0.690813832
62380,62.38,32.5196211,0.690581804
62390,62.39,32.5152275,0.690360146
62400,62.4,32.5107107,0.690217689
62410,62.41,32.5057923,0.690089694
62420,62.42,32.5003085,0.689963501
62430,62.43,32.4950701,0.689799705
62440,62.44,32.489758,0.689680235
62450,62.45,32.4840572,0.689494513
62460,62.46,32.4786974,0.689317379
62470,62.47,32.4731223,0.689165678
62480,62.48,32.4679787,0.689107019
62490,62.49,32.4630139,0.689033359
62500,62.5,32.4574572,0.688878171
62510,62.51,32.4516059,0.68867998
62520,62.52,32.4453188,0.688458038
62530,62.53,32.4396346,0.688296485
62540,62.54,32.4336492,0.688111154
62550,62.55,32.4275849,0.687859838
62560,62.56,32.4215751,0.68756737
62570,62.57,32.4151248,0.687415456
62580,62.58,32.4089672,0.687331137
62590,62.59,32.4022565,0.68718041
62600,62.6,32.395699,0.687081474
62610,62.61,32.3896718,0.687056406
62620,62.62,32.3836141,0.686988678
62630,62.63,32.3765911,0.686892514
62640,62.64,32.3701586,0.686840529
62650,62.65,32.3627258,0.686864677
62660,62.66,32.3548195,0.686905006
62670,62.67,32.3478146,0.687019938
62680,62.68,32.3406549,0.687065375
62690,62.69,32.3332379,0.687186586
62700,62.7,32.3258716,0.687253826
62710,62.71,32.3194534,0.687339924
62720,62.72,32.3126692,0.687507444
62730,62.73,32.3061425,0.687712619
62740,62.74,32.2999204,0.68781443
62750,62.75,32.2938174,0.687829178
62760,62.76,32.2875036,0.687831065
62770,62.77,32.279813,0.687853402
62780,62.78,32.2726482,0.68784294
62790,62.79,32.2657942,0.687787778
62800,62.8,32.2586941,0.687798923
62810,62.81,32.2515558,0.687780166
62820,62.82,32.2446219,0.687795211
62830,62.83,32.23869,0.687787932
62840,62.84,32.2331061,0.687762432
62850,62.85,32.2276185,0.687757746
62860,62.86,32.2223899,0.687728905
62870,62.87,32.2176434,0.687713974
62880,62.88,32.2128937,0.687730923
62890,62.89,32.2079783,0.687742171
62900,62.9,32.2031912,0.687825948
62910,62.91,32.1987366,0.687928075
62920,62.92,32.1944749,0.688049895
62930,62.93,32.1891893,0.688137289
62940,62.94,32.1837728,0.688266434
62950,62.95,32.1785947,0.688329021
62960,62.96,32.1736298,0.688418368
62970,62.97,32.1688448,0.688577678
62980,62.98,32.1639121,0.688553833
62990,62.99,32.1586356,0.68868435
63000,63,32.1535436,0.688838971
63010,63.01,32.149087,0.689098648
63020,63.02,32.1446697,0.689266794
63030,63.03,32.1396976,0.689333401
63040,63.04,32.13441,0.689399642
63050,63.05,32.1294788,0.68943915
63060,63.06,32.1252216,0.689664264
63070,63.07,32.1207543,0.689860918
63080,63.08,32.1171095,0.69001347
63090,63.09,32.1138198,0.69017302
63100,63.1,32.1103513,0.690372905
63110,63.11,32.1076212,0.690588797
63120,63.12,32.1049862,0.690870853
63130,63.13,32.1026662,0.691177035
63140,63.14,32.1001476,0.691460676
63150,63.15,32.0977925,0.69158165
63160,63.16,32.0960825,0.691780713
63170,63.17,32.0947418,0.692033306
63180,63.18,32.0937494,0.692195518
63190,63.19,32.0930623,0.692423512
63200,63.2,32.0925086,0.69258589
63210,63.21,32.0915321,0.692758189
63220,63.22,32.0907441,0.69302988
63230,63.23,32.0896732,0.693193868
63240,63.24,32.0885943,0.693410849
63250,63.25,32.0882682,0.693667367
63260,63.26,32.0870362,0.693857658
63270,63.27,32.086365,0.694046836
63280,63.28,32.0858245,0.694190479
63290,63.29,32.0850839,0.694388415
63300,63.3,32.0843447,0.694668971
63310,63.31,32.0832849,0.694880604
63320,63.32,32.0825217,0.695010446
63330,63.33,32.0816004,0.695222628
63340,63.34,32.0800169,0.695437645
63350,63.35,32.0787728,0.695684813
63360,63.36,32.0776502,0.695854888
63370,63.37,32.0765511,0.696088652
63380,63.38,32.0756919,0.69631626
63390,63.39,32.0742479,0.696564234
63400,63.4,32.0731341,0.696870422
63410,63.41,32.0713584,0.697173872
63420,63.42,32.0704296,0.697468671
63430,63.43,32.0693788,0.697839705
63440,63.44,32.068344,0.698228407
63450,63.45,32.0679573,0.698612849
63460,63.46,32.0674225,0.698915369
63470,63.47,32.0663586,0.699135952
63480,63.48,32.0646862,0.699310648
63490,63.49,32.0630469,0.699482262
63500,63.5,32.0624217,0.699639986
63510,63.51,32.061271,0.69974516
63520,63.52,32.0604911,0.699808726
63530,63.53,32.0592255,0.699924339
63540,63.54,32.0576009,0.699878871
63550,63.55,32.0558166,0.699836957
63560,63.56,32.0546434,0.699731343
63570,63.57,32.0534161,0.699554934
63580,63.58,32.0521344,0.699477526
63590,63.59,32.0510037,0.69929993
63600,63.6,32.0499107,0.699183916
63610,63.61,32.04844,0.698944126
63620,63.62,32.0475903,0.698722365
63630,63.63,32.0463742,0.698361139
63640,63.64,32.0448482,0.697951589
63650,63.65,32.0435277,0.697591607
63660,63.66,32.0420481,0.697237676
63670,63.67,32.0408066,0.696963121
63680,63.68,32.0397172,0.696870815
63690,63.69,32.0384831,0.696669642
63700,63.7,32.036755,0.696448786
63710,63.71,32.0357327,0.696219126
63720,63.72,32.0348399,0.696032146
63730,63.73,32.0339615,0.695826657
63740,63.74,32.0329433,0.69566962
63750,63.75,32.0324051,0.69560965
63760,63.76,32.0323545,0.695548947
63770,63.77,32.0323456,0.695511274
63780,63.78,32.0320969,0.695537409
63790,63.79,32.0322294,0.695536469
63800,63.8,32.0326029,0.695679178
63810,63.81,32.0334699,0.695708993
63820,63.82,32.0346961,0.69574027
63830,63.83,32.0357041,0.695748721
63840,63.84,32.0366391,0.695774763
63850,63.85,32.0374901,0.695883275
63860,63.86,32.0381388,0.695891767
63870,63.87,32.038977,0.695893087
63880,63.88,32.0405972,0.695847386
63890,63.89,32.0416276,0.695844264
63900,63.9,32.0426606,0.695813932
63910,63.91,32.0437487,0.695873027
63920,63.92,32.0447657,0.695980429
63930,63.93,32.0455644,0.695992096
63940,63.94,32.0461474,0.696044681
63950,63.95,32.0467377,0.696085982
63960,63.96,32.0474851,0.696231637
63970,63.97,32.0486582,0.69621567
63980,63.98,32.0500627,0.696235682
63990,63.99,32.0514677,0.696202948
64000,64,32.0526349,0.696223875
64010,64.01,32.0537808,0.696229834
64020,64.02,32.055176,0.696214132
64030,64.03,32.0562312,0.69616822
64040,64.04,32.0574762,0.696089083
64050,64.05,32.058784,0.696149687
64060,64.06,32.0603583,0.696280884
64070,64.07,32.0613528,0.696368021
64080,64.08,32.0617045,0.696591349
64090,64.09,32.0613424,0.696818965
64100,64.1,32.0615252,0.697105034
64110,64.11,32.0619299,0.697232597
64120,64.12,32.0624833,0.697391057
64130,64.13,32.0630808,0.697461172
64140,64.14,32.0635528,0.697487972
64150,64.15,32.0637979,0.697557491
64160,64.16,32.0636969,0.697540701
64170,64.17,32.063292,0.697511965
64180,64.18,32.0633466,0.697514428
64190,64.19,32.0631671,0.697487217
64200,64.2,32.0626403,0.697417577
64210,64.21,32.0624844,0.697383102
64220,64.22,32.0621437,0.697397115
64230,64.23,32.0618516,0.697380071
64240,64.24,32.0617241,0.697406784
64250,64.25,32.0615186,0.697506892
64260,64.26,32.061637,0.697574989
64270,64.27,32.061839,0.697610962
64280,64.28,32.061886,0.69763498
64290,64.29,32.0617653,0.697782828
64300,64.3,32.0616241,0.697882505
64310,64.31,32.0621677,0.697866912
64320,64.32,32.0626286,0.697950923
64330,64.33,32.0631473,0.698004712
64340,64.34,32.0640632,0.698100419
64350,64.35,32.0653546,0.698240244
64360,64.36,32.0663676,0.698387679
64370,64.37,32.0670134,0.698435794
64380,64.38,32.0678969,0.698542271
64390,64.39,32.0688943,0.698637414
64400,64.4,32.0704605,0.698835094
64410,64.41,32.070974,0.699004401
64420,64.42,32.0718636,0.699183585
64430,64.43,32.0727118,0.699467546
64440,64.44,32.073409,0.699758246
64450,64.45,32.0732548,0.699958855
64460,64.46,32.0736811,0.700200488
64470,64.47,32.0737495,0.700472774
64480,64.48,32.0735247,0.700830132
64490,64.49,32.074042,0.701107353
64500,64.5,32.0745703,0.701389104
64510,64.51,32.0750688,0.701685673
64520,64.52,32.0759814,0.701924769
64530,64.53,32.0765277,0.702161775
64540,64.54,32.0773259,0.702294879
64550,64.55,32.0779079,0.7024242
64560,64.56,32.0792704,0.702629697
64570,64.57,32.0810173,0.7027976
64580,64.58,32.0830221,0.702858443
64590,64.59,32.0852034,0.703077127
64600,64.6,32.0870584,0.703426263
64610,64.61,32.0885863,0.703733224
64620,64.62,32.090248,0.704083479
64630,64.63,32.092542,0.704356912
64640,64.64,32.094788,0.704574546
64650,64.65,32.0961542,0.704799921
64660,64.66,32.0975756,0.705065088
64670,64.67,32.0991099,0.705365172
64680,64.68,32.1005593,0.70572684
64690,64.69,32.1016697,0.706047466
64700,64.7,32.1025704,0.706396685
64710,64.71,32.1040334,0.70675689
64720,64.72,32.1053101,0.707236785
64730,64.73,32.1061615,0.70759479
64740,64.74,32.1069917,0.708064964
64750,64.75,32.1078192,0.708533205
64760,64.76,32.1086233,0.709030792
64770,64.77,32.1100008,0.709540012
64780,64.78,32.1118385,0.710044925
64790,64.79,32.1137826,0.710561264
64800,64.8,32.115149,0.710915143
64810,64.81,32.116424,0.711222292
64820,64.82,32.1181323,0.711370251
64830,64.83,32.1196389,0.711547436
64840,64.84,32.1208431,0.711740184
64850,64.85,32.12304,0.711968407
64860,64.86,32.1253703,0.712064406
64870,64.87,32.1275067,0.71222899
64880,64.88,32.1302721,0.712460266
64890,64.89,32.1328691,0.712692916
64900,64.9,32.1354917,0.712904411
64910,64.91,32.1384577,0.713123905
64920,64.92,32.1409016,0.713366237
64930,64.93,32.1438696,0.713636666
64940,64.94,32.1466373,0.713859204
64950,64.95,32.1492661,0.714012203
64960,64.96,32.1521014,0.714267499
64970,64.97,32.1546989,0.714578131
64980,64.98,32.1564938,0.714880735
64990,64.99,32.1577316,0.715192366
65000,65,32.1590399,0.715532677
65010,65.01,32.1605265,0.715960845
65020,65.02,32.1615943,0.716361419
65030,65.03,32.1626329,0.716826797
65040,65.04,32.1641774,0.717286837
65050,65.05,32.1648814,0.717800682
65060,65.06,32.1661215,0.718329284
65070,65.07,32.1672281,0.718693507
65080,65.08,32.1687627,0.719068591
65090,65.09,32.1713522,0.719410969
65100,65.1,32.1734231,0.719669719
65110,65.11,32.1753271,0.719956648
65120,65.12,32.1770751,0.720185955
65130,65.13,32.1786015,0.720265842
65140,65.14,32.180034,0.720300881
65150,65.15,32.1818659,0.72037224
65160,65.16,32.1836025,0.720567877
65170,65.17,32.1848864,0.720795876
65180,65.18,32.1865099,0.720820327
65190,65.19,32.1881272,0.720889952
65200,65.2,32.1897241,0.720929073
65210,65.21,32.1911369,0.721013847
65220,65.22,32.1927763,0.721040382
65230,65.23,32.1940493,0.721019242
65240,65.24,32.1953853,0.721063563
65250,65.25,32.1978877,0.721273379
65260,65.26,32.2007387,0.721523541
65270,65.27,32.2032081,0.721765987
65280,65.28,32.2060078,0.721860034
65290,65.29,32.2079757,0.722053243
65300,65.3,32.2101747,0.72224842
65310,65.31,32.2123476,0.722404919
65320,65.32,32.2149257,0.722623145
65330,65.33,32.2167883,0.722842106
65340,65.34,32.218304,0.723078497
65350,65.35,32.2198831,0.723234472
65360,65.36,32.2216796,0.72336674
65370,65.37,32.2236305,0.723538564
65380,65.38,32.2253208,0.723742622
65390,65.39,32.2271395,0.723876416
65400,65.4,32.2287126,0.724153653
65410,65.41,32.2298785,0.724354553
65420,65.42,32.2312015,0.724513708
65430,65.43,32.2324083,0.724666536
65440,65.44,32.233535,0.724888057
65450,65.45,32.2350861,0.725092737
65460,65.46,32.237222,0.725317112
65470,65.47,32.2387301,0.725538949
65480,65.48,32.2404563,0.725644848
65490,65.49,32.2433415,0.725811304
65500,65.5,32.245124,0.725876266
65510,65.51,32.2475498,0.725988515
65520,65.52,32.2494004,0.726108105
65530,65.53,32.2512974,0.726175768
65540,65.54,32.2533897,0.726191078
65550,65.55,32.2548254,0.726337755
65560,65.56,32.2560877,0.726507892
65570,65.57,32.2565852,0.726571414
65580,65.58,32.2571949,0.726695785
65590,65.59,32.2574521,0.72677904
65600,65.6,32.2574261,0.7269356
65610,65.61,32.2572389,0.727009625
65620,65.62,32.2573321,0.727065805
65630,65.63,32.2572207,0.727139164
65640,65.64,32.2579088,0.727137673
65650,65.65,32.2584273,0.727131269
65660,65.66,32.2586743,0.727124719
65670,65.67,32.2586681,0.727227331
65680,65.68,32.2576244,0.727268221
65690,65.69,32.2570455,0.7273601
65700,65.7,32.2569593,0.727386031
65710,65.71,32.2570124,0.727443624
65720,65.72,32.2565599,0.72743297
65730,65.73,32.2560151,0.727449577
65740,65.74,32.2552199,0.727552069
65750,65.75,32.2545925,0.727623413
65760,65.76,32.2528317,0.727744749
65770,65.77,32.2511148,0.727861663
65780,65.78,32.2492876,0.728000077
65790,65.79,32.2472297,0.728112151
65800,65.8,32.2453761,0.728223891
65810,65.81,32.2440707,0.728234772
65820,65.82,32.2427544,0.72824689
65830,65.83,32.2418626,0.728318665
65840,65.84,32.2415098,0.728307553
65850,65.85,32.2414011,0.72826004
65860,65.86,32.2412254,0.728181386
65870,65.87,32.2405721,0.728147294
65880,65.88,32.2401839,0.728114719
65890,65.89,32.239589,0.728105489
65900,65.9,32.238734,0.728219363
65910,65.91,32.2385486,0.728365232
65920,65.92,32.2388136,0.728379272
65930,65.93,32.2387447,0.728501074
65940,65.94,32.2392497,0.728644055
65950,65.95,32.2391032,0.728735811
65960,65.96,32.239598,0.728768434
65970,65.97,32.2400266,0.728785542
65980,65.98,32.2404887,0.728835682
65990,65.99,32.2410392,0.728982941
66000,66,32.2412344,0.729209079
66010,66.01,32.2414569,0.729375797
66020,66.02,32.2418134,0.729552819
66030,66.03,32.2423006,0.729743458
66040,66.04,32.2426217,0.729895897
66050,66.05,32.2427403,0.730043477
66060,66.06,32.2427869,0.730246494
66070,66.07,32.2428265,0.730446907
66080,66.08,32.2424399,0.730764559
66090,66.09,32.242391,0.731015998
66100,66.1,32.2423174,0.731238005
66110,66.11,32.2423285,0.731380463
66120,66.12,32.2426128,0.731482298
66130,66.13,32.2427242,0.731516716
66140,66.14,32.2421446,0.731488473
66150,66.15,32.2408258,0.731472852
66160,66.16,32.2403302,0.731420764
66170,66.17,32.2388716,0.731430299
66180,66.18,32.2375794,0.731393599
66190,66.19,32.2363272,0.731427214
66200,66.2,32.2354383,0.731498937
66210,66.21,32.2345788,0.731595245
66220,66.22,32.2339632,0.731579073
66230,66.23,32.2329422,0.731611044
66240,66.24,32.2317326,0.731761494
66250,66.25,32.2304796,0.732008053
66260,66.26,32.229797,0.732278819
66270,66.27,32.2290865,0.732494672
66280,66.28,32.2286223,0.732749339
66290,66.29,32.2283817,0.732913275
66300,66.3,32.2287338,0.733121582
66310,66.31,32.2294047,0.733446477
66320,66.32,32.2300948,0.733774187
66330,66.33,32.2305135,0.734056734
66340,66.34,32.2306857,0.734333105
66350,66.35,32.229968,0.734657991
66360,66.36,32.2297318,0.734931466
66370,66.37,32.2290068,0.735241148
66380,66.38,32.2285125,0.735643609
66390,66.39,32.227761,0.735854035
66400,66.4,32.2269532,0.736087164
66410,66.41,32.2266153,0.736326682
66420,66.42,32.2257758,0.73650905
66430,66.43,32.2256323,0.736536166
66440,66.44,32.2256305,0.736573998
66450,66.45,32.2254602,0.736710247
66460,66.46,32.2251666,0.736954764
66470,66.47,32.2251256,0.737210718
66480,66.48,32.2248508,0.737399358
66490,66.49,32.2249472,0.737526322
66500,66.5,32.2249654,0.737649024
66510,66.51,32.2247907,0.737747435
66520,66.52,32.2243249,0.737750151
66530,66.53,32.223495,0.737772447
66540,66.54,32.2221826,0.737755527
66550,66.55,32.2200271,0.737686774
66560,66.56,32.2184045,0.737711785
66570,66.57,32.2168539,0.737735201
66580,66.58,32.2158896,0.73766224
66590,66.59,32.214847,0.737694373
66600,66.6,32.2134081,0.737693567
66610,66.61,32.2113622,0.737569597
66620,66.62,32.2092239,0.737411066
66630,66.63,32.2069013,0.737260699
66640,66.64,32.204867,0.737068742
66650,66.65,32.2033773,0.736934753
66660,66.66,32.2016505,0.736832526
66670,66.67,32.1995436,0.736706366
66680,66.68,32.1973109,0.736611193
66690,66.69,32.1947879,0.736484078
66700,66.7,32.1925184,0.736361303
66710,66.71,32.1905034,0.736228211
66720,66.72,32.1879994,0.736075087
66730,66.73,32.1850761,0.736094614
66740,66.74,32.1819049,0.735972836
66750,66.75,32.1792503,0.735715231
66760,66.76,32.1763712,0.735503843
66770,66.77,32.1732946,0.735326362
66780,66.78,32.1711011,0.735117259
66790,66.79,32.169281,0.734863505
66800,66.8,32.1672087,0.734573437
66810,66.81,32.1653453,0.734201567
66820,66.82,32.1636506,0.733885653
66830,66.83,32.1624637,0.733662922
66840,66.84,32.161833,0.733442426
66850,66.85,32.1612107,0.733145373
66860,66.86,32.1599496,0.732951822
66870,66.87,32.1596003,0.732720151
66880,66.88,32.1602456,0.732331623
66890,66.89,32.1605645,0.732033454
66900,66.9,32.1608974,0.731768013
66910,66.91,32.1603715,0.731338092
66920,66.92,32.1588822,0.730986978
66930,66.93,32.1573041,0.730750994
66940,66.94,32.1557456,0.730554458
66950,66.95,32.153449,0.730279408
66960,66.96,32.151523,0.730090879
66970,66.97,32.1494604,0.729849634
66980,66.98,32.1466797,0.729627764
66990,66.99,32.1440119,0.729313893
67000,67,32.1412668,0.728871949
67010,67.01,32.1382401,0.728399195
67020,67.02,32.1356474,0.72800412
67030,67.03,32.1326735,0.727660288
67040,67.04,32.129993,0.727393461
67050,67.05,32.1265483,0.72718873
67060,67.06,32.1227859,0.72704803
67070,67.07,32.1186516,0.726991408
67080,67.08,32.1152355,0.726891964
67090,67.09,32.1116992,0.726661229
67100,67.1,32.1078296,0.726479203
67110,67.11,32.1041739,0.726374746
67120,67.12,32.1007882,0.72620338
67130,67.13,32.0971229,0.726077722
67140,67.14,32.0937514,0.72584742
67150,67.15,32.0905107,0.725588499
67160,67.16,32.0874019,0.725262933
67170,67.17,32.0847811,0.724925797
67180,67.18,32.081719,0.724629693
67190,67.19,32.078219,0.724289844
67200,67.2,32.0750603,0.723855939
67210,67.21,32.0716444,0.723463417
67220,67.22,32.0684165,0.723024401
67230,67.23,32.0650638,0.722570474
67240,67.24,32.0613934,0.722049993
67250,67.25,32.0576242,0.721578231
67260,67.26,32.0538419,0.721039614
67270,67.27,32.0505505,0.720513946
67280,67.28,32.0468425,0.719992329
67290,67.29,32.043046,0.71945639
67300,67.3,32.039542,0.71896153
67310,67.31,32.0359076,0.718503108
67320,67.32,32.0318775,0.718161275
67330,67.33,32.0282651,0.717777193
67340,67.34,32.0250416,0.717294855
67350,67.35,32.0225544,0.716809395
67360,67.36,32.0193771,0.716239116
67370,67.37,32.0159619,0.715712823
67380,67.38,32.0127407,0.715207508
67390,67.39,32.0098063,0.714843711
67400,67.4,32.0067292,0.714543133
67410,67.41,32.0038188,0.714155672
67420,67.42,32.0008822,0.713815106
67430,67.43,31.9979352,0.713449429
67440,67.44,31.994562,0.713118729
67450,67.45,31.9911747,0.71277335
67460,67.46,31.9883038,0.712390545
67470,67.47,31.9849196,0.711926609
67480,67.48,31.9814232,0.711368996
67490,67.49,31.9783308,0.710996957
67500,67.5,31.9755223,0.710545692
67510,67.51,31.9721567,0.710161353
67520,67.52,31.9694263,0.709813797
67530,67.53,31.9667162,0.709401276
67540,67.54,31.9638283,0.70892566
67550,67.55,31.9615228,0.708471722
67560,67.56,31.9598056,0.707966183
67570,67.57,31.9580559,0.707429259
67580,67.58,31.9562497,0.706974578
67590,67.59,31.9541361,0.706568419
67600,67.6,31.952773,0.706135104
67610,67.61,31.9510751,0.705734218
67620,67.62,31.9496593,0.705280019
67630,67.63,31.9486086,0.704738279
67640,67.64,31.9473611,0.704348804
67650,67.65,31.9457414,0.703996272
67660,67.66,31.9446419,0.703692833
67670,67.67,31.9424509,0.703287407
67680,67.68,31.9406149,0.70287464
67690,67.69,31.9381915,0.702426334
67700,67.7,31.9363956,0.702055998
67710,67.71,31.9346518,0.701568358
67720,67.72,31.9330544,0.701211186
67730,67.73,31.9317309,0.700849089
67740,67.74,31.9309314,0.700414887
67750,67.75,31.9308005,0.700045794
67760,67.76,31.9303205,0.699704576
67770,67.77,31.9290588,0.699405877
67780,67.78,31.9277215,0.699112213
67790,67.79,31.9270256,0.698819424
67800,67.8,31.9263941,0.698506624
67810,67.81,31.9256228,0.69822824
67820,67.82,31.9243614,0.697922343
67830,67.83,31.9227663,0.697733855
67840,67.84,31.9210027,0.69740994
67850,67.85,31.9197535,0.697144344
67860,67.86,31.9185024,0.696867317
67870,67.87,31.9170326,0.696555449
67880,67.88,31.9151133,0.696228571
67890,67.89,31.9135337,0.695906401
67900,67.9,31.9122741,0.69553807
67910,67.91,31.9114142,0.695108871
67920,67.92,31.9103396,0.694616146
67930,67.93,31.9097626,0.694057906
67940,67.94,31.9091095,0.693625198
67950,67.95,31.9083081,0.693132624
67960,67.96,31.9075963,0.692653031
67970,67.97,31.9070749,0.692111205
67980,67.98,31.9065409,0.691791674
67990,67.99,31.9065405,0.691548599
68000,68,31.9063492,0.691334682
68010,68.01,31.906216,0.691184271
68020,68.02,31.9056891,0.690943003
68030,68.03,31.9056405,0.690660581
68040,68.04,31.905554,0.690305148
68050,68.05,31.9047899,0.690013264
68060,68.06,31.9040397,0.689640561
68070,68.07,31.9042097,0.689350504
68080,68.08,31.9039621,0.688965725
68090,68.09,31.9039079,0.688637941
68100,68.1,31.9035439,0.688343075
68110,68.11,31.9031925,0.68787719
68120,68.12,31.9028039,0.687407523
68130,68.13,31.9023624,0.687010402
68140,68.14,31.9005716,0.686584059
68150,68.15,31.8991264,0.68627228
68160,68.16,31.8981228,0.686068852
68170,68.17,31.8973929,0.685995544
68180,68.18,31.896052,0.685860587
68190,68.19,31.8941175,0.685702309
68200,68.2,31.8918398,0.685613162
68210,68.21,31.8897446,0.68548868
68220,68.22,31.8877499,0.685384655
68230,68.23,31.8859108,0.685339465
68240,68.24,31.8837909,0.685259039
68250,68.25,31.8815958,0.685213235
68260,68.26,31.8789191,0.685044267
68270,68.27,31.8765815,0.684903174
68280,68.28,31.874547,0.684648589
68290,68.29,31.8724896,0.684403368
68300,68.3,31.8704439,0.684183298
68310,68.31,31.8689087,0.683984338
68320,68.32,31.8669647,0.683795799
68330,68.33,31.864942,0.683602297
68340,68.34,31.8632297,0.683449119
68350,68.35,31.8609231,0.683388114
68360,68.36,31.8581706,0.683436222
68370,68.37,31.8551062,0.683459291
68380,68.38,31.8522242,0.683454031
68390,68.39,31.8487819,0.683504256
68400,68.4,31.8450853,0.683610744
68410,68.41,31.8413965,0.683626708
68420,68.42,31.8380496,0.683688658
68430,68.43,31.8343955,0.683692113
68440,68.44,31.830878,0.683624826
68450,68.45,31.8276065,0.683571578
68460,68.46,31.8244498,0.683480736
68470,68.47,31.8216701,0.683338681
68480,68.48,31.818697,0.683188687
68490,68.49,31.8152135,0.6829875
68500,68.5,31.8116299,0.682727166
68510,68.51,31.8076523,0.682398221
68520,68.52,31.8040776,0.682085059
68530,68.53,31.8011933,0.681829567
68540,68.54,31.7985342,0.681656714
68550,68.55,31.7953329,0.681430653
68560,68.56,31.7922001,0.681209878
68570,68.57,31.7889803,0.680966295
68580,68.58,31.7862958,0.680718613
68590,68.59,31.783501,0.680459695
68600,68.6,31.781318,0.680215469
68610,68.61,31.7797968,0.680050418
68620,68.62,31.7784167,0.679897103
68630,68.63,31.7763442,0.679739883
68640,68.64,31.774417,0.679592885
68650,68.65,31.773125,0.67951789
68660,68.66,31.7715445,0.679388702
68670,68.67,31.7692868,0.679223349
68680,68.68,31.7664643,0.678999601
68690,68.69,31.7644924,0.678711967
68700,68.7,31.7619231,0.678561849
68710,68.71,31.7593422,0.678395467
68720,68.72,31.7567271,0.678270932
68730,68.73,31.7535193,0.67803547
68740,68.74,31.7499347,0.67786214
68750,68.75,31.7455221,0.677693551
68760,68.76,31.7413084,0.677434322
68770,68.77,31.7369166,0.677161029
68780,68.78,31.7327396,0.676904964
68790,68.79,31.7289831,0.676629264
68800,68.8,31.7252861,0.676396705
68810,68.81,31.7212622,0.676166726
68820,68.82,31.7171784,0.675900962
68830,68.83,31.7129567,0.675743215
68840,68.84,31.708045,0.675442945
68850,68.85,31.7034812,0.675249146
68860,68.86,31.6993759,0.675110579
68870,68.87,31.6956053,0.675020318
68880,68.88,31.6925256,0.674820622
68890,68.89,31.6895715,0.674665264
68900,68.9,31.6863522,0.674476225
68910,68.91,31.6832712,0.674241724
68920,68.92,31.6801367,0.674010068
68930,68.93,31.6766741,0.673795632
68940,68.94,31.6730997,0.673583622
68950,68.95,31.6697478,0.673452596
68960,68.96,31.6665723,0.673316799
68970,68.97,31.6633541,0.673317826
68980,68.98,31.6600358,0.673212216
68990,68.99,31.6563445,0.673060669
69000,69,31.653015,0.672897288
69010,69.01,31.6497358,0.672724207
69020,69.02,31.6467617,0.67255002
69030,69.03,31.6434209,0.672423183
69040,69.04,31.6402991,0.67225419
69050,69.05,31.6374349,0.672040259
69060,69.06,31.6346771,0.671777438
69070,69.07,31.6315018,0.671557281
69080,69.08,31.628115,0.671506321
69090,69.09,31.6240149,0.671435213
69100,69.1,31.6200633,0.671328433
69110,69.11,31.6169093,0.671208918
69120,69.12,31.6135249,0.671149604
69130,69.13,31.6104413,0.671079808
69140,69.14,31.6078274,0.670979741
69150,69.15,31.6049069,0.670981593
69160,69.16,31.6028115,0.670848511
69170,69.17,31.6007391,0.670721826
69180,69.18,31.5981792,0.670591186
69190,69.19,31.5951045,0.670458671
69200,69.2,31.591751,0.670257525
69210,69.21,31.5884824,0.670009917
69220,69.22,31.5847485,0.669630911
69230,69.23,31.5808732,0.669320897
69240,69.24,31.5770407,0.668927861
69250,69.25,31.5729857,0.668529311
69260,69.26,31.5694345,0.668164708
69270,69.27,31.5654487,0.667579514
69280,69.28,31.5617952,0.667132452
69290,69.29,31.5582021,0.666602879
69300,69.3,31.5535195,0.665951344
69310,69.31,31.5489551,0.665389098
69320,69.32,31.54407,0.664751364
69330,69.33,31.5390292,0.664156039
69340,69.34,31.5337955,0.66351765
69350,69.35,31.5280098,0.662879137
69360,69.36,31.5224417,0.662194024
69370,69.37,31.5166035,0.661382579
69380,69.38,31.5114227,0.660665801
69390,69.39,31.506304,0.659945727
69400,69.4,31.5017923,0.659153805
69410,69.41,31.4967473,0.658413708
69420,69.42,31.4912634,0.657689458
69430,69.43,31.4857849,0.656958821
69440,69.44,31.4798096,0.656136058
69450,69.45,31.4741046,0.655317177
69460,69.46,31.4680191,0.654304387
69470,69.47,31.462147,0.653387524
69480,69.48,31.455961,0.652532962
69490,69.49,31.4495102,0.651537627
69500,69.5,31.4433928,0.650484039
69510,69.51,31.4371055,0.649419645
69520,69.52,31.4294953,0.648261864
69530,69.53,31.4224459,0.647165558
69540,69.54,31.4152775,0.646169343
69550,69.55,31.4075724,0.645146987
69560,69.56,31.3991153,0.644159462
69570,69.57,31.3908824,0.64308676
69580,69.58,31.3831588,0.641905106
69590,69.59,31.3753772,0.64084433
69600,69.6,31.3669138,0.639831085
69610,69.61,31.3581853,0.638824883
69620,69.62,31.3492142,0.638068671
69630,69.63,31.3403619,0.637302295
69640,69.64,31.3317747,0.636492101
69650,69.65,31.323826,0.635805283
69660,69.66,31.3146123,0.635161609
69670,69.67,31.305927,0.634520469
69680,69.68,31.2970737,0.633994217
69690,69.69,31.2885757,0.633359501
69700,69.7,31.2803868,0.632695822
69710,69.71,31.2723907,0.631983764
69720,69.72,31.2640159,0.631337214
69730,69.73,31.2565196,0.630713683
69740,69.74,31.2490638,0.62994141
69750,69.75,31.2422819,0.629220619
69760,69.76,31.2354928,0.628370799
69770,69.77,31.2290375,0.627488951
69780,69.78,31.2224598,0.626648567
69790,69.79,31.2163677,0.625840337
69800,69.8,31.2108172,0.625065228
69810,69.81,31.2050348,0.624372054
69820,69.82,31.1994775,0.623715948
69830,69.83,31.192931,0.623039103
69840,69.84,31.186431,0.622345578
69850,69.85,31.1812158,0.621771501
69860,69.86,31.1752662,0.621306585
69870,69.87,31.1692909,0.620684377
69880,69.88,31.1628496,0.620117771
69890,69.89,31.1562361,0.619420766
69900,69.9,31.1497451,0.618717668
69910,69.91,31.1437527,0.618132303
69920,69.92,31.1363622,0.617477445
69930,69.93,31.128498,0.616778212
69940,69.94,31.1198241,0.615975167
69950,69.95,31.1116006,0.615232206
69960,69.96,31.1036542,0.614558709
69970,69.97,31.0954144,0.613923993
69980,69.98,31.0868345,0.613195409
69990,69.99,31.0778187,0.612448856
70000,70,31.0693466,0.611750997
70010,70.01,31.0606596,0.610909127
70020,70.02,31.0517884,0.610038219
70030,70.03,31.043251,0.609164455
70040,70.04,31.0351383,0.608329661
70050,70.05,31.0267017,0.607578583
70060,70.06,31.0179616,0.606792721
70070,70.07,31.0097799,0.606037493
70080,70.08,31.0013079,0.605163872
70090,70.09,30.9931079,0.604426256
70100,70.1,30.9844093,0.603708738
70110,70.11,30.9765665,0.60293629
70120,70.12,30.9691399,0.602137557
70130,70.13,30.9612455,0.601397179
70140,70.14,30.953973,0.600614541
70150,70.15,30.9461802,0.599786354
70160,70.16,30.9379388,0.598900504
70170,70.17,30.9294285,0.598000983
70180,70.18,30.9206598,0.597066229
70190,70.19,30.9120197,0.596077589
70200,70.2,30.903635,0.595128552
70210,70.21,30.894195,0.594214291
70220,70.22,30.8847645,0.593346796
70230,70.23,30.8759205,0.592458946
70240,70.24,30.8675792,0.591609511
70250,70.25,30.8589953,0.590766066
70260,70.26,30.8505197,0.589985633
70270,70.27,30.8415935,0.589172368
70280,70.28,30.8321166,0.588254887
70290,70.29,30.822309,0.587353333
70300,70.3,30.8125657,0.586415025
70310,70.31,30.8023937,0.585256951
70320,70.32,30.7930042,0.584227409
70330,70.33,30.7843207,0.583120429
70340,70.34,30.7754426,0.581957322
70350,70.35,30.7662603,0.580757887
70360,70.36,30.7567319,0.579535939
70370,70.37,30.7476268,0.578330058
70380,70.38,30.7379046,0.577116162
70390,70.39,30.7280101,0.575768755
70400,70.4,30.7184458,0.574453358
70410,70.41,30.707712,0.572993563
70420,70.42,30.6963885,0.571631628
70430,70.43,30.6867114,0.570408423
70440,70.44,30.676552,0.569209355
70450,70.45,30.6654293,0.567956932
70460,70.46,30.6549111,0.566651073
70470,70.47,30.6439458,0.565312271
70480,70.48,30.6326369,0.564053354
70490,70.49,30.6212791,0.562846601
70500,70.5,30.6097216,0.561567216
70510,70.51,30.5978859,0.560238722
70520,70.52,30.586587,0.559073845
70530,70.53,30.5748103,0.557769657
70540,70.54,30.5634947,0.556451019
70550,70.55,30.5514599,0.555198956
70560,70.56,30.5394022,0.553979228
70570,70.57,30.5288537,0.55278021
70580,70.58,30.5180497,0.551537784
70590,70.59,30.5074387,0.55034502
70600,70.6,30.4965472,0.549241168
70610,70.61,30.4863166,0.548219708
70620,70.62,30.4768795,0.547183636
70630,70.63,30.4675791,0.546186898
70640,70.64,30.4585652,0.545070299
70650,70.65,30.4494003,0.543984534
70660,70.66,30.4404568,0.543090467
70670,70.67,30.4314085,0.542164563
70680,70.68,30.4225222,0.541317724
70690,70.69,30.413148,0.540397741
70700,70.7,30.4042148,0.539545745
70710,70.71,30.3954659,0.538745756
70720,70.72,30.3868369,0.538055492
70730,70.73,30.3781698,0.537288921
70740,70.74,30.3692484,0.536327307
70750,70.75,30.3610037,0.535440614
70760,70.76,30.3529077,0.534510486
70770,70.77,30.3444742,0.533579246
70780,70.78,30.3354551,0.532692216
70790,70.79,30.326871,0.531827844
70800,70.8,30.318181,0.530976048
70810,70.81,30.3092087,0.530167184
70820,70.82,30.3002246,0.529306955
70830,70.83,30.2910779,0.528388826
70840,70.84,30.2820302,0.527496475
70850,70.85,30.2730091,0.526612948
70860,70.86,30.2642313,0.52555351
70870,70.87,30.2548143,0.524515789
70880,70.88,30.24614,0.52345592
70890,70.89,30.2374928,0.522382198
70900,70.9,30.2282355,0.521279379
70910,70.91,30.2182773,0.520180535
70920,70.92,30.2091783,0.519119223
70930,70.93,30.1996849,0.518000084
70940,70.94,30.1894211,0.516962763
70950,70.95,30.1783781,0.515916333
70960,70.96,30.1679633,0.514911713
70970,70.97,30.157641,0.51394847
70980,70.98,30.1475827,0.513033106
70990,70.99,30.1375886,0.512002404
71000,71,30.1273295,0.511014945
71010,71.01,30.1171128,0.509929067
71020,71.02,30.1064822,0.508959671
71030,71.03,30.0962977,0.508098269
71040,71.04,30.0858135,0.50716693
71050,71.05,30.0741081,0.506175566
71060,71.06,30.0624064,0.505278931
71070,71.07,30.0503595,0.504344332
71080,71.08,30.0388909,0.503286182
71090,71.09,30.0280689,0.502180373
71100,71.1,30.0182255,0.501119188
71110,71.11,30.0075718,0.500068911
71120,71.12,29.9974564,0.499090786
71130,71.13,29.9866011,0.498165813
71140,71.14,29.9766137,0.497153849
71150,71.15,29.9665082,0.496250049
71160,71.16,29.9550945,0.495274389
71170,71.17,29.9441463,0.494315684
71180,71.18,29.9330599,0.493372138
71190,71.19,29.9220332,0.49251582
71200,71.2,29.9102379,0.491569935
71210,71.21,29.8979781,0.490665875
71220,71.22,29.8857819,0.489871267
71230,71.23,29.8740376,0.489105617
71240,71.24,29.8632301,0.488181419
71250,71.25,29.8530941,0.487485534
71260,71.26,29.8427239,0.48674619
71270,71.27,29.8329912,0.485916892
71280,71.28,29.8236214,0.485068482
71290,71.29,29.8143995,0.484251645
71300,71.3,29.8049473,0.483430052
71310,71.31,29.7953745,0.482693458
71320,71.32,29.785567,0.481914646
71330,71.33,29.7758898,0.481126232
71340,71.34,29.766466,0.480314523
71350,71.35,29.7570454,0.479571109
71360,71.36,29.7482333,0.478805553
71370,71.37,29.7384134,0.477970803
71380,71.38,29.7286402,0.477086322
71390,71.39,29.7191904,0.476191273
71400,71.4,29.7105866,0.475291443
71410,71.41,29.7023221,0.47431354
71420,71.42,29.6934924,0.473440866
71430,71.43,29.684474,0.472497611
71440,71.44,29.6754592,0.471526778
71450,71.45,29.6663911,0.470665764
71460,71.46,29.6576818,0.469838523
71470,71.47,29.6487087,0.469053763
71480,71.48,29.6397534,0.468246133
71490,71.49,29.6304409,0.467508183
71500,71.5,29.6217358,0.466710086
71510,71.51,29.6121708,0.465804349
71520,71.52,29.6022954,0.46483931
71530,71.53,29.5925053,0.463868436
71540,71.54,29.5835408,0.462939385
71550,71.55,29.5747148,0.46202372
71560,71.56,29.5656608,0.46114804
71570,71.57,29.5571107,0.460306088
71580,71.58,29.5484779,0.459598493
71590,71.59,29.5408583,0.458926706
71600,71.6,29.5335797,0.458317393
71610,71.61,29.5263024,0.457721831
71620,71.62,29.5192796,0.457129191
71630,71.63,29.5124373,0.456470268
71640,71.64,29.5050913,0.455863814
71650,71.65,29.4981646,0.455295852
71660,71.66,29.4907642,0.454775519
71670,71.67,29.4839859,0.454295543
71680,71.68,29.4767817,0.453845765
71690,71.69,29.4692168,0.453497949
71700,71.7,29.4610281,0.453123422
71710,71.71,29.4529567,0.452743537
71720,71.72,29.4446239,0.452400601
71730,71.73,29.436246,0.451967498
71740,71.74,29.4273449,0.451556272
71750,71.75,29.4180737,0.451189391
71760,71.76,29.4087097,0.450911944
71770,71.77,29.399408,0.450491949
71780,71.78,29.3888585,0.450096545
71790,71.79,29.378613,0.449868389
71800,71.8,29.3681715,0.449603793
71810,71.81,29.3579331,0.449233042
71820,71.82,29.3475528,0.448857021
71830,71.83,29.337314,0.448399758
71840,71.84,29.3270585,0.447941646
71850,71.85,29.3170351,0.447564039
71860,71.86,29.3075724,0.44722178
71870,71.87,29.2983476,0.446811713
71880,71.88,29.288774,0.44649695
71890,71.89,29.2801361,0.446130896
71900,71.9,29.2711398,0.445656694
71910,71.91,29.2627156,0.445152381
71920,71.92,29.2540943,0.444570249
71930,71.93,29.2452945,0.444002955
71940,71.94,29.2376111,0.443541276
71950,71.95,29.2301082,0.442985154
71960,71.96,29.2228924,0.442439375
71970,71.97,29.2156685,0.441878999
71980,71.98,29.2085853,0.441466226
71990,71.99,29.2017401,0.441081947
72000,72,29.1947635,0.440743306
72010,72.01,29.1876774,0.440518229
72020,72.02,29.1804027,0.440197024
72030,72.03,29.1729328,0.43986476
72040,72.04,29.1657133,0.439525219
72050,72.05,29.1586243,0.439326624
72060,72.06,29.1515129,0.439172669
72070,72.07,29.1431948,0.438970192
72080,72.08,29.1350053,0.438871574
72090,72.09,29.1264463,0.438755584
72100,72.1,29.1180886,0.438561294
72110,72.11,29.1100619,0.438311497
72120,72.12,29.1023708,0.438145867
72130,72.13,29.094353,0.437959591
72140,72.14,29.0860008,0.437859723
72150,72.15,29.0783561,0.437723049
72160,72.16,29.0708999,0.437572298
72170,72.17,29.0629729,0.437357896
72180,72.18,29.0556468,0.43709415
72190,72.19,29.0473943,0.436827652
72200,72.2,29.0389669,0.436633811
72210,72.21,29.0310884,0.436596932
72220,72.22,29.0235582,0.43654873
72230,72.23,29.0156253,0.436553798
72240,72.24,29.0080145,0.436395391
72250,72.25,29.0001951,0.43612539
72260,72.26,28.9924626,0.435923849
72270,72.27,28.9845569,0.435728825
72280,72.28,28.9766975,0.435570016
72290,72.29,28.9692342,0.43545326
72300,72.3,28.962148,0.435348051
72310,72.31,28.954583,0.435144927
72320,72.32,28.946877,0.434948607
72330,72.33,28.9399198,0.434754418
72340,72.34,28.9331502,0.43464453
72350,72.35,28.9262483,0.434532096
72360,72.36,28.9194817,0.434431907
72370,72.37,28.9126876,0.434438385
72380,72.38,28.9052304,0.434390588
72390,72.39,28.897426,0.434337804
72400,72.4,28.8899537,0.434119565
72410,72.41,28.8817713,0.433943037
72420,72.42,28.8732245,0.433811061
72430,72.43,28.8650677,0.433543793
72440,72.44,28.8565663,0.433257437
72450,72.45,28.8478234,0.432971201
72460,72.46,28.8381894,0.432644795
72470,72.47,28.8286899,0.43235233
72480,72.48,28.818298,0.432060812
72490,72.49,28.8075267,0.431722124
72500,72.5,28.7965054,0.43145966
72510,72.51,28.7855614,0.431291582
72520,72.52,28.7741085,0.430873216
72530,72.53,28.7629699,0.430531952
72540,72.54,28.7520801,0.430127703
72550,72.55,28.7415195,0.429518582
72560,72.56,28.7305715,0.428967716
72570,72.57,28.7194016,0.428457451
72580,72.58,28.7087196,0.427964307
72590,72.59,28.69813,0.427429503
72600,72.6,28.6871999,0.426918821
72610,72.61,28.6776479,0.426433463
72620,72.62,28.6679785,0.425974222
72630,72.63,28.658554,0.425535126
72640,72.64,28.6490895,0.425075215
72650,72.65,28.6402474,0.424454568
72660,72.66,28.6312628,0.423912782
72670,72.67,28.6225835,0.423373234
72680,72.68,28.6133165,0.422783989
72690,72.69,28.6039677,0.422292993
72700,72.7,28.5943196,0.421803129
72710,72.71,28.584918,0.421348418
72720,72.72,28.5753183,0.420804917
72730,72.73,28.5650363,0.420236708
72740,72.74,28.5540406,0.419773969
72750,72.75,28.5436855,0.419237521
72760,72.76,28.5326757,0.418832527
72770,72.77,28.5212344,0.418352235
72780,72.78,28.5104859,0.41783196
72790,72.79,28.5003102,0.417266363
72800,72.8,28.4892695,0.416726269
72810,72.81,28.4780528,0.416061836
72820,72.82,28.4668241,0.415352938
72830,72.83,28.4559361,0.414730819
72840,72.84,28.4445447,0.414073177
72850,72.85,28.4338598,0.413379085
72860,72.86,28.4231765,0.412862289
72870,72.87,28.4119732,0.412441754
72880,72.88,28.4010983,0.41211965
72890,72.89,28.3896583,0.411849551
72900,72.9,28.3795056,0.411509423
72910,72.91,28.3695254,0.411192211
72920,72.92,28.3592066,0.410785562
72930,72.93,28.348691,0.410422005
72940,72.94,28.3389533,0.410117076
72950,72.95,28.3297692,0.409921145
72960,72.96,28.3206836,0.409747674
72970,72.97,28.3118577,0.409499094
72980,72.98,28.302919,0.409295829
72990,72.99,28.2939888,0.409135866
73000,73,28.2857011,0.408991039
73010,73.01,28.2769535,0.408650432
73020,73.02,28.2683439,0.40839872
73030,73.03,28.2592214,0.408230571
73040,73.04,28.2502049,0.4081628
73050,73.05,28.2401269,0.407977338
73060,73.06,28.2307768,0.407672329
73070,73.07,28.2214525,0.407461273
73080,73.08,28.212062,0.407163047
73090,73.09,28.202934,0.406974539
73100,73.1,28.1932098,0.406870306
73110,73.11,28.1837325,0.406778604
73120,73.12,28.1740151,0.406797643
73130,73.13,28.1645784,0.40668311
73140,73.14,28.1560289,0.406607424
73150,73.15,28.1475821,0.406450712
73160,73.16,28.139027,0.406227363
73170,73.17,28.1303328,0.406043471
73180,73.18,28.1221728,0.40596975
73190,73.19,28.1134731,0.405867891
73200,73.2,28.1048881,0.405902775
73210,73.21,28.0957435,0.405833471
73220,73.22,28.0871892,0.405718035
73230,73.23,28.0780716,0.405544185
73240,73.24,28.0688472,0.405368089
73250,73.25,28.0594042,0.40490752
73260,73.26,28.0502805,0.404449634
73270,73.27,28.0409443,0.404069923
73280,73.28,28.0314247,0.403687753
73290,73.29,28.0212776,0.403263773
73300,73.3,28.0112151,0.402805411
73310,73.31,28.0004913,0.40230323
73320,73.32,27.9892889,0.401943748
73330,73.33,27.9786395,0.401578881
73340,73.34,27.9676916,0.401244197
73350,73.35,27.9570513,0.400801141
73360,73.36,27.9472977,0.40024361
73370,73.37,27.9371088,0.399815647
73380,73.38,27.9269068,0.399397384
73390,73.39,27.9171545,0.398849346
73400,73.4,27.9074183,0.398250724
73410,73.41,27.8983416,0.397620555
73420,73.42,27.8888605,0.397055647
73430,73.43,27.8791439,0.396461141
73440,73.44,27.8695395,0.395952661
73450,73.45,27.859517,0.395466398
73460,73.46,27.8493242,0.394986965
73470,73.47,27.8390491,0.394457388
73480,73.48,27.8302731,0.394018783
73490,73.49,27.8215944,0.393505676
73500,73.5,27.8130281,0.393124302
73510,73.51,27.8038255,0.392748507
73520,73.52,27.7936748,0.392262741
73530,73.53,27.7837722,0.391829547
73540,73.54,27.7736343,0.39136043
73550,73.55,27.7638898,0.390970311
73560,73.56,27.7542811,0.390614777
73570,73.57,27.7446968,0.390263827
73580,73.58,27.7344947,0.389831606
73590,73.59,27.7240021,0.389351362
73600,73.6,27.7129882,0.388910185
73610,73.61,27.7020297,0.388496863
73620,73.62,27.6902993,0.388073747
73630,73.63,27.6785513,0.387790106
73640,73.64,27.6669369,0.38758611
73650,73.65,27.6559196,0.387359854
73660,73.66,27.6440983,0.387192125
73670,73.67,27.6327068,0.387045581
73680,73.68,27.6207122,0.386780317
73690,73.69,27.6085897,0.386511795
73700,73.7,27.5971952,0.386247383
73710,73.71,27.5855931,0.386073417
73720,73.72,27.5742769,0.385858753
73730,73.73,27.5627997,0.385648532
73740,73.74,27.5514568,0.385445898
73750,73.75,27.540101,0.385284489
73760,73.76,27.5277131,0.385147767
73770,73.77,27.5148845,0.385017338
73780,73.78,27.5026597,0.38481526
73790,73.79,27.4904722,0.384853496
73800,73.8,27.4779505,0.384788828
73810,73.81,27.4654187,0.384690599
73820,73.82,27.4528028,0.384585515
73830,73.83,27.4401185,0.384492798
73840,73.84,27.4266828,0.384337055
73850,73.85,27.412511,0.384218711
73860,73.86,27.3982264,0.384150562
73870,73.87,27.3843636,0.384152187
73880,73.88,27.3705665,0.384088657
73890,73.89,27.3570881,0.38411537
73900,73.9,27.3443351,0.384089988
73910,73.91,27.3310452,0.384110937
73920,73.92,27.3184011,0.384073386
73930,73.93,27.3058283,0.383971812
73940,73.94,27.2935733,0.38382353
73950,73.95,27.2809476,0.383783589
73960,73.96,27.2677229,0.383636544
73970,73.97,27.2549611,0.383645004
73980,73.98,27.24244,0.383594333
73990,73.99,27.2283225,0.383494079
74000,74,27.2149182,0.383360897
74010,74.01,27.2012848,0.383110369
74020,74.02,27.1879475,0.382810143
74030,74.03,27.1749252,0.382654601
74040,74.04,27.1614577,0.382595618
74050,74.05,27.1480183,0.382553294
74060,74.06,27.1341151,0.382470391
74070,74.07,27.1211004,0.382462551
74080,74.08,27.106961,0.382402401
74090,74.09,27.0933663,0.382437984
74100,74.1,27.0802518,0.382333303
74110,74.11,27.0668077,0.382238314
74120,74.12,27.0536877,0.382263609
74130,74.13,27.0405173,0.382174963
74140,74.14,27.0279981,0.381975124
74150,74.15,27.0149971,0.381802991
74160,74.16,27.0014494,0.381797695
74170,74.17,26.9878779,0.381683719
74180,74.18,26.9746998,0.381691551
74190,74.19,26.9614919,0.381641313
74200,74.2,26.9484774,0.381585002
74210,74.21,26.9354669,0.381610328
74220,74.22,26.9221764,0.381625783
74230,74.23,26.9093168,0.381503771
74240,74.24,26.8960424,0.381494857
74250,74.25,26.8835501,0.381455757
74260,74.26,26.8712399,0.381539612
74270,74.27,26.8586066,0.381622209
74280,74.28,26.8456274,0.381753246
74290,74.29,26.8330943,0.381737083
74300,74.3,26.8210945,0.381704511
74310,74.31,26.8090322,0.381776771
74320,74.32,26.796845,0.381781896
74330,74.33,26.7848115,0.381608056
74340,74.34,26.7730368,0.381453799
74350,74.35,26.7613332,0.381190172
74360,74.36,26.7492894,0.380857281
74370,74.37,26.7377558,0.380655039
74380,74.38,26.7262272,0.380342829
74390,74.39,26.7147535,0.380018552
74400,74.4,26.7034333,0.37953785
74410,74.41,26.6918464,0.379044442
74420,74.42,26.6806089,0.378598968
74430,74.43,26.6693658,0.378179776
74440,74.44,26.6573722,0.377687547
74450,74.45,26.6458955,0.377304203
74460,74.46,26.6336511,0.377053657
74470,74.47,26.6217746,0.376858792
74480,74.48,26.6094466,0.376761869
74490,74.49,26.5981116,0.376583905
74500,74.5,26.5866846,0.376542386
74510,74.51,26.575554,0.376476368
74520,74.52,26.5641897,0.376246869
74530,74.53,26.5529469,0.376021977
74540,74.54,26.5410345,0.375807961
74550,74.55,26.5297534,0.375620671
74560,74.56,26.5179217,0.37542582
74570,74.57,26.5053745,0.375364996
74580,74.58,26.4936322,0.375326453
74590,74.59,26.4815522,0.375245427
74600,74.6,26.4703014,0.375167021
74610,74.61,26.4589933,0.375302936
74620,74.62,26.4477477,0.375461641
74630,74.63,26.4360927,0.375539616
74640,74.64,26.4247396,0.37576134
74650,74.65,26.4127107,0.376044415
74660,74.66,26.4007587,0.376388571
74670,74.67,26.3904433,0.376685021
74680,74.68,26.3797278,0.377031504
74690,74.69,26.3692492,0.377524052
74700,74.7,26.358104,0.377866997
74710,74.71,26.3481188,0.378154199
74720,74.72,26.3376604,0.378538023
74730,74.73,26.327006,0.378926571
74740,74.74,26.315633,0.379435928
74750,74.75,26.3037124,0.379883443
74760,74.76,26.2914874,0.380363794
74770,74.77,26.2790538,0.380879432
74780,74.78,26.2670683,0.381381854
74790,74.79,26.2550877,0.381950619
74800,74.8,26.242428,0.382433392
74810,74.81,26.2297303,0.383114891
74820,74.82,26.2170931,0.383669239
74830,74.83,26.2047241,0.384308461
74840,74.84,26.191647,0.384979944
74850,74.85,26.1789722,0.385586981
74860,74.86,26.1663103,0.386202539
74870,74.87,26.1536015,0.387031424
74880,74.88,26.1414965,0.387798722
74890,74.89,26.129423,0.388574141
74900,74.9,26.1176966,0.389341546
74910,74.91,26.1062796,0.390146692
74920,74.92,26.0950682,0.390949124
74930,74.93,26.0838773,0.391814017
74940,74.94,26.072175,0.392593744
74950,74.95,26.0606029,0.393365804
74960,74.96,26.0490626,0.394107211
74970,74.97,26.0378491,0.395049536
74980,74.98,26.0261255,0.395794575
74990,74.99,26.0137502,0.396522617
75000,75,26.0015937,0.397286384
75010,75.01,25.9889788,0.398090031
75020,75.02,25.97663,0.398934389
75030,75.03,25.9632925,0.399645823
75040,75.04,25.9497625,0.400440094
75050,75.05,25.9358108,0.401112247
75060,75.06,25.9218564,0.401828567
75070,75.07,25.907386,0.402547732
75080,75.08,25.8936531,0.403208429
75090,75.09,25.8795079,0.403972033
75100,75.1,25.86434,0.404682809
75110,75.11,25.8493492,0.40533393
75120,75.12,25.8336497,0.405953529
75130,75.13,25.8170859,0.406518589
75140,75.14,25.8012187,0.407150923
75150,75.15,25.7858305,0.407762263
75160,75.16,25.7699071,0.408380663
75170,75.17,25.7538115,0.409047515
75180,75.18,25.7378738,0.409634498
75190,75.19,25.7201278,0.410302611
75200,75.2,25.7031443,0.410848829
75210,75.21,25.6862606,0.411420801
75220,75.22,25.6700791,0.411915206
75230,75.23,25.6530677,0.412478785
75240,75.24,25.6364655,0.413045007
75250,75.25,25.6200781,0.413591841
75260,75.26,25.6035795,0.414142964
75270,75.27,25.588241,0.414699734
75280,75.28,25.5718736,0.415247787
75290,75.29,25.5554465,0.41578172
75300,75.3,25.5391908,0.416323704
75310,75.31,25.5237542,0.416759807
75320,75.32,25.5084458,0.417280697
75330,75.33,25.4933427,0.417781907
75340,75.34,25.4783201,0.418218634
75350,75.35,25.4626336,0.418694304
75360,75.36,25.4471211,0.419138707
75370,75.37,25.432141,0.419662062
75380,75.38,25.4165648,0.420026851
75390,75.39,25.4013862,0.420386476
75400,75.4,25.3852729,0.42070218
75410,75.41,25.3691172,0.421073229
75420,75.42,25.3523727,0.421311558
75430,75.43,25.33555,0.421626738
75440,75.44,25.3183098,0.421935203
75450,75.45,25.3004476,0.422427078
75460,75.46,25.2820622,0.422843081
75470,75.47,25.2628603,0.42333212
75480,75.48,25.2439453,0.423868562
75490,75.49,25.2248378,0.424450752
75500,75.5,25.2058951,0.424952695
75510,75.51,25.186885,0.425489113
75520,75.52,25.1680652,0.425834061
75530,75.53,25.1492728,0.426076524
75540,75.54,25.1320059,0.426409108
75550,75.55,25.1152304,0.426723887
75560,75.56,25.0982285,0.426994956
75570,75.57,25.0805785,0.427192746
75580,75.58,25.0632268,0.427284116
75590,75.59,25.0458439,0.427592156
75600,75.6,25.0292358,0.428060247
75610,75.61,25.0125802,0.428587113
75620,75.62,24.9960371,0.429132978
75630,75.63,24.9794817,0.429813946
75640,75.64,24.9639078,0.430462506
75650,75.65,24.9490369,0.431001545
75660,75.66,24.9337861,0.431375145
75670,75.67,24.9191895,0.431814388
75680,75.68,24.9038102,0.432359214
75690,75.69,24.888816,0.432856949
75700,75.7,24.8736986,0.433458575
75710,75.71,24.858331,0.434075738
75720,75.72,24.843426,0.434681912
75730,75.73,24.8283576,0.435498226
75740,75.74,24.8139074,0.436313505
75750,75.75,24.7988208,0.437165487
75760,75.76,24.7847607,0.43787855
75770,75.77,24.7709368,0.438622923
75780,75.78,24.7575143,0.439374203
75790,75.79,24.743095,0.440330178
75800,75.8,24.7285911,0.441385048
75810,75.81,24.714398,0.442629562
75820,75.82,24.6997961,0.443840177
75830,75.83,24.6850028,0.445109788
75840,75.84,24.6709789,0.446366695
75850,75.85,24.6559024,0.447584994
75860,75.86,24.6413311,0.448756446
75870,75.87,24.6267975,0.450035619
75880,75.88,24.6127377,0.451147782
75890,75.89,24.5982912,0.452284924
75900,75.9,24.5840082,0.453415048
75910,75.91,24.5700641,0.454585358
75920,75.92,24.5567809,0.455523784
75930,75.93,24.5435134,0.456390485
75940,75.94,24.5297389,0.45714129
75950,75.95,24.5159075,0.457836453
75960,75.96,24.5018465,0.458526039
75970,75.97,24.4890056,0.459163331
75980,75.98,24.4755558,0.459925097
75990,75.99,24.4630431,0.460661947
76000,76,24.4507601,0.461411806
76010,76.01,24.438435,0.462154081
76020,76.02,24.4271185,0.463007642
76030,76.03,24.4154273,0.463734175
76040,76.04,24.403111,0.464570714
76050,76.05,24.3909231,0.465370249
76060,76.06,24.3781887,0.466215236
76070,76.07,24.3663643,0.466972166
76080,76.08,24.3545355,0.467769898
76090,76.09,24.3427955,0.46867934
76100,76.1,24.3312502,0.469589597
76110,76.11,24.3200425,0.470595438
76120,76.12,24.3086918,0.471717314
76130,76.13,24.2973911,0.472913144
76140,76.14,24.2866355,0.474312984
76150,76.15,24.2762352,0.47560474
76160,76.16,24.2649103,0.476980333
76170,76.17,24.2543419,0.478392228
76180,76.18,24.2438415,0.479862606
76190,76.19,24.2330935,0.481432709
76200,76.2,24.2222968,0.48285473
76210,76.21,24.2112194,0.484415701
76220,76.22,24.201044,0.485974321
76230,76.23,24.1913944,0.487524262
76240,76.24,24.1810786,0.488943395
76250,76.25,24.1704132,0.490435244
76260,76.26,24.1606355,0.491922428
76270,76.27,24.1505747,0.493194898
76280,76.28,24.139652,0.494504536
76290,76.29,24.1280198,0.495912898
76300,76.3,24.1163007,0.497384287
76310,76.31,24.10361,0.49897109
76320,76.32,24.0908368,0.500492523
76330,76.33,24.0781969,0.502021193
76340,76.34,24.0655212,0.503467532
76350,76.35,24.0527098,0.505016347
76360,76.36,24.0415084,0.506497958
76370,76.37,24.0296061,0.508051544
76380,76.38,24.0173366,0.509494265
76390,76.39,24.0045644,0.510999937
76400,76.4,23.9915447,0.512377114
76410,76.41,23.9783795,0.513851455
76420,76.42,23.9660706,0.51518107
76430,76.43,23.9545381,0.516477404
76440,76.44,23.9425965,0.517787924
76450,76.45,23.9304873,0.51902919
76460,76.46,23.9184621,0.520305998
76470,76.47,23.9067664,0.52164772
76480,76.48,23.8947845,0.523109812
76490,76.49,23.8827859,0.524541429
76500,76.5,23.8699735,0.525902512
76510,76.51,23.8570626,0.527253381
76520,76.52,23.843738,0.528547594
76530,76.53,23.8301938,0.529788161
76540,76.54,23.816746,0.531012009
76550,76.55,23.8033112,0.53233992
76560,76.56,23.7898337,0.53368942
76570,76.57,23.7767418,0.535079042
76580,76.58,23.763474,0.536518074
76590,76.59,23.7505952,0.537940497
76600,76.6,23.7375842,0.539323762
76610,76.61,23.724385,0.540622553
76620,76.62,23.7112976,0.541939784
76630,76.63,23.6979683,0.543346286
76640,76.64,23.6841523,0.544880873
76650,76.65,23.6710547,0.546457224
76660,76.66,23.6569823,0.547972119
76670,76.67,23.643783,0.549397247
76680,76.68,23.6309807,0.550675125
76690,76.69,23.6184494,0.552256529
76700,76.7,23.6063439,0.553736326
76710,76.71,23.5945425,0.555178582
76720,76.72,23.5831425,0.556643749
76730,76.73,23.5725777,0.558003722
76740,76.74,23.5616456,0.559316694
76750,76.75,23.5502277,0.560634495
76760,76.76,23.5385668,0.561961367
76770,76.77,23.5277776,0.563193069
76780,76.78,23.5160333,0.564415196
76790,76.79,23.5049002,0.565666194
76800,76.8,23.4936685,0.566918185
76810,76.81,23.4830874,0.568119398
76820,76.82,23.4722098,0.569325462
76830,76.83,23.4623233,0.570458049
76840,76.84,23.4521998,0.571387762
76850,76.85,23.4412597,0.572271762
76860,76.86,23.4305579,0.573168477
76870,76.87,23.4192941,0.573957299
76880,76.88,23.4080482,0.574684643
76890,76.89,23.3964032,0.575439102
76900,76.9,23.3850775,0.576181984
76910,76.91,23.3739743,0.577059
76920,76.92,23.3629581,0.577840755
76930,76.93,23.3518512,0.578565559
76940,76.94,23.3416137,0.57927402
76950,76.95,23.3317742,0.580026849
76960,76.96,23.3233316,0.58075978
76970,76.97,23.3150616,0.581616222
76980,76.98,23.3067431,0.582544864
76990,76.99,23.2983078,0.583543315
77000,77,23.289787,0.584614144
77010,77.01,23.2815954,0.58559674
77020,77.02,23.2733203,0.58667698
77030,77.03,23.2644654,0.587647362
77040,77.04,23.2558542,0.588561485
77050,77.05,23.2477923,0.5894805
77060,77.06,23.2403118,0.590540474
77070,77.07,23.2321991,0.591481716
77080,77.08,23.2242422,0.59258117
77090,77.09,23.2154994,0.593519875
77100,77.1,23.2074802,0.594338659
77110,77.11,23.1993004,0.595282848
77120,77.12,23.1900564,0.596192068
77130,77.13,23.1812965,0.596929965
77140,77.14,23.1720136,0.597675759
77150,77.15,23.1626598,0.598422864
77160,77.16,23.1539053,0.599218412
77170,77.17,23.1449161,0.600126374
77180,77.18,23.1361578,0.600872322
77190,77.19,23.1270187,0.601576049
77200,77.2,23.1180883,0.602280476
77210,77.21,23.1095351,0.602988998
77220,77.22,23.1004817,0.603699276
77230,77.23,23.0912337,0.604436713
77240,77.24,23.082854,0.605215919
77250,77.25,23.0746255,0.605825996
77260,77.26,23.0667184,0.606385478
77270,77.27,23.058607,0.607007847
77280,77.28,23.0507151,0.607518923
77290,77.29,23.0425406,0.608085786
77300,77.3,23.0348138,0.608745624
77310,77.31,23.0267332,0.609462129
77320,77.32,23.0188003,0.610006006
77330,77.33,23.010209,0.610435496
77340,77.34,23.0019589,0.610938568
77350,77.35,22.9935028,0.611501491
77360,77.36,22.9855771,0.611882203
77370,77.37,22.9784498,0.612305648
77380,77.38,22.9711316,0.612640418
77390,77.39,22.9646653,0.613039405
77400,77.4,22.9575402,0.613291325
77410,77.41,22.9509746,0.613516106
77420,77.42,22.9444282,0.613545509
77430,77.43,22.9379939,0.613652541
77440,77.44,22.9314271,0.61356799
77450,77.45,22.9244349,0.613611375
77460,77.46,22.9177583,0.613520884
77470,77.47,22.9117908,0.613515676
77480,77.48,22.9050861,0.61357475
77490,77.49,22.8983832,0.613538107
77500,77.5,22.8918533,0.613478156
77510,77.51,22.8853464,0.613416933
77520,77.52,22.8781884,0.613272919
77530,77.53,22.8704024,0.613246823
77540,77.54,22.8620422,0.613185163
77550,77.55,22.8547692,0.612990931
77560,77.56,22.847784,0.612791049
77570,77.57,22.8405816,0.612642903
77580,77.58,22.8335556,0.612517477
77590,77.59,22.8261626,0.612253537
77600,77.6,22.8190907,0.611925805
77610,77.61,22.8125821,0.611736106
77620,77.62,22.8064727,0.61153745
77630,77.63,22.8002092,0.611406284
77640,77.64,22.7941675,0.611232157
77650,77.65,22.7871805,0.610906869
77660,77.66,22.7803438,0.610610101
77670,77.67,22.7734285,0.610412909
77680,77.68,22.7656863,0.61026939
77690,77.69,22.7578653,0.610023057
77700,77.7,22.7502594,0.609693729
77710,77.71,22.7419567,0.609439175
77720,77.72,22.7343186,0.609209342
77730,77.73,22.7258311,0.608936011
77740,77.74,22.7175778,0.60852942
77750,77.75,22.7092223,0.608094898
77760,77.76,22.7015722,0.607830029
77770,77.77,22.694125,0.60762526
77780,77.78,22.6861811,0.607298304
77790,77.79,22.6791315,0.606877909
77800,77.8,22.672506,0.606782583
77810,77.81,22.6654708,0.606593112
77820,77.82,22.6593902,0.606424375
77830,77.83,22.6533258,0.60630547
77840,77.84,22.6477402,0.60615704
77850,77.85,22.6419862,0.605807121
77860,77.86,22.6358603,0.605467496
77870,77.87,22.6292489,0.605277789
77880,77.88,22.6238604,0.605098036
77890,77.89,22.6188312,0.604924769
77900,77.9,22.6129386,0.604918769
77910,77.91,22.6065927,0.6048566
77920,77.92,22.6002742,0.604756719
77930,77.93,22.5928136,0.604453718
77940,77.94,22.5851964,0.604227975
77950,77.95,22.5769677,0.604046228
77960,77.96,22.5691698,0.603895475
77970,77.97,22.5611808,0.603741134
77980,77.98,22.5524137,0.603564779
77990,77.99,22.5433702,0.603370327
78000,78,22.5351027,0.603197632
78010,78.01,22.5269088,0.602945844
78020,78.02,22.5178925,0.602931227
78030,78.03,22.5090542,0.603028916
78040,78.04,22.5007317,0.60299326
78050,78.05,22.4912515,0.603002383
78060,78.06,22.4814989,0.603149489
78070,78.07,22.4724865,0.603340782
78080,78.08,22.4631363,0.603731781
78090,78.09,22.4542061,0.604073739
78100,78.1,22.444785,0.604364773
78110,78.11,22.4359323,0.604403242
78120,78.12,22.4270363,0.604425655
78130,78.13,22.4179356,0.604386146
78140,78.14,22.4085673,0.604221202
78150,78.15,22.3990821,0.604048933
78160,78.16,22.3903791,0.604029909
78170,78.17,22.3819366,0.604043909
78180,78.18,22.3736691,0.603969329
78190,78.19,22.3660794,0.603948065
78200,78.2,22.3587618,0.603979002
78210,78.21,22.3514538,0.603940033
78220,78.22,22.3439412,0.603952252
78230,78.23,22.3367584,0.603695321
78240,78.24,22.3287662,0.603429211
78250,78.25,22.3216799,0.603304349
78260,78.26,22.3142587,0.603140148
78270,78.27,22.3064234,0.603034154
78280,78.28,22.2989269,0.60308345
78290,78.29,22.2906427,0.603179009
78300,78.3,22.2827213,0.603204316
78310,78.31,22.2751049,0.603254971
78320,78.32,22.2671994,0.603484932
78330,78.33,22.2583683,0.60361612
78340,78.34,22.2496541,0.603705453
78350,78.35,22.2414438,0.603908225
78360,78.36,22.2335868,0.604118543
78370,78.37,22.2261972,0.604247359
78380,78.38,22.2184773,0.604441911
78390,78.39,22.2104199,0.604630331
78400,78.4,22.2034378,0.604698173
78410,78.41,22.1958221,0.604743413
78420,78.42,22.1884762,0.604841177
78430,78.43,22.1808324,0.605012101
78440,78.44,22.1729112,0.605124646
78450,78.45,22.165071,0.605334973
78460,78.46,22.1573327,0.605477457
78470,78.47,22.1492528,0.605378615
78480,78.48,22.1415844,0.605259503
78490,78.49,22.1342231,0.604975238
78500,78.5,22.1274403,0.604806349
78510,78.51,22.1204921,0.60466471
78520,78.52,22.1133901,0.604409089
78530,78.53,22.1064808,0.604166201
78540,78.54,22.0992432,0.603777567
78550,78.55,22.0919422,0.603376504
78560,78.56,22.0848069,0.603095003
78570,78.57,22.0775549,0.602774467
78580,78.58,22.0703944,0.602427977
78590,78.59,22.0624035,0.601856626
78600,78.6,22.054893,0.60157238
78610,78.61,22.047595,0.601219245
78620,78.62,22.0402242,0.6009658
78630,78.63,22.0330954,0.600693326
78640,78.64,22.0263702,0.600386787
78650,78.65,22.0195826,0.600040263
78660,78.66,22.0125465,0.59964977
78670,78.67,22.0060128,0.599327582
78680,78.68,21.9997109,0.598909909
78690,78.69,21.9933273,0.598280176
78700,78.7,21.9879901,0.597951262
78710,78.71,21.9829727,0.5977308
78720,78.72,21.9781595,0.597498278
78730,78.73,21.9731653,0.597170903
78740,78.74,21.9686493,0.59699611
78750,78.75,21.9643348,0.59676629
78760,78.76,21.9599795,0.596346647
78770,78.77,21.956812,0.595975521
78780,78.78,21.9535829,0.59544692
78790,78.79,21.9510706,0.595081305
78800,78.8,21.9490339,0.594603768
78810,78.81,21.9470369,0.594173044
78820,78.82,21.945759,0.593679761
78830,78.83,21.943418,0.593260955
78840,78.84,21.9402104,0.593063214
78850,78.85,21.9376932,0.592753453
78860,78.86,21.9349936,0.592539785
78870,78.87,21.9328744,0.592255374
78880,78.88,21.9307216,0.592005887
78890,78.89,21.9284699,0.591876331
78900,78.9,21.9261208,0.591741054
78910,78.91,21.9242893,0.591759055
78920,78.92,21.9231711,0.591568067
78930,78.93,21.9216368,0.59152815
78940,78.94,21.9200005,0.591400238
78950,78.95,21.9181914,0.591216662
78960,78.96,21.9164562,0.591060419
78970,78.97,21.9146046,0.590915708
78980,78.98,21.9132748,0.590684668
78990,78.99,21.9124404,0.590475471
79000,79,21.9113983,0.590312889
79010,79.01,21.911237,0.590231116
79020,79.02,21.9101128,0.590257889
79030,79.03,21.9090564,0.590265339
79040,79.04,21.9080718,0.590165869
79050,79.05,21.9060841,0.590019314
79060,79.06,21.9042191,0.589961427
79070,79.07,21.9027238,0.589842064
79080,79.08,21.9007793,0.589500828
79090,79.09,21.8999171,0.58913582
79100,79.1,21.900034,0.588832105
79110,79.11,21.9001422,0.588355197
79120,79.12,21.9003118,0.587899206
79130,79.13,21.9002734,0.587499225
79140,79.14,21.8999917,0.587155842
79150,79.15,21.8991171,0.586868892
79160,79.16,21.8986537,0.586495162
79170,79.17,21.8972295,0.586143426
79180,79.18,21.8958459,0.585691037
79190,79.19,21.8946079,0.585228946
79200,79.2,21.8938724,0.584847484
79210,79.21,21.8935805,0.584560408
79220,79.22,21.8932967,0.584197351
79230,79.23,21.8938997,0.584136135
79240,79.24,21.8941452,0.584208075
79250,79.25,21.8939304,0.584118157
79260,79.26,21.8935631,0.583964322
79270,79.27,21.8933976,0.583771959
79280,79.28,21.8925067,0.583612652
79290,79.29,21.8918252,0.583438067
79300,79.3,21.8911186,0.583245474
79310,79.31,21.8907813,0.583072799
79320,79.32,21.8907763,0.582888021
79330,79.33,21.8907118,0.582551062
79340,79.34,21.889526,0.582131111
79350,79.35,21.8886236,0.581756622
79360,79.36,21.8878941,0.581389497
79370,79.37,21.8871479,0.581123562
79380,79.38,21.8872918,0.580825248
79390,79.39,21.8882342,0.580502422
79400,79.4,21.8898566,0.580224831
79410,79.41,21.8918344,0.579894543
79420,79.42,21.8935158,0.579588615
79430,79.43,21.8953035,0.57914244
79440,79.44,21.8969177,0.57874899
79450,79.45,21.8983127,0.578510146
79460,79.46,21.899973,0.578267036
79470,79.47,21.9013706,0.578090391
79480,79.48,21.9023975,0.57786942
79490,79.49,21.9037394,0.577793011
79500,79.5,21.9045143,0.577651189
79510,79.51,21.9053955,0.577597135
79520,79.52,21.9059727,0.577434657
79530,79.53,21.9057333,0.577167396
79540,79.54,21.907157,0.576775331
79550,79.55,21.9083673,0.576482631
79560,79.56,21.9095814,0.576198913
79570,79.57,21.911078,0.576090195
79580,79.58,21.9128831,0.576227398
79590,79.59,21.9156215,0.576438043
79600,79.6,21.917478,0.576823723
79610,79.61,21.9196509,0.577236764
79620,79.62,21.9219246,0.577685554
79630,79.63,21.9243345,0.578085724
79640,79.64,21.9267464,0.578507816
79650,79.65,21.9288383,0.579004623
79660,79.66,21.9314714,0.579531075
79670,79.67,21.9344737,0.5799284
79680,79.68,21.9379605,0.580176834
79690,79.69,21.9401747,0.580646478
79700,79.7,21.9426405,0.581046558
79710,79.71,21.9448436,0.581644715
79720,79.72,21.9466807,0.582279126
79730,79.73,21.9485414,0.582736777
79740,79.74,21.9503833,0.583275194
79750,79.75,21.951655,0.583737434
79760,79.76,21.9523093,0.584402294
79770,79.77,21.9528307,0.585072013
79780,79.78,21.9534984,0.585832266
79790,79.79,21.9549232,0.586720682
79800,79.8,21.9559377,0.587675716
79810,79.81,21.9558619,0.58861204
79820,79.82,21.9565923,0.589676033
79830,79.83,21.9570064,0.590849921
79840,79.84,21.9577451,0.592295261
79850,79.85,21.9583771,0.593656419
79860,79.86,21.958939,0.59488911
79870,79.87,21.9598983,0.596257302
79880,79.88,21.9606419,0.597579939
79890,79.89,21.9609438,0.598836237
79900,79.9,21.9605858,0.599978594
79910,79.91,21.9594539,0.601035861
79920,79.92,21.9584995,0.602017147
79930,79.93,21.956726,0.602920286
79940,79.94,21.9555331,0.603825047
79950,79.95,21.9542361,0.604882249
79960,79.96,21.9524524,0.605934082
79970,79.97,21.9513709,0.606832982
79980,79.98,21.9502531,0.607622386
79990,79.99,21.9488467,0.608580283
80000,80,21.9470142,0.609665363
80010,80.01,21.9456177,0.610631912
80020,80.02,21.9430289,0.611425588
80030,80.03,21.9409048,0.61237018
80040,80.04,21.9380775,0.613340481
80050,80.05,21.9353597,0.614441535
80060,80.06,21.9321566,0.615632337
80070,80.07,21.9286282,0.616803886
80080,80.08,21.9262288,0.617947586
80090,80.09,21.9234523,0.619099772
80100,80.1,21.9197143,0.620223766
80110,80.11,21.9157973,0.621349115
80120,80.12,21.9108853,0.622714146
80130,80.13,21.905885,0.623927947
80140,80.14,21.9007349,0.624970762
80150,80.15,21.8953422,0.625974456
80160,80.16,21.8905317,0.627050938
80170,80.17,21.8864665,0.627993132
80180,80.18,21.8821313,0.628904139
80190,80.19,21.8782387,0.629784468
80200,80.2,21.8740466,0.630698424
80210,80.21,21.869809,0.631532105
80220,80.22,21.8654128,0.632303569
80230,80.23,21.860352,0.633008108
80240,80.24,21.8560236,0.633682245
80250,80.25,21.8503112,0.634279493
80260,80.26,21.8445477,0.634838357
80270,80.27,21.8382711,0.635500727
80280,80.28,21.8317021,0.636187346
80290,80.29,21.8252372,0.636845894
80300,80.3,21.8191174,0.637517029
80310,80.31,21.8127883,0.63821663
80320,80.32,21.8061417,0.639195115
80330,80.33,21.7994823,0.639750712
80340,80.34,21.7932542,0.640409759
80350,80.35,21.7870283,0.641110329
80360,80.36,21.77993,0.641957466
80370,80.37,21.7728958,0.642774841
80380,80.38,21.7651849,0.643752753
80390,80.39,21.7577311,0.644639936
80400,80.4,21.7504854,0.645450475
80410,80.41,21.74377,0.646247237
80420,80.42,21.7358677,0.647058094
80430,80.43,21.727455,0.647738598
80440,80.44,21.7186831,0.648339815
80450,80.45,21.7095232,0.648943691
80460,80.46,21.7001182,0.649604754
80470,80.47,21.6912686,0.650373694
80480,80.48,21.6833102,0.651280074
80490,80.49,21.6755721,0.65201021
80500,80.5,21.6680245,0.652715703
80510,80.51,21.6593117,0.653424038
80520,80.52,21.6508581,0.654170947
80530,80.53,21.6427845,0.654939963
80540,80.54,21.6348892,0.655472113
80550,80.55,21.6268525,0.655989723
80560,80.56,21.6180505,0.656490841
80570,80.57,21.609771,0.657083516
80580,80.58,21.6020062,0.657919859
80590,80.59,21.5939731,0.658769442
80600,80.6,21.5863035,0.659722053
80610,80.61,21.57891,0.660546689
80620,80.62,21.5717744,0.661522112
80630,80.63,21.5658358,0.662282225
80640,80.64,21.5593102,0.663134306
80650,80.65,21.553528,0.664102584
80660,80.66,21.5480715,0.66511548
80670,80.67,21.5419887,0.665994917
80680,80.68,21.5367426,0.666790609
80690,80.69,21.5317222,0.667698932
80700,80.7,21.526395,0.668541495
80710,80.71,21.5210186,0.669404813
80720,80.72,21.5160432,0.670439629
80730,80.73,21.5111073,0.671373574
80740,80.74,21.5062138,0.672500403
80750,80.75,21.5022634,0.673519875
80760,80.76,21.498037,0.674350236
80770,80.77,21.4949607,0.67516523
80780,80.78,21.4911514,0.675996477
80790,80.79,21.4874336,0.676833464
80800,80.8,21.4836824,0.677572664
80810,80.81,21.4800523,0.678222475
80820,80.82,21.4763204,0.678896407
80830,80.83,21.4721642,0.679434586
80840,80.84,21.4674161,0.680038659
80850,80.85,21.4625704,0.680688776
80860,80.86,21.4578547,0.681355395
80870,80.87,21.4533481,0.681994009
80880,80.88,21.4486983,0.682734626
80890,80.89,21.4436847,0.68354244
80900,80.9,21.4385735,0.684274277
80910,80.91,21.4343173,0.685208628
80920,80.92,21.4304416,0.6860289
80930,80.93,21.4257653,0.686962951
80940,80.94,21.4211775,0.687793053
80950,80.95,21.4157441,0.688435299
80960,80.96,21.4096078,0.689008628
80970,80.97,21.4036427,0.689450714
80980,80.98,21.3964811,0.690050393
80990,80.99,21.3898883,0.690748158
81000,81,21.3837937,0.691312272
81010,81.01,21.3780237,0.692067703
81020,81.02,21.3716548,0.692923984
81030,81.03,21.3664476,0.693607092
81040,81.04,21.3602389,0.694262857
81050,81.05,21.353875,0.695069434
81060,81.06,21.347933,0.695785142
81070,81.07,21.3421868,0.696567613
81080,81.08,21.3364607,0.697355678
81090,81.09,21.3310303,0.698105237
81100,81.1,21.3252902,0.699061483
81110,81.11,21.3197892,0.699970441
81120,81.12,21.3146487,0.700829465
81130,81.13,21.3098651,0.701809411
81140,81.14,21.3049298,0.70282666
81150,81.15,21.300137,0.703814595
81160,81.16,21.2962587,0.70489812
81170,81.17,21.2928372,0.705742325
81180,81.18,21.2882787,0.706653576
81190,81.19,21.2842631,0.70756696
81200,81.2,21.2804517,0.708477768
81210,81.21,21.276842,0.709423143
81220,81.22,21.2735986,0.710175545
81230,81.23,21.2705921,0.710897059
81240,81.24,21.2669845,0.711512904
81250,81.25,21.2634007,0.712071241
81260,81.26,21.2604931,0.712608482
81270,81.27,21.2562726,0.713058362
81280,81.28,21.2524604,0.713546582
81290,81.29,21.2482241,0.714275951
81300,81.3,21.2446969,0.715117934
81310,81.31,21.2418028,0.716033244
81320,81.32,21.2379676,0.716951735
81330,81.33,21.2345713,0.717835196
81340,81.34,21.2311944,0.718735104
81350,81.35,21.2277496,0.719738322
81360,81.36,21.2251754,0.720755606
81370,81.37,21.2218836,0.721798437
81380,81.38,21.2174884,0.722837768
81390,81.39,21.2129585,0.723865716
81400,81.4,21.209134,0.724820038
81410,81.41,21.2055185,0.725730725
81420,81.42,21.2024495,0.726651845
81430,81.43,21.1984739,0.727466368
81440,81.44,21.1941411,0.728380112
81450,81.45,21.189916,0.72925629
81460,81.46,21.1850284,0.730117858
81470,81.47,21.1805524,0.731006405
81480,81.48,21.1759146,0.731837204
81490,81.49,21.1704042,0.732980757
81500,81.5,21.1654071,0.734049896
81510,81.51,21.1599998,0.735153984
81520,81.52,21.1551089,0.736425104
81530,81.53,21.1513957,0.737682294
81540,81.54,21.1474673,0.738817132
81550,81.55,21.1429611,0.739910583
81560,81.56,21.1388748,0.741000989
81570,81.57,21.1357524,0.741982233
81580,81.58,21.1312351,0.743074166
81590,81.59,21.1269971,0.744286737
81600,81.6,21.1240627,0.745504354
81610,81.61,21.1209728,0.746815814
81620,81.62,21.1175291,0.748031861
81630,81.63,21.1146449,0.749247575
81640,81.64,21.1123842,0.750499772
81650,81.65,21.1089998,0.751849299
81660,81.66,21.1061357,0.753088259
81670,81.67,21.1040514,0.754186402
81680,81.68,21.103029,0.755407463
81690,81.69,21.1022667,0.756688087
81700,81.7,21.1010711,0.758047149
81710,81.71,21.0989572,0.759336613
81720,81.72,21.0974763,0.760467203
81730,81.73,21.0954872,0.761620019
81740,81.74,21.0941885,0.762940021
81750,81.75,21.0936756,0.764172535
81760,81.76,21.0930453,0.765546724
81770,81.77,21.0914195,0.766722891
81780,81.78,21.0902761,0.768187881
81790,81.79,21.090186,0.769596587
81800,81.8,21.0898058,0.77090361
81810,81.81,21.0892712,0.772261095
81820,81.82,21.0889415,0.773546042
81830,81.83,21.0882487,0.774768058
81840,81.84,21.0868868,0.77619275
81850,81.85,21.0867065,0.777590685
81860,81.86,21.0869224,0.77879849
81870,81.87,21.0868667,0.780236783
81880,81.88,21.0875766,0.781575108
81890,81.89,21.0886393,0.782808479
81900,81.9,21.0892015,0.784141828
81910,81.91,21.0898345,0.785315999
81920,81.92,21.0917448,0.786353837
81930,81.93,21.0942688,0.787288392
81940,81.94,21.0957975,0.788326972
81950,81.95,21.0982194,0.789402963
81960,81.96,21.1004578,0.790461314
81970,81.97,21.1023048,0.791648174
81980,81.98,21.1054634,0.792720162
81990,81.99,21.1089504,0.793809183
82000,82,21.112604,0.794860497
82010,82.01,21.11597,0.795945668
82020,82.02,21.1200757,0.796941903
82030,82.03,21.1235881,0.797882977
82040,82.04,21.1277997,0.798816388
82050,82.05,21.131825,0.799838433
82060,82.06,21.1366787,0.800862635
82070,82.07,21.1410664,0.801969288
82080,82.08,21.1442168,0.803166437
82090,82.09,21.1476677,0.804444203
82100,82.1,21.1515085,0.805782803
82110,82.11,21.1554837,0.807186508
82120,82.12,21.1597561,0.808372139
82130,82.13,21.163072,0.809725443
82140,82.14,21.1664902,0.810893443
82150,82.15,21.1704033,0.811979729
82160,82.16,21.1734047,0.812983683
82170,82.17,21.1756418,0.81400526
82180,82.18,21.1789523,0.815014176
82190,82.19,21.1811827,0.816037567
82200,82.2,21.1834617,0.816870334
82210,82.21,21.1856643,0.817719493
82220,82.22,21.1880369,0.818437178
82230,82.23,21.190671,0.819264142
82240,82.24,21.1923434,0.820142257
82250,82.25,21.1951353,0.82074064
82260,82.26,21.1978539,0.82115595
82270,82.27,21.2005007,0.821630683
82280,82.28,21.2039135,0.821990757
82290,82.29,21.2075248,0.822401992
82300,82.3,21.2108131,0.822712187
82310,82.31,21.2139873,0.822943436
82320,82.32,21.2175323,0.823093323
82330,82.33,21.2214578,0.823337731
82340,82.34,21.2248131,0.823451046
82350,82.35,21.2290107,0.823329164
82360,82.36,21.2332781,0.82308212
82370,82.37,21.2378321,0.822870134
82380,82.38,21.2421039,0.822566848
82390,82.39,21.2460929,0.822275947
82400,82.4,21.251976,0.822060282
82410,82.41,21.2570702,0.821599944
82420,82.42,21.2621869,0.821240606
82430,82.43,21.2679273,0.821096921
82440,82.44,21.2742727,0.821142874
82450,82.45,21.2804795,0.821254148
82460,82.46,21.2853411,0.821278644
82470,82.47,21.2916617,0.821133046
82480,82.48,21.2975746,0.82102855
82490,82.49,21.3040804,0.821043908
82500,82.5,21.3107857,0.820965883
82510,82.51,21.3176589,0.821015423
82520,82.52,21.3250806,0.82116496
82530,82.53,21.332935,0.821609754
82540,82.54,21.3410679,0.822107207
82550,82.55,21.3484213,0.822582457
82560,82.56,21.3550035,0.823213567
82570,82.57,21.3612866,0.824054679
82580,82.58,21.3675224,0.824823725
82590,82.59,21.3740681,0.825764886
82600,82.6,21.3808895,0.826534974
82610,82.61,21.3880616,0.827252367
82620,82.62,21.3947153,0.82807517
82630,82.63,21.4022127,0.828937962
82640,82.64,21.4101987,0.829570067
82650,82.65,21.4181822,0.830137373
82660,82.66,21.4263978,0.830486968
82670,82.67,21.4344051,0.830883052
82680,82.68,21.4430732,0.831162369
82690,82.69,21.4524116,0.831296629
82700,82.7,21.4606421,0.8315815
82710,82.71,21.4684909,0.831886441
82720,82.72,21.4765937,0.831959536
82730,82.73,21.4853605,0.832005033
82740,82.74,21.4946431,0.832206095
82750,82.75,21.5035606,0.832346948
82760,82.76,21.5126155,0.832652778
82770,82.77,21.522215,0.832948958
82780,82.78,21.5316907,0.833281853
82790,82.79,21.5416312,0.833591646
82800,82.8,21.5509189,0.834067861
82810,82.81,21.5609891,0.834559491
82820,82.82,21.5706082,0.835148329
82830,82.83,21.5811159,0.835719716
82840,82.84,21.5912128,0.836081434
82850,82.85,21.6018376,0.836496532
82860,82.86,21.6130182,0.837024505
82870,82.87,21.6244336,0.837336023
82880,82.88,21.6349951,0.837725592
82890,82.89,21.6458167,0.838035435
82900,82.9,21.6562982,0.838450188
82910,82.91,21.6667632,0.838731807
82920,82.92,21.6776576,0.838929648
82930,82.93,21.6887246,0.839012527
82940,82.94,21.6993193,0.83919183
82950,82.95,21.709943,0.839488275
82960,82.96,21.7201119,0.839707145
82970,82.97,21.729721,0.839858902
82980,82.98,21.7388677,0.840127771
82990,82.99,21.7471505,0.840323729
83000,83,21.7550083,0.840526975
83010,83.01,21.7636198,0.840801027
83020,83.02,21.7729225,0.841040583
83030,83.03,21.7817105,0.841083187
83040,83.04,21.7900574,0.841204453
83050,83.05,21.7987054,0.841500985
83060,83.06,21.8071545,0.841805626
83070,83.07,21.815181,0.842126985
83080,83.08,21.8226436,0.842502187
83090,83.09,21.8308481,0.842886617
83100,83.1,21.8386202,0.843216175
83110,83.11,21.8472175,0.843462391
83120,83.12,21.8557254,0.843710668
83130,83.13,21.8642894,0.843906441
83140,83.14,21.8724321,0.844294482
83150,83.15,21.8799255,0.844760895
83160,83.16,21.8874799,0.845212938
83170,83.17,21.8947536,0.845819294
83180,83.18,21.9017918,0.846310396
83190,83.19,21.9090293,0.846855402
83200,83.2,21.9149097,0.847418519
83210,83.21,21.9211368,0.848074914
83220,83.22,21.9279546,0.848434973
83230,83.23,21.9348879,0.849017611
83240,83.24,21.9418996,0.849641173
83250,83.25,21.9492911,0.850351581
83260,83.26,21.9559601,0.851268507
83270,83.27,21.9625447,0.851875722
83280,83.28,21.9691926,0.852403983
83290,83.29,21.9753917,0.85287865
83300,83.3,21.9810745,0.853486729
83310,83.31,21.9866169,0.854224546
83320,83.32,21.9926947,0.854871665
83330,83.33,21.9983592,0.855545836
83340,83.34,22.0035626,0.856298404
83350,83.35,22.0088138,0.857230349
83360,83.36,22.0158211,0.857885232
83370,83.37,22.0216781,0.858666561
83380,83.38,22.0278879,0.85959168
83390,83.39,22.034722,0.860479019
83400,83.4,22.0418236,0.861352057
83410,83.41,22.0489006,0.8622005
83420,83.42,22.056981,0.863209712
83430,83.43,22.065458,0.864283111
83440,83.44,22.0744538,0.865262849
83450,83.45,22.0841036,0.865989333
83460,83.46,22.0934383,0.867118196
83470,83.47,22.103887,0.868132204
83480,83.48,22.1136903,0.869184911
83490,83.49,22.1230598,0.870345366
83500,83.5,22.1329501,0.871581429
83510,83.51,22.1437502,0.872706766
83520,83.52,22.1545898,0.87387409
83530,83.53,22.1637794,0.875196987
83540,83.54,22.1729011,0.876500795
83550,83.55,22.1817485,0.877720983
83560,83.56,22.1905267,0.87900658
83570,83.57,22.1988975,0.88030779
83580,83.58,22.2066783,0.881725298
83590,83.59,22.214789,0.883216504
83600,83.6,22.222227,0.884628222
83610,83.61,22.2293868,0.885939171
83620,83.62,22.2376032,0.887179115
83630,83.63,22.2463906,0.888231369
83640,83.64,22.2556077,0.889200952
83650,83.65,22.2646055,0.890167056
83660,83.66,22.2740539,0.891035815
83670,83.67,22.2837342,0.891751445
83680,83.68,22.2929009,0.892512191
83690,83.69,22.3019301,0.892936916
83700,83.7,22.3108211,0.893574539
83710,83.71,22.3191626,0.894349913
83720,83.72,22.3279064,0.894916207
83730,83.73,22.3366593,0.895372557
83740,83.74,22.3451577,0.895846443
83750,83.75,22.3530726,0.89634022
83760,83.76,22.3606491,0.896912017
83770,83.77,22.3675129,0.897484208
83780,83.78,22.3742803,0.898001968
83790,83.79,22.3810665,0.898436579
83800,83.8,22.3877106,0.89873465
83810,83.81,22.3947292,0.899290546
83820,83.82,22.402319,0.899981567
83830,83.83,22.4095428,0.90076954
83840,83.84,22.4165263,0.901653732
83850,83.85,22.423136,0.902565248
83860,83.86,22.4301259,0.903446009
83870,83.87,22.4370816,0.904289132
83880,83.88,22.4433383,0.90527957
83890,83.89,22.4493367,0.906538379
83900,83.9,22.4549677,0.907730019
83910,83.91,22.4607223,0.908800549
83920,83.92,22.4668145,0.90982743
83930,83.93,22.4728753,0.910821087
83940,83.94,22.4793869,0.911769898
83950,83.95,22.4856119,0.91272741
83960,83.96,22.4914468,0.91381381
83970,83.97,22.4969164,0.91481717
83980,83.98,22.5023591,0.915731587
83990,83.99,22.5079343,0.916701399
84000,84,22.5136926,0.917808705
84010,84.01,22.5188141,0.919040967
84020,84.02,22.523482,0.920288462
84030,84.03,22.5276981,0.921565232
84040,84.04,22.5313439,0.922815296
84050,84.05,22.5351753,0.924105313
84060,84.06,22.5398866,0.925302284
84070,84.07,22.5442368,0.926495396
84080,84.08,22.5487714,0.927899362
84090,84.09,22.5535234,0.929155088
84100,84.1,22.5581545,0.930510702
84110,84.11,22.5626715,0.931942366
84120,84.12,22.5668782,0.933525125
84130,84.13,22.5723643,0.935018084
84140,84.14,22.577463,0.936666806
84150,84.15,22.5815255,0.938241986
84160,84.16,22.5857446,0.93990103
84170,84.17,22.590951,0.941621291
84180,84.18,22.595023,0.943427129
84190,84.19,22.599749,0.945278767
84200,84.2,22.6043112,0.947206444
84210,84.21,22.6079755,0.949232546
84220,84.22,22.6112775,0.951299433
84230,84.23,22.614583,0.953351459
84240,84.24,22.6177496,0.955213628
84250,84.25,22.6213762,0.957026129
84260,84.26,22.6255403,0.958926482
84270,84.27,22.6297653,0.960736735
84280,84.28,22.633962,0.962638593
84290,84.29,22.6376359,0.964357111
84300,84.3,22.6420455,0.966354792
84310,84.31,22.6457904,0.968554224
84320,84.32,22.6488193,0.970581063
84330,84.33,22.651914,0.972519287
84340,84.34,22.6558118,0.974681436
84350,84.35,22.6599089,0.976817708
84360,84.36,22.6640653,0.97904335
84370,84.37,22.6688698,0.981129602
84380,84.38,22.6734888,0.983189154
84390,84.39,22.6775988,0.9849547
84400,84.4,22.6806408,0.986867437
84410,84.41,22.6825103,0.988739742
84420,84.42,22.6846461,0.990638292
84430,84.43,22.687224,0.992820007
84440,84.44,22.6896135,0.994915503
84450,84.45,22.6924717,0.997044952
84460,84.46,22.6950338,0.999171683
84470,84.47,22.6966821,1.00136375
84480,84.48,22.6976834,1.00346649
84490,84.49,22.6995072,1.00570458
84500,84.5,22.7016538,1.00767024
84510,84.51,22.704564,1.00991265
84520,84.52,22.7064241,1.01224879
84530,84.53,22.7086716,1.01479697
84540,84.54,22.7107355,1.01733964
84550,84.55,22.7132621,1.01974466
84560,84.56,22.7147241,1.02220106
84570,84.57,22.7157709,1.02484298
84580,84.58,22.7174495,1.02728435
84590,84.59,22.7195113,1.02959569
84600,84.6,22.720231,1.03180067
84610,84.61,22.7208898,1.03418367
84620,84.62,22.7215238,1.03645618
84630,84.63,22.7216288,1.03850581
84640,84.64,22.7218131,1.04047328
84650,84.65,22.7217812,1.04238694
84660,84.66,22.7207437,1.04464238
84670,84.67,22.7189878,1.04683465
84680,84.68,22.7170353,1.04891563
84690,84.69,22.7148226,1.05098959
84700,84.7,22.7121115,1.05311182
84710,84.71,22.7092525,1.05547068
84720,84.72,22.7070676,1.05764244
84730,84.73,22.7038129,1.06007092
84740,84.74,22.7005437,1.06244558
84750,84.75,22.6989239,1.06509439
84760,84.76,22.6981743,1.06779493
84770,84.77,22.697543,1.0704359
84780,84.78,22.696619,1.07312113
84790,84.79,22.6952644,1.07576184
84800,84.8,22.6943427,1.07861878
84810,84.81,22.6943848,1.08126137
84820,84.82,22.6943028,1.08409499
84830,84.83,22.6940972,1.08695023
84840,84.84,22.6944432,1.08978783
84850,84.85,22.6956133,1.09229989
84860,84.86,22.6960589,1.09473991
84870,84.87,22.6950728,1.09726705
84880,84.88,22.6941925,1.09993774
84890,84.89,22.6938187,1.10258717
84900,84.9,22.6928252,1.10545125
84910,84.91,22.6914526,1.10856515
84920,84.92,22.6910125,1.1118171
84930,84.93,22.6909097,1.11496857
84940,84.94,22.6905455,1.11829197
84950,84.95,22.689684,1.12145377
84960,84.96,22.6900321,1.12464473
84970,84.97,22.690897,1.12791804
84980,84.98,22.6913065,1.13123083
84990,84.99,22.6908357,1.13438003
85000,85,22.6906135,1.13747312
85010,85.01,22.6904107,1.14050923
85020,85.02,22.6901067,1.14370577
85030,85.03,22.6901945,1.14699802
85040,85.04,22.689703,1.15031955
85050,85.05,22.687412,1.15387571
85060,85.06,22.6844208,1.15728972
85070,85.07,22.6819499,1.16063787
85080,85.08,22.6796687,1.16383847
85090,85.09,22.6775649,1.16697289
85100,85.1,22.6767018,1.16998229
85110,85.11,22.6764103,1.17291582
85120,85.12,22.6769492,1.17579782
85130,85.13,22.6767275,1.17843474
85140,85.14,22.6769009,1.18097846
85150,85.15,22.6770582,1.18347728
85160,85.16,22.6766954,1.18606842
85170,85.17,22.6767058,1.18848728
85180,85.18,22.6767119,1.19099051
85190,85.19,22.676873,1.19350372
85200,85.2,22.676566,1.19605525
85210,85.21,22.6768491,1.19871628
85220,85.22,22.677946,1.20117788
85230,85.23,22.6782304,1.20358983
85240,85.24,22.6789119,1.20584721
85250,85.25,22.6810042,1.20808177
85260,85.26,22.6834525,1.21041261
85270,85.27,22.6859944,1.21278911
85280,85.28,22.6897095,1.21520476
85290,85.29,22.6925725,1.21764136
85300,85.3,22.6969095,1.22008724
85310,85.31,22.7007468,1.22280912
85320,85.32,22.7026531,1.22546639
85330,85.33,22.7045607,1.22806274
85340,85.34,22.7062469,1.23061284
85350,85.35,22.7083167,1.23334947
85360,85.36,22.7111269,1.23619787
85370,85.37,22.7134922,1.23907014
85380,85.38,22.7176404,1.2418273
85390,85.39,22.7222576,1.24467211
85400,85.4,22.7254601,1.24750331
85410,85.41,22.7289929,1.25025558
85420,85.42,22.7326237,1.25306194
85430,85.43,22.7363768,1.25576075
85440,85.44,22.7397518,1.25830946
85450,85.45,22.7426906,1.26108461
85460,85.46,22.7451625,1.26396531
85470,85.47,22.7480315,1.26673075
85480,85.48,22.7523638,1.26967511
85490,85.49,22.7561519,1.27255117
85500,85.5,22.7615022,1.27529877
85510,85.51,22.7669021,1.27779744
85520,85.52,22.7712323,1.2805537
85530,85.53,22.7763361,1.28347095
85540,85.54,22.7812477,1.28635486
85550,85.55,22.7863657,1.28916436
85560,85.56,22.7907589,1.29218357
85570,85.57,22.7956844,1.29532756
85580,85.58,22.7999743,1.29850364
85590,85.59,22.8045491,1.30179123
85600,85.6,22.8090616,1.30525348
85610,85.61,22.8136667,1.30839581
85620,85.62,22.8170386,1.31157366
85630,85.63,22.8199483,1.31466768
85640,85.64,22.8234783,1.31785298
85650,85.65,22.826678,1.32094404
85660,85.66,22.8300246,1.32417107
85670,85.67,22.8321481,1.32727449
85680,85.68,22.8344904,1.33048201
85690,85.69,22.8360589,1.33344521
85700,85.7,22.8373296,1.33651016
85710,85.71,22.8381352,1.33945384
85720,85.72,22.8395709,1.34248664
85730,85.73,22.8408966,1.34513684
85740,85.74,22.8408009,1.34784867
85750,85.75,22.84199,1.35062522
85760,85.76,22.843185,1.35341124
85770,85.77,22.8450025,1.35622981
85780,85.78,22.8475344,1.35879998
85790,85.79,22.8499774,1.36137853
85800,85.8,22.8532266,1.36387355
85810,85.81,22.8556271,1.36652782
85820,85.82,22.857288,1.36918877
85830,85.83,22.8592261,1.3718855
85840,85.84,22.8615128,1.37475202
85850,85.85,22.8621392,1.37755532
85860,85.86,22.8633291,1.38041951
85870,85.87,22.8655665,1.38316481
85880,85.88,22.8664155,1.38587913
85890,85.89,22.8662701,1.3887787
85900,85.9,22.8665817,1.39162313
85910,85.91,22.8672294,1.39419591
85920,85.92,22.868096,1.39700402
85930,85.93,22.8688889,1.40003614
85940,85.94,22.8698235,1.40309875
85950,85.95,22.8709173,1.40573658
85960,85.96,22.8712414,1.40832512
85970,85.97,22.8711578,1.41093609
85980,85.98,22.8710315,1.41345291
85990,85.99,22.8716474,1.41604963
86000,86,22.8721418,1.41836476
86010,86.01,22.8727827,1.42087482
86020,86.02,22.8730718,1.42302327
86030,86.03,22.875052,1.42503838
86040,86.04,22.878329,1.42714211
86050,86.05,22.8810857,1.42918668
86060,86.06,22.8826448,1.43119462
86070,86.07,22.8836609,1.43326476
86080,86.08,22.8835302,1.43532907
86090,86.09,22.8830283,1.43752192
86100,86.1,22.8827414,1.43987209
86110,86.11,22.8835397,1.4421312
86120,86.12,22.8848407,1.4445965
86130,86.13,22.8852898,1.44689369
86140,86.14,22.886068,1.4493387
86150,86.15,22.8857898,1.45172065
86160,86.16,22.8857873,1.45396576
86170,86.17,22.8858063,1.4561573
86180,86.18,22.885726,1.45853738
86190,86.19,22.8851528,1.46110811
86200,86.2,22.8848,1.46357557
86210,86.21,22.8852969,1.46605456
86220,86.22,22.8861081,1.46864855
86230,86.23,22.8859193,1.47138706
86240,86.24,22.8861102,1.47425736
86250,86.25,22.8864151,1.47729857
86260,86.26,22.886541,1.48006665
86270,86.27,22.8865548,1.48297869
86280,86.28,22.8861117,1.48590157
86290,86.29,22.8860769,1.48891835
86300,86.3,22.8858125,1.49183773
86310,86.31,22.886517,1.49480078
86320,86.32,22.8866122,1.49763571
86330,86.33,22.8876811,1.50043672
86340,86.34,22.8889996,1.50338781
86350,86.35,22.889698,1.50646206
86360,86.36,22.8898569,1.50937129
86370,86.37,22.8881882,1.51206994
86380,86.38,22.886645,1.51493005
86390,86.39,22.8865391,1.51771665
86400,86.4,22.8871582,1.52044267
86410,86.41,22.8885128,1.52304296
86420,86.42,22.8900012,1.52544553
86430,86.43,22.8913526,1.52771896
86440,86.44,22.892176,1.52988741
86450,86.45,22.8936475,1.53203518
86460,86.46,22.8932936,1.53411138
86470,86.47,22.8929588,1.53626067
86480,86.48,22.892795,1.53841642
86490,86.49,22.8923225,1.54075148
86500,86.5,22.8914736,1.54320245
86510,86.51,22.8914183,1.54562651
86520,86.52,22.8914276,1.54805079
86530,86.53,22.8911515,1.5504084
86540,86.54,22.8909849,1.55262525
86550,86.55,22.8913228,1.55489964
86560,86.56,22.8912907,1.55725496
86570,86.57,22.8904809,1.55968959
86580,86.58,22.8880498,1.56224386
86590,86.59,22.8861476,1.56455261
86600,86.6,22.8844687,1.56701355
86610,86.61,22.8817377,1.56948792
86620,86.62,22.8781702,1.57189383
86630,86.63,22.875295,1.57430161
86640,86.64,22.8711994,1.57679806
86650,86.65,22.8670351,1.57915652
86660,86.66,22.8638751,1.58162242
86670,86.67,22.8634759,1.58424432
86680,86.68,22.8619801,1.58656286
86690,86.69,22.8604594,1.58908593
86700,86.7,22.8587944,1.59181719
86710,86.71,22.858119,1.59463993
86720,86.72,22.8574342,1.59724115
86730,86.73,22.857853,1.59985322
86740,86.74,22.8590251,1.60251147
86750,86.75,22.8594924,1.60505707
86760,86.76,22.8609954,1.60747327
86770,86.77,22.8622952,1.60990996
86780,86.78,22.8644673,1.61227739
86790,86.79,22.8658906,1.61451868
86800,86.8,22.8677046,1.61664646
86810,86.81,22.8690573,1.61900471
86820,86.82,22.870289,1.62114627
86830,86.83,22.8717526,1.62318775
86840,86.84,22.8742227,1.62524731
86850,86.85,22.8767117,1.62742536
86860,86.86,22.879238,1.6296224
86870,86.87,22.8819506,1.63184311
86880,86.88,22.8837232,1.63407392
86890,86.89,22.8848768,1.63623496
86900,86.9,22.8870452,1.63836815
86910,86.91,22.8885845,1.64076857
86920,86.92,22.8903521,1.64291561
86930,86.93,22.8920009,1.64493027
86940,86.94,22.8944391,1.64706983
86950,86.95,22.8971451,1.64893284
86960,86.96,22.9007625,1.6507836
86970,86.97,22.9032717,1.65243613
86980,86.98,22.908181,1.65425356
86990,86.99,22.9130906,1.65604858
87000,87,22.9184331,1.65768921
87010,87.01,22.924647,1.6591562
87020,87.02,22.9306082,1.66066202
87030,87.03,22.9378057,1.66201213
87040,87.04,22.9454508,1.66321007
87050,87.05,22.9515282,1.66454744
87060,87.06,22.9586284,1.66590905
87070,87.07,22.9651286,1.6673964
87080,87.08,22.9720284,1.66883056
87090,87.09,22.9785807,1.67043755
87100,87.1,22.9840929,1.6720161
87110,87.11,22.989105,1.67339548
87120,87.12,22.9941429,1.67496372
87130,87.13,22.9990609,1.6766593
87140,87.14,23.0040911,1.67832546
87150,87.15,23.008412,1.68000134
87160,87.16,23.0130758,1.68152723
87170,87.17,23.017596,1.6832799
87180,87.18,23.0221086,1.68496555
87190,87.19,23.0246747,1.68638519
87200,87.2,23.0268479,1.6877092
87210,87.21,23.0289723,1.68880746
87220,87.22,23.0322648,1.69004534
87230,87.23,23.0357778,1.69119755
87240,87.24,23.0399801,1.69234761
87250,87.25,23.0443839,1.69352671
87260,87.26,23.0475975,1.69458475
87270,87.27,23.0513565,1.69560158
87280,87.28,23.0549735,1.69653608
87290,87.29,23.0583909,1.69759148
87300,87.3,23.0622399,1.69868559
87310,87.31,23.0671357,1.69985557
87320,87.32,23.0714349,1.70103827
87330,87.33,23.0751742,1.70228541
87340,87.34,23.0794002,1.70349091
87350,87.35,23.0829593,1.70474132
87360,87.36,23.0857136,1.70601608
87370,87.37,23.0890419,1.70719685
87380,87.38,23.0920224,1.70830341
87390,87.39,23.0941811,1.70963159
87400,87.4,23.0960198,1.71088302
87410,87.41,23.099204,1.71214459
87420,87.42,23.1019375,1.71331075
87430,87.43,23.1052081,1.71465033
87440,87.44,23.1080131,1.71604607
87450,87.45,23.1105941,1.71728575
87460,87.46,23.1134968,1.7186867
87470,87.47,23.1165026,1.72020719
87480,87.48,23.1202014,1.72163286
87490,87.49,23.1249341,1.72338755
87500,87.5,23.1289751,1.72502634
87510,87.51,23.1324177,1.72672306
87520,87.52,23.1353363,1.72823336
87530,87.53,23.1381204,1.72981566
87540,87.54,23.1413152,1.73163921
87550,87.55,23.1441387,1.73328789
87560,87.56,23.1467756,1.73537296
87570,87.57,23.1488873,1.73752814
87580,87.58,23.1512773,1.73939709
87590,87.59,23.1530001,1.74146249
87600,87.6,23.1554876,1.7436944
87610,87.61,23.1594531,1.74597818
87620,87.62,23.1630324,1.74809434
87630,87.63,23.1676796,1.75039366
87640,87.64,23.1718576,1.75237472
87650,87.65,23.1750877,1.75454227
87660,87.66,23.1781413,1.75658331
87670,87.67,23.1809892,1.75833888
87680,87.68,23.1847624,1.76027817
87690,87.69,23.1891807,1.76213373
87700,87.7,23.192429,1.76374246
87710,87.71,23.1950929,1.76554001
87720,87.72,23.1986347,1.76698557
87730,87.73,23.2019826,1.76849335
87740,87.74,23.2045267,1.77015258
87750,87.75,23.2067605,1.77175296
87760,87.76,23.2097593,1.77346394
87770,87.77,23.2124775,1.77514367
87780,87.78,23.2160128,1.7766623
87790,87.79,23.2197928,1.77820051
87800,87.8,23.2238,1.77938936
87810,87.81,23.2274814,1.78041873
87820,87.82,23.2316525,1.78157753
87830,87.83,23.235679,1.78263303
87840,87.84,23.2381812,1.78387076
87850,87.85,23.2408769,1.78533925
87860,87.86,23.2442067,1.78667084
87870,87.87,23.2484374,1.78780745
87880,87.88,23.2523749,1.78908251
87890,87.89,23.2565354,1.79019011
87900,87.9,23.2615038,1.79128648
87910,87.91,23.2676188,1.79243168
87920,87.92,23.272359,1.79340005
87930,87.93,23.2767196,1.79449971
87940,87.94,23.281981,1.79558394
87950,87.95,23.2867366,1.7967598
87960,87.96,23.2918899,1.79799328
87970,87.97,23.2961369,1.79952282
87980,87.98,23.3004695,1.80106394
87990,87.99,23.3040064,1.80251684
88000,88,23.3083061,1.8038566
88010,88.01,23.3119208,1.8050675
88020,88.02,23.3161707,1.80617558
88030,88.03,23.3211306,1.8074801
88040,88.04,23.3266698,1.8085221
88050,88.05,23.3320715,1.80951277
88060,88.06,23.3385341,1.81046776
88070,88.07,23.3445326,1.81155238
88080,88.08,23.3511479,1.81235794
88090,88.09,23.3576222,1.81318222
88100,88.1,23.3652658,1.8138643
88110,88.11,23.3724589,1.8146464
88120,88.12,23.3789921,1.81522433
88130,88.13,23.3862345,1.81591008
88140,88.14,23.3937847,1.81683721
88150,88.15,23.401297,1.81783357
88160,88.16,23.4083255,1.81887628
88170,88.17,23.4165554,1.81995333
88180,88.18,23.4255842,1.82102793
88190,88.19,23.4355907,1.82209048
88200,88.2,23.4450006,1.82329621
88210,88.21,23.4543852,1.82433118
88220,88.22,23.4644608,1.82540251
88230,88.23,23.4742205,1.82624874
88240,88.24,23.484377,1.82724987
88250,88.25,23.4941224,1.82827674
88260,88.26,23.5047957,1.82956026
88270,88.27,23.515624,1.83091758
88280,88.28,23.5271263,1.83227204
88290,88.29,23.539171,1.83377187
88300,88.3,23.5500659,1.83523462
88310,88.31,23.5614523,1.83679286
88320,88.32,23.5719775,1.83825016
88330,88.33,23.581682,1.83970465
88340,88.34,23.5915279,1.84094192
88350,88.35,23.600487,1.84228781
88360,88.36,23.609376,1.84371046
88370,88.37,23.6189268,1.84518782
88380,88.38,23.6268795,1.84650456
88390,88.39,23.6352669,1.84755426
88400,88.4,23.6424889,1.84872935
88410,88.41,23.6501949,1.85012178
88420,88.42,23.6579485,1.85121211
88430,88.43,23.6670105,1.852487
88440,88.44,23.6757999,1.85350509
88450,88.45,23.6850118,1.85435097
88460,88.46,23.6940844,1.85529073
88470,88.47,23.703351,1.8564005
88480,88.48,23.713308,1.85729837
88490,88.49,23.7228889,1.85797996
88500,88.5,23.7324558,1.8590807
88510,88.51,23.741654,1.86009349
88520,88.52,23.750712,1.86100599
88530,88.53,23.7602479,1.86208311
88540,88.54,23.7688067,1.86298556
88550,88.55,23.77709,1.86400686
88560,88.56,23.784761,1.86506315
88570,88.57,23.79269,1.86597925
88580,88.58,23.8013593,1.86672354
88590,88.59,23.8096043,1.8675211
88600,88.6,23.8180848,1.86787205
88610,88.61,23.8261541,1.86834949
88620,88.62,23.8350095,1.86878509
88630,88.63,23.8438241,1.86928073
88640,88.64,23.8529405,1.86972663
88650,88.65,23.8612958,1.87024161
88660,88.66,23.8710885,1.87071049
88670,88.67,23.8817552,1.87097601
88680,88.68,23.8920242,1.8711452
88690,88.69,23.9036625,1.87122802
88700,88.7,23.9130007,1.87111546
88710,88.71,23.9221749,1.8711067
88720,88.72,23.9311885,1.87099527
88730,88.73,23.9407655,1.87097063
88740,88.74,23.9500548,1.87082646
88750,88.75,23.9595129,1.87062361
88760,88.76,23.9695542,1.87029675
88770,88.77,23.978863,1.8701006
88780,88.78,23.9880696,1.87005755
88790,88.79,23.9971806,1.86991901
88800,88.8,24.0066398,1.8699396
88810,88.81,24.0151941,1.87018803
88820,88.82,24.023587,1.87032872
88830,88.83,24.0328179,1.87047406
88840,88.84,24.0414922,1.87073159
88850,88.85,24.0509217,1.87101828
88860,88.86,24.0592485,1.87116322
88870,88.87,24.0688631,1.87116759
88880,88.88,24.0773498,1.87137263
88890,88.89,24.0859907,1.87162539
88900,88.9,24.0949736,1.8721238
88910,88.91,24.1034006,1.87240579
88920,88.92,24.1114565,1.87254408
88930,88.93,24.1199792,1.87282539
88940,88.94,24.1287446,1.8731451
88950,88.95,24.1376688,1.87327229
88960,88.96,24.1475138,1.87344672
88970,88.97,24.157897,1.87352941
88980,88.98,24.1680823,1.87377855
88990,88.99,24.1788836,1.87405166
89000,89,24.1887161,1.87446946
89010,89.01,24.1992013,1.87473246
89020,89.02,24.2086307,1.87486442
89030,89.03,24.2170858,1.87471211
89040,89.04,24.2261455,1.87503235
89050,89.05,24.2355773,1.8752334
89060,89.06,24.2451165,1.87547012
89070,89.07,24.2551391,1.87547835
89080,89.08,24.2654514,1.87544587
89090,89.09,24.2754959,1.87553859
89100,89.1,24.286234,1.87580418
89110,89.11,24.296604,1.87600298
89120,89.12,24.3078615,1.87604991
89130,89.13,24.3206254,1.87614917
89140,89.14,24.3322347,1.87635168
89150,89.15,24.345402,1.87622978
89160,89.16,24.3574872,1.87605586
89170,89.17,24.3690199,1.87571168
89180,89.18,24.3819602,1.87540199
89190,89.19,24.3952923,1.87495022
89200,89.2,24.4079809,1.87474503
89210,89.21,24.420289,1.87429682
89220,89.22,24.4328952,1.87386456
89230,89.23,24.4449797,1.87334479
89240,89.24,24.4563954,1.8724006
89250,89.25,24.4682548,1.87126505
89260,89.26,24.4786449,1.86991763
89270,89.27,24.4889907,1.86841797
89280,89.28,24.4988741,1.86694135
89290,89.29,24.5106298,1.86598095
89300,89.3,24.5222622,1.86537048
89310,89.31,24.5352515,1.86450128
89320,89.32,24.5490699,1.86371282
89330,89.33,24.5626591,1.86258443
89340,89.34,24.57497,1.86138616
89350,89.35,24.5871334,1.86019249
89360,89.36,24.5985302,1.85899458
89370,89.37,24.6105217,1.8574348
89380,89.38,24.6221703,1.85614255
89390,89.39,24.633504,1.85455604
89400,89.4,24.6441504,1.85298209
89410,89.41,24.6541172,1.85138784
89420,89.42,24.6649725,1.85014448
89430,89.43,24.6749595,1.84905626
89440,89.44,24.6850034,1.84771785
89450,89.45,24.693093,1.84635979
89460,89.46,24.7008179,1.84515283
89470,89.47,24.7095504,1.84397252
89480,89.48,24.7183354,1.84225724
89490,89.49,24.7284143,1.84041017
89500,89.5,24.7392414,1.83849761
89510,89.51,24.7498482,1.83655061
89520,89.52,24.7611107,1.83432495
89530,89.53,24.7734575,1.83229372
89540,89.54,24.7853425,1.8303327
89550,89.55,24.797258,1.8282743
89560,89.56,24.8098243,1.8264929
89570,89.57,24.8218578,1.82484915
89580,89.58,24.8348165,1.82303534
89590,89.59,24.8475417,1.82124566
89600,89.6,24.8595678,1.8192563
89610,89.61,24.871314,1.81725132
89620,89.62,24.8834898,1.81536365
89630,89.63,24.8956602,1.81322514
89640,89.64,24.9082823,1.81111133
89650,89.65,24.9212451,1.80899774
89660,89.66,24.9332289,1.80735368
89670,89.67,24.9458365,1.80551249
89680,89.68,24.9576491,1.80362467
89690,89.69,24.9712379,1.80164263
89700,89.7,24.9835433,1.79950306
89710,89.71,24.9975048,1.79780913
89720,89.72,25.0126163,1.7957961
89730,89.73,25.0277423,1.79359967
89740,89.74,25.0434465,1.79149119
89750,89.75,25.0593609,1.78952844
89760,89.76,25.0718905,1.78735229
89770,89.77,25.084275,1.7854194
89780,89.78,25.0963456,1.78347085
89790,89.79,25.1079304,1.78135238
89800,89.8,25.1195651,1.77933439
89810,89.81,25.1319806,1.77730147
89820,89.82,25.143784,1.77535786
89830,89.83,25.1572179,1.77322655
89840,89.84,25.1702847,1.77144633
89850,89.85,25.1834242,1.7693534
89860,89.86,25.1964631,1.7672067
89870,89.87,25.2091838,1.76531692
89880,89.88,25.2213956,1.76366013
89890,89.89,25.2337918,1.76183275
89900,89.9,25.2479794,1.75993139
89910,89.91,25.2604287,1.75799266
89920,89.92,25.273993,1.75608391
89930,89.93,25.288282,1.75388819
89940,89.94,25.3024299,1.75209657
89950,89.95,25.3161713,1.75018903
89960,89.96,25.330039,1.74860437
89970,89.97,25.3437449,1.74688651
89980,89.98,25.356978,1.74521502
89990,89.99,25.369739,1.74351964
90000,90,25.3813312,1.74166474
90010,90.01,25.3915002,1.73979962
90020,90.02,25.4015097,1.73774985
90030,90.03,25.4118571,1.73555958
90040,90.04,25.4227234,1.73374165
90050,90.05,25.4348979,1.73198308
90060,90.06,25.4468472,1.72985469
90070,90.07,25.4594369,1.72811642
90080,90.08,25.4716716,1.7263884
90090,90.09,25.4846456,1.72423612
90100,90.1,25.4981247,1.72245939
90110,90.11,25.5126734,1.72073876
90120,90.12,25.5282315,1.71945958
90130,90.13,25.5448529,1.71784174
90140,90.14,25.5615782,1.71614059
90150,90.15,25.5788903,1.71443364
90160,90.16,25.5967361,1.71261058
90170,90.17,25.6133953,1.71093089
90180,90.18,25.6290996,1.70924776
90190,90.19,25.644568,1.70685447
90200,90.2,25.6614697,1.70466462
90210,90.21,25.6789083,1.70272951
90220,90.22,25.6965932,1.70098165
90230,90.23,25.7137192,1.69935968
90240,90.24,25.729887,1.69808996
90250,90.25,25.7478886,1.69678994
90260,90.26,25.7663771,1.69502783
90270,90.27,25.7859932,1.6936231
90280,90.28,25.8057235,1.69240487
90290,90.29,25.8247329,1.69108968
90300,90.3,25.8423732,1.68964601
90310,90.31,25.859552,1.68801884
90320,90.32,25.8760013,1.68659173
90330,90.33,25.8924848,1.68519695
90340,90.34,25.9081648,1.6842218
90350,90.35,25.9229937,1.68274098
90360,90.36,25.9390625,1.68161669
90370,90.37,25.9547315,1.68090228
90380,90.38,25.970996,1.68018468
90390,90.39,25.9871879,1.67938184
90400,90.4,26.0027227,1.67884447
90410,90.41,26.0176619,1.67798067
90420,90.42,26.0329941,1.6768374
90430,90.43,26.0492793,1.67647037
90440,90.44,26.0663599,1.67583511
90450,90.45,26.084114,1.6753355
90460,90.46,26.1004763,1.67471051
90470,90.47,26.117536,1.67416814
90480,90.48,26.1334111,1.67375885
90490,90.49,26.1490184,1.67355233
90500,90.5,26.1634766,1.67311213
90510,90.51,26.17782,1.67234171
90520,90.52,26.1928518,1.67195297
90530,90.53,26.2082514,1.67155466
90540,90.54,26.2240002,1.67082879
90550,90.55,26.2407606,1.6702182
90560,90.56,26.2593009,1.66977614
90570,90.57,26.2764624,1.66906601
90580,90.58,26.2947838,1.6682517
90590,90.59,26.3130223,1.66751158
90600,90.6,26.3309115,1.66681413
90610,90.61,26.3495375,1.66625424
90620,90.62,26.3690485,1.66551322
90630,90.63,26.3877883,1.66450056
90640,90.64,26.4044897,1.66314809
90650,90.65,26.4206831,1.66186623
90660,90.66,26.4371507,1.66080609
90670,90.67,26.4536298,1.65937773
90680,90.68,26.4720513,1.65810789
90690,90.69,26.4900889,1.65640984
90700,90.7,26.5061897,1.65475784
90710,90.71,26.5228192,1.65303856
90720,90.72,26.5405215,1.6514443
90730,90.73,26.5582728,1.64976679
90740,90.74,26.5757548,1.64836921
90750,90.75,26.5937149,1.64667582
90760,90.76,26.6125042,1.64520186
90770,90.77,26.6299863,1.6435677
90780,90.78,26.6459667,1.64208222
90790,90.79,26.6618895,1.64072404
90800,90.8,26.6772181,1.63921454
90810,90.81,26.6928759,1.63737229
90820,90.82,26.7099727,1.63575081
90830,90.83,26.7261062,1.6343107
90840,90.84,26.7419487,1.63253175
90850,90.85,26.7571717,1.63104404
90860,90.86,26.7719798,1.62939988
90870,90.87,26.7872958,1.62779123
90880,90.88,26.8033432,1.62608088
90890,90.89,26.8194716,1.62412768
90900,90.9,26.8349709,1.62197425
90910,90.91,26.8506571,1.61941137
90920,90.92,26.8664888,1.61712229
90930,90.93,26.8820384,1.61517916
90940,90.94,26.8978317,1.61341292
90950,90.95,26.9122801,1.61164417
90960,90.96,26.9260262,1.60944794
90970,90.97,26.9381476,1.60750752
90980,90.98,26.9498714,1.60566881
90990,90.99,26.9618454,1.6039016
91000,91,26.9723872,1.60230506
91010,91.01,26.9811604,1.60083358
91020,91.02,26.9910198,1.59929675
91030,91.03,27.0000137,1.59791435
91040,91.04,27.0093967,1.59626983
91050,91.05,27.019702,1.59427126
91060,91.06,27.0311645,1.59235705
91070,91.07,27.0415414,1.59044442
91080,91.08,27.0530251,1.58828957
91090,91.09,27.0654378,1.58635014
91100,91.1,27.0787392,1.58458426
91110,91.11,27.0934393,1.58316694
91120,91.12,27.1086862,1.58159854
91130,91.13,27.1239336,1.5801243
91140,91.14,27.1390856,1.57861583
91150,91.15,27.1531096,1.57704423
91160,91.16,27.1660571,1.57518798
91170,91.17,27.1781675,1.57329302
91180,91.18,27.1905756,1.57153697
91190,91.19,27.201301,1.56970552
91200,91.2,27.2116531,1.56795215
91210,91.21,27.2229312,1.56604786
91220,91.22,27.2339084,1.56435228
91230,91.23,27.2446061,1.56231027
91240,91.24,27.2539601,1.56008926
91250,91.25,27.2644589,1.55791596
91260,91.26,27.2751249,1.55541757
91270,91.27,27.2847792,1.55295668
91280,91.28,27.2935913,1.55037266
91290,91.29,27.3039779,1.54787908
91300,91.3,27.3149713,1.54536608
91310,91.31,27.3271811,1.54297492
91320,91.32,27.3381532,1.54043698
91330,91.33,27.3507489,1.53805957
91340,91.34,27.3648626,1.53565061
91350,91.35,27.3784268,1.5333755
91360,91.36,27.3911609,1.53076143
91370,91.37,27.4034281,1.52850763
91380,91.38,27.4144774,1.52626407
91390,91.39,27.4250897,1.52428409
91400,91.4,27.4361965,1.52266754
91410,91.41,27.4469798,1.52078404
91420,91.42,27.4569039,1.51870388
91430,91.43,27.4679755,1.51729997
91440,91.44,27.477959,1.51575434
91450,91.45,27.4870715,1.51399368
91460,91.46,27.4970945,1.51218475
91470,91.47,27.5068081,1.51025724
91480,91.48,27.5157837,1.50811931
91490,91.49,27.5252967,1.50590616
91500,91.5,27.534999,1.50387617
91510,91.51,27.5460099,1.50213429
91520,91.52,27.557142,1.50021717
91530,91.53,27.5690783,1.49861828
91540,91.54,27.5822371,1.49682051
91550,91.55,27.5967571,1.49550719
91560,91.56,27.6111606,1.49450705
91570,91.57,27.6251624,1.49306459
91580,91.58,27.638576,1.49172343
91590,91.59,27.651687,1.49034286
91600,91.6,27.6652139,1.48891492
91610,91.61,27.6785561,1.48753333
91620,91.62,27.6927768,1.48593376
91630,91.63,27.7078467,1.48417023
91640,91.64,27.7213671,1.48246113
91650,91.65,27.7348716,1.48071094
91660,91.66,27.7477038,1.47861191
91670,91.67,27.7610267,1.47665393
91680,91.68,27.7731714,1.47450052
91690,91.69,27.7855417,1.47273798
91700,91.7,27.7978336,1.47136361
91710,91.71,27.8096374,1.4696254
91720,91.72,27.8208522,1.46779222
91730,91.73,27.8314382,1.46589489
91740,91.74,27.8418289,1.46407728
91750,91.75,27.8527255,1.46220372
91760,91.76,27.8640996,1.46033699
91770,91.77,27.8759468,1.45895896
91780,91.78,27.8894239,1.45739347
91790,91.79,27.9034615,1.45598256
91800,91.8,27.9173237,1.454553
91810,91.81,27.9299354,1.45292044
91820,91.82,27.9411974,1.45136648
91830,91.83,27.9504873,1.44982827
91840,91.84,27.9600499,1.44823151
91850,91.85,27.9703181,1.44669472
91860,91.86,27.982036,1.44512681
91870,91.87,27.9933618,1.44391946
91880,91.88,28.006834,1.44242086
91890,91.89,28.0199398,1.44084104
91900,91.9,28.0320671,1.43901725
91910,91.91,28.0449001,1.43694141
91920,91.92,28.0570854,1.43515732
91930,91.93,28.0690406,1.43272754
91940,91.94,28.0817045,1.43048056
91950,91.95,28.0962834,1.42850586
91960,91.96,28.1112016,1.42664605
91970,91.97,28.1251212,1.42432461
91980,91.98,28.1375005,1.42218128
91990,91.99,28.1515284,1.41985441
92000,92,28.1633015,1.41745702
92010,92.01,28.1742518,1.41541066
92020,92.02,28.1852961,1.4133035
92030,92.03,28.1965208,1.41104074
92040,92.04,28.2084181,1.40900135
92050,92.05,28.221237,1.40695353
92060,92.06,28.2318303,1.40474383
92070,92.07,28.2437623,1.40241026
92080,92.08,28.2552748,1.40044817
92090,92.09,28.2648893,1.39840485
92100,92.1,28.2759938,1.39644713
92110,92.11,28.2887034,1.39443832
92120,92.12,28.3040473,1.39309902
92130,92.13,28.3191788,1.39154854
92140,92.14,28.332107,1.38999896
92150,92.15,28.3440854,1.38813777
92160,92.16,28.3559065,1.38595468
92170,92.17,28.3697383,1.38411069
92180,92.18,28.3838428,1.38216899
92190,92.19,28.3981808,1.38027038
92200,92.2,28.4131942,1.37830819
92210,92.21,28.4284686,1.37627267
92220,92.22,28.4435541,1.37449867
92230,92.23,28.4596143,1.37301191
92240,92.24,28.4751853,1.37169351
92250,92.25,28.4906321,1.37038592
92260,92.26,28.5050867,1.36910443
92270,92.27,28.5172439,1.36782246
92280,92.28,28.5284482,1.36637974
92290,92.29,28.5422803,1.36500326
92300,92.3,28.5578217,1.36375684
92310,92.31,28.5752182,1.36220466
92320,92.32,28.5918873,1.36055511
92330,92.33,28.6092039,1.35869764
92340,92.34,28.6269276,1.35673017
92350,92.35,28.6454873,1.35416723
92360,92.36,28.6614661,1.3516127
92370,92.37,28.6788046,1.3488385
92380,92.38,28.6965387,1.34586774
92390,92.39,28.7163634,1.34283628
92400,92.4,28.7349629,1.34007742
92410,92.41,28.7547118,1.33719964
92420,92.42,28.7736218,1.33487195
92430,92.43,28.7950431,1.33226337
92440,92.44,28.8159721,1.32950567
92450,92.45,28.8370633,1.32673769
92460,92.46,28.8585094,1.32363961
92470,92.47,28.8804675,1.32035841
92480,92.48,28.9043735,1.31723989
92490,92.49,28.9279327,1.31378493
92500,92.5,28.9520602,1.31057268
92510,92.51,28.9756473,1.307384
92520,92.52,28.9995576,1.30427159
92530,92.53,29.0225404,1.30112757
92540,92.54,29.0438575,1.2980423
92550,92.55,29.0644645,1.29476881
92560,92.56,29.0829759,1.29109911
92570,92.57,29.0985382,1.28743462
92580,92.58,29.1137603,1.28398217
92590,92.59,29.1300681,1.28136353
92600,92.6,29.1450622,1.27857323
92610,92.61,29.1612223,1.27581472
92620,92.62,29.1777456,1.27323484
92630,92.63,29.1952681,1.27052216
92640,92.64,29.2125543,1.26777168
92650,92.65,29.2302982,1.26486762
92660,92.66,29.2486313,1.2619837
92670,92.67,29.2673955,1.25909511
92680,92.68,29.2856127,1.25621699
92690,92.69,29.3040804,1.25320548
92700,92.7,29.3230177,1.24986692
92710,92.71,29.3411107,1.24600896
92720,92.72,29.3589495,1.24229457
92730,92.73,29.3778961,1.2387474
92740,92.74,29.3970041,1.23525423
92750,92.75,29.4168575,1.23149117
92760,92.76,29.4367109,1.22752245
92770,92.77,29.4579514,1.22370108
92780,92.78,29.480225,1.22013585
92790,92.79,29.5008558,1.21670359
92800,92.8,29.5232993,1.21324024
92810,92.81,29.5457109,1.21009197
92820,92.82,29.5691232,1.20679032
92830,92.83,29.5926733,1.20344299
92840,92.84,29.6151552,1.20016496
92850,92.85,29.6370988,1.19709496
92860,92.86,29.6594423,1.19392938
92870,92.87,29.6809292,1.19056441
92880,92.88,29.7006694,1.18750399
92890,92.89,29.7186966,1.18472424
92900,92.9,29.7373567,1.1820148
92910,92.91,29.7558441,1.17961257
92920,92.92,29.7737188,1.17752481
92930,92.93,29.7931408,1.17600822
92940,92.94,29.8137086,1.17413414
92950,92.95,29.834762,1.17195152
92960,92.96,29.8540078,1.17034799
92970,92.97,29.8727341,1.16831659
92980,92.98,29.8910663,1.16657729
92990,92.99,29.9089498,1.16509988
93000,93,29.9273861,1.16378778
93010,93.01,29.9440183,1.16245455
93020,93.02,29.9620588,1.16124571
93030,93.03,29.9798766,1.15990147
93040,93.04,29.9980034,1.15827413
93050,93.05,30.0154729,1.1563834
93060,93.06,30.0336749,1.15427783
93070,93.07,30.0506918,1.1524587
93080,93.08,30.0658112,1.15074748
93090,93.09,30.0808102,1.14896065
93100,93.1,30.0956238,1.1471652
93110,93.11,30.1098347,1.14540873
93120,93.12,30.1238101,1.14337524
93130,93.13,30.1389415,1.14148477
93140,93.14,30.152691,1.13952968
93150,93.15,30.1683351,1.13783212
93160,93.16,30.1840959,1.13601675
93170,93.17,30.1985655,1.13462169
93180,93.18,30.2123554,1.13318232
93190,93.19,30.224662,1.13204457
93200,93.2,30.2382153,1.13098747
93210,93.21,30.2493732,1.12949128
93220,93.22,30.2614067,1.12793021
93230,93.23,30.2749918,1.12669851
93240,93.24,30.2904385,1.12515067
93250,93.25,30.3077741,1.12389312
93260,93.26,30.3256171,1.12220623
93270,93.27,30.3416753,1.12040735
93280,93.28,30.3587584,1.11860164
93290,93.29,30.3756271,1.11647595
93300,93.3,30.3951035,1.1144963
93310,93.31,30.4135883,1.11272519
93320,93.32,30.4304788,1.11097293
93330,93.33,30.4458707,1.10926466
93340,93.34,30.4629616,1.10759492
93350,93.35,30.4792379,1.10657432
93360,93.36,30.4943467,1.10513887
93370,93.37,30.5116312,1.1037585
93380,93.38,30.5267121,1.10235302
93390,93.39,30.5419922,1.10076204
93400,93.4,30.5576554,1.09930228
93410,93.41,30.5738526,1.09809731
93420,93.42,30.5873207,1.0966942
93430,93.43,30.6017962,1.09510187
93440,93.44,30.6155793,1.09385444
93450,93.45,30.6292147,1.09271404
93460,93.46,30.642589,1.09141012
93470,93.47,30.6538812,1.09027001
93480,93.48,30.6636971,1.08886255
93490,93.49,30.6741048,1.0874324
93500,93.5,30.6838906,1.08552815
93510,93.51,30.6932714,1.08399063
93520,93.52,30.7014115,1.08208766
93530,93.53,30.7095534,1.07991688
93540,93.54,30.7174768,1.07764331
93550,93.55,30.7273488,1.07572459
93560,93.56,30.739058,1.07415668
93570,93.57,30.7507851,1.07249429
93580,93.58,30.7626107,1.07032345
93590,93.59,30.7721038,1.06794033
93600,93.6,30.7820526,1.06609224
93610,93.61,30.7890939,1.06398993
93620,93.62,30.7988569,1.06179111
93630,93.63,30.8101787,1.05995396
93640,93.64,30.8184387,1.05773249
93650,93.65,30.825646,1.05594508
93660,93.66,30.8323268,1.05370999
93670,93.67,30.8386355,1.05172554
93680,93.68,30.8441231,1.05003492
93690,93.69,30.8476847,1.04835522
93700,93.7,30.8530082,1.0470268
93710,93.71,30.8574138,1.04567563
93720,93.72,30.8618756,1.04419173
93730,93.73,30.8639122,1.04304117
93740,93.74,30.8654804,1.04262326
93750,93.75,30.8681545,1.04222911
93760,93.76,30.8713894,1.04138367
93770,93.77,30.8748721,1.04135596
93780,93.78,30.878109,1.04140134
93790,93.79,30.8830906,1.04132854
93800,93.8,30.8877733,1.04128474
93810,93.81,30.8908104,1.04164227
93820,93.82,30.8923246,1.04197035
93830,93.83,30.893162,1.04192246
93840,93.84,30.8928526,1.04118417
93850,93.85,30.8903512,1.04055147
93860,93.86,30.8868407,1.04030947
93870,93.87,30.8847897,1.04000899
93880,93.88,30.8854032,1.03963141
93890,93.89,30.8851257,1.03901982
93900,93.9,30.8839769,1.03841891
93910,93.91,30.8826372,1.03823077
93920,93.92,30.8816725,1.03794661
93930,93.93,30.880119,1.0377789
93940,93.94,30.8791478,1.03808252
93950,93.95,30.8787784,1.03858688
93960,93.96,30.8788655,1.03872568
93970,93.97,30.8748883,1.03908588
93980,93.98,30.8721456,1.03883445
93990,93.99,30.8699236,1.03820111
94000,94,30.8667843,1.03718187
94010,94.01,30.8639385,1.03625006
94020,94.02,30.8613274,1.03534293
94030,94.03,30.8571595,1.0342582
94040,94.04,30.8532737,1.03289285
94050,94.05,30.8496648,1.03171888
94060,94.06,30.8464788,1.03014752
94070,94.07,30.8406796,1.02851931
94080,94.08,30.8328876,1.02718364
94090,94.09,30.8248588,1.02588678
94100,94.1,30.8192486,1.02508521
94110,94.11,30.8142134,1.02445825
94120,94.12,30.8097001,1.02366229
94130,94.13,30.808688,1.02272171
94140,94.14,30.8035262,1.022183
94150,94.15,30.7989383,1.0209653
94160,94.16,30.7953409,1.01994539
94170,94.17,30.7933773,1.01952996
94180,94.18,30.7896405,1.01938193
94190,94.19,30.7882843,1.018978
94200,94.2,30.7890119,1.01829182
94210,94.21,30.7906426,1.01778838
94220,94.22,30.7931108,1.01684278
94230,94.23,30.7931753,1.01545711
94240,94.24,30.795565,1.01343878
94250,94.25,30.7973877,1.01148689
94260,94.26,30.7994528,1.00982268
94270,94.27,30.8024352,1.00812747
94280,94.28,30.8027594,1.00667466
94290,94.29,30.801651,1.00520676
94300,94.3,30.8029702,1.00361564
94310,94.31,30.8030834,1.00209714
94320,94.32,30.8025758,1.00077734
94330,94.33,30.8006975,1.00002488
94340,94.34,30.7977151,0.999285225
94350,94.35,30.7955764,0.998440339
94360,94.36,30.792012,0.997342875
94370,94.37,30.7902043,0.996885695
94380,94.38,30.7903852,0.996737311
94390,94.39,30.7888377,0.996597744
94400,94.4,30.788511,0.996565148
94410,94.41,30.7899821,0.996491902
94420,94.42,30.79141,0.996342152
94430,94.43,30.7938032,0.995231372
94440,94.44,30.7949284,0.993867207
94450,94.45,30.7980036,0.992685284
94460,94.46,30.8012892,0.991673838
94470,94.47,30.8074207,0.990331399
94480,94.48,30.8114153,0.989610542
94490,94.49,30.8157333,0.98914637
94500,94.5,30.8216618,0.988920504
94510,94.51,30.8278637,0.988884236
94520,94.52,30.8334691,0.989146093
94530,94.53,30.8420407,0.989884968
94540,94.54,30.8502802,0.990060567
94550,94.55,30.8597034,0.990989532
94560,94.56,30.8713478,0.9919286
94570,94.57,30.8837148,0.992012278
94580,94.58,30.8992131,0.992327555
94590,94.59,30.9148986,0.99229509
94600,94.6,30.9281978,0.992355011
94610,94.61,30.9415792,0.99211663
94620,94.62,30.9558339,0.992365457
94630,94.63,30.9704251,0.992205323
94640,94.64,30.9862542,0.991837761
94650,94.65,31.0014373,0.99156968
94660,94.66,31.0141786,0.991386718
94670,94.67,31.0257375,0.991997255
94680,94.68,31.0387811,0.99248518
94690,94.69,31.0566794,0.992895033
94700,94.7,31.0746861,0.993491874
94710,94.71,31.0910707,0.994182229
94720,94.72,31.1057394,0.99474321
94730,94.73,31.1195819,0.995554375
94740,94.74,31.1349675,0.996566935
94750,94.75,31.148806,0.997617089
94760,94.76,31.1631179,0.998921484
94770,94.77,31.1752161,0.99980104
94780,94.78,31.1873525,1.00045302
94790,94.79,31.1990465,1.0007985
94800,94.8,31.2093159,1.00110672
94810,94.81,31.217905,1.0007418
94820,94.82,31.2296693,1.00063706
94830,94.83,31.2407508,1.00099439
94840,94.84,31.2519014,1.00122976
94850,94.85,31.2660681,1.00173328
94860,94.86,31.278919,1.00253615
94870,94.87,31.2910545,1.00334832
94880,94.88,31.3032296,1.00394264
94890,94.89,31.3192201,1.00440289
94900,94.9,31.3351472,1.00432739
94910,94.91,31.3529081,1.00424032
94920,94.92,31.3712219,1.00361342
94930,94.93,31.3918559,1.00277681
94940,94.94,31.4130887,1.00232955
94950,94.95,31.4356887,1.00218918
94960,94.96,31.4573089,1.00265441
94970,94.97,31.4787854,1.00286485
94980,94.98,31.5016436,1.00326953
94990,94.99,31.5258063,1.00301105
95000,95,31.5495875,1.00246215
95010,95.01,31.5742416,1.00252155
95020,95.02,31.5954023,1.00277551
95030,95.03,31.6134004,1.00344525
95040,95.04,31.6294138,1.00387183
95050,95.05,31.6459667,1.00424239
95060,95.06,31.6618428,1.00518847
95070,95.07,31.6773569,1.00622554
95080,95.08,31.6922255,1.00739782
95090,95.09,31.706761,1.00889829
95100,95.1,31.7189018,1.00996714
95110,95.11,31.7316397,1.0113635
95120,95.12,31.7424664,1.01246635
95130,95.13,31.7544032,1.01376704
95140,95.14,31.7693967,1.01473919
95150,95.15,31.7803272,1.01540265
95160,95.16,31.7875099,1.01614644
95170,95.17,31.7954184,1.01677447
95180,95.18,31.8047466,1.01786076
95190,95.19,31.8131659,1.01852743
95200,95.2,31.8258719,1.01930557
95210,95.21,31.8404947,1.01970355
95220,95.22,31.8595463,1.02007581
95230,95.23,31.8768625,1.02014928
95240,95.24,31.8970155,1.01991984
95250,95.25,31.919259,1.01942194
95260,95.26,31.9389155,1.0182786
95270,95.27,31.9583571,1.01761058
95280,95.28,31.9752525,1.01652907
95290,95.29,31.9917461,1.01565583
95300,95.3,32.0093132,1.01427158
95310,95.31,32.0283731,1.01309466
95320,95.32,32.0437422,1.01129617
95330,95.33,32.0572669,1.00935986
95340,95.34,32.0714446,1.00801723
95350,95.35,32.0872917,1.00662062
95360,95.36,32.1034121,1.00481788
95370,95.37,32.1213723,1.00336863
95380,95.38,32.1430301,1.00239746
95390,95.39,32.1658376,1.00164822
95400,95.4,32.1884469,1.00155891
95410,95.41,32.2124103,1.00126248
95420,95.42,32.2372739,1.00135919
95430,95.43,32.2630947,1.00108938
95440,95.44,32.2863083,1.00045415
95450,95.45,32.3094459,0.999002185
95460,95.46,32.3355211,0.997832253
95470,95.47,32.3632009,0.996518859
95480,95.48,32.3916662,0.994893909
95490,95.49,32.4212504,0.993496959
95500,95.5,32.4491269,0.992208861
95510,95.51,32.4747849,0.990544223
95520,95.52,32.4990846,0.988929884
95530,95.53,32.5208139,0.987436144
95540,95.54,32.5414509,0.985720989
95550,95.55,32.5618776,0.98371945
95560,95.56,32.5788673,0.981797746
95570,95.57,32.5989522,0.980224602
95580,95.58,32.6172031,0.9787686
95590,95.59,32.6353152,0.977182469
95600,95.6,32.6544377,0.975327331
95610,95.61,32.6756795,0.972841846
95620,95.62,32.6971712,0.970695103
95630,95.63,32.7177988,0.968200921
95640,95.64,32.7423183,0.96564027
95650,95.65,32.7662844,0.963329488
95660,95.66,32.788185,0.960980861
95670,95.67,32.8122051,0.959186056
95680,95.68,32.8339897,0.957452059
95690,95.69,32.8537748,0.955274421
95700,95.7,32.872842,0.95245158
95710,95.71,32.8919351,0.949893506
95720,95.72,32.9113687,0.947499307
95730,95.73,32.9306493,0.94517693
95740,95.74,32.9497769,0.943213458
95750,95.75,32.9715679,0.941192316
95760,95.76,32.9958103,0.939369427
95770,95.77,33.0175759,0.93745455
95780,95.78,33.0400659,0.936096745
95790,95.79,33.0596378,0.934901261
95800,95.8,33.079884,0.934427455
95810,95.81,33.100404,0.934131145
95820,95.82,33.1206997,0.933971578
95830,95.83,33.1391638,0.933962805
95840,95.84,33.1578745,0.933685637
95850,95.85,33.1731726,0.933175529
95860,95.86,33.1900713,0.932088827
95870,95.87,33.2050893,0.930753147
95880,95.88,33.2248996,0.929600557
95890,95.89,33.2428583,0.928858305
95900,95.9,33.2628697,0.927646254
95910,95.91,33.2838368,0.925972409
95920,95.92,33.3054132,0.924345519
95930,95.93,33.3287817,0.922901334
95940,95.94,33.3528251,0.921287068
95950,95.95,33.3754063,0.919414467
95960,95.96,33.3962996,0.91774631
95970,95.97,33.4193483,0.916237287
95980,95.98,33.442371,0.914077379
95990,95.99,33.4667144,0.911660454
96000,96,33.4885485,0.909454798
96010,96.01,33.5113187,0.907207035
96020,96.02,33.5345201,0.905500167
96030,96.03,33.5558662,0.903608292
96040,96.04,33.5779158,0.901194103
96050,96.05,33.5976262,0.898587103
96060,96.06,33.6150627,0.895493067
96070,96.07,33.6320244,0.891628844
96080,96.08,33.6509743,0.88802127
96090,96.09,33.6701692,0.884879963
96100,96.1,33.6895675,0.881379699
96110,96.11,33.7118102,0.877864255
96120,96.12,33.73459,0.874139237
96130,96.13,33.7581405,0.870437341
96140,96.14,33.7799628,0.866311634
96150,96.15,33.8070788,0.862349621
96160,96.16,33.8361364,0.858414814
96170,96.17,33.8618324,0.853932093
96180,96.18,33.885849,0.84942726
96190,96.19,33.9096124,0.844994485
96200,96.2,33.9305013,0.840398107
96210,96.21,33.9491537,0.835305171
96220,96.22,33.9636729,0.830146743
96230,96.23,33.9796018,0.825088763
96240,96.24,33.9960851,0.820034917
96250,96.25,34.0094522,0.815065026
96260,96.26,34.0247487,0.809674303
96270,96.27,34.0399755,0.80415226
96280,96.28,34.0571302,0.798727628
96290,96.29,34.0747516,0.793568934
96300,96.3,34.0926759,0.788439808
96310,96.31,34.1130998,0.782488232
96320,96.32,34.1338826,0.777118635
96330,96.33,34.1587231,0.772124484
96340,96.34,34.1859359,0.767186416
96350,96.35,34.2107471,0.762802416
96360,96.36,34.2298952,0.758498977
96370,96.37,34.2526469,0.754343041
96380,96.38,34.2727771,0.75018724
96390,96.39,34.2916343,0.745879364
96400,96.4,34.3144314,0.741874742
96410,96.41,34.3349636,0.738182056
96420,96.42,34.3549281,0.73484665
96430,96.43,34.3707975,0.731523378
96440,96.44,34.3937754,0.728171109
96450,96.45,34.4169127,0.724858761
96460,96.46,34.4349661,0.721088506
96470,96.47,34.4522153,0.717169304
96480,96.48,34.4715342,0.71346686
96490,96.49,34.4920898,0.709434932
96500,96.5,34.5113726,0.705956602
96510,96.51,34.5316791,0.702261429
96520,96.52,34.5514705,0.69928842
96530,96.53,34.574924,0.696853459
96540,96.54,34.5961949,0.693805916
96550,96.55,34.6141582,0.691192759
96560,96.56,34.6347623,0.688362162
96570,96.57,34.6574073,0.68635283
96580,96.58,34.6786861,0.684250014
96590,96.59,34.6999983,0.681598914
96600,96.6,34.7167576,0.67853897
96610,96.61,34.7304475,0.675451107
96620,96.62,34.7449557,0.672755766
96630,96.63,34.7576581,0.670478357
96640,96.64,34.771788,0.668983057
96650,96.65,34.7852972,0.66663604
96660,96.66,34.7997896,0.66441588
96670,96.67,34.8147297,0.662083637
96680,96.68,34.8238179,0.659674206
96690,96.69,34.8275395,0.656495406
96700,96.7,34.8316447,0.653058382
96710,96.71,34.8357393,0.650534852
96720,96.72,34.8364606,0.648520053
96730,96.73,34.8430397,0.646514309
96740,96.74,34.8463257,0.644792696
96750,96.75,34.8496489,0.643141012
96760,96.76,34.8538849,0.642088697
96770,96.77,34.8567984,0.640299907
96780,96.78,34.860073,0.638468688
96790,96.79,34.8655924,0.636864817
96800,96.8,34.8707566,0.634684998
96810,96.81,34.8727384,0.632333468
96820,96.82,34.8742181,0.630534449
96830,96.83,34.8768425,0.629308628
96840,96.84,34.8788553,0.629217124
96850,96.85,34.8854151,0.628696518
96860,96.86,34.8874519,0.628230088
96870,96.87,34.8880558,0.627363242
96880,96.88,34.8890667,0.62583383
96890,96.89,34.8906484,0.624159025
96900,96.9,34.8929013,0.623055234
96910,96.91,34.8938907,0.621805442
96920,96.92,34.8988159,0.620749932
96930,96.93,34.8982445,0.619390133
96940,96.94,34.9019773,0.618254256
96950,96.95,34.9003655,0.616614515
96960,96.96,34.8976551,0.615382125
96970,96.97,34.8902909,0.615054823
96980,96.98,34.8773813,0.614959661
96990,96.99,34.866702,0.615112061
97000,97,34.8522574,0.614733852
97010,97.01,34.8391988,0.614623984
97020,97.02,34.832367,0.614486189
97030,97.03,34.8253645,0.614700551
97040,97.04,34.8206091,0.615536742
97050,97.05,34.8175668,0.616026927
97060,97.06,34.8160317,0.615722829
97070,97.07,34.8163736,0.615875828
97080,97.08,34.8206818,0.615916449
97090,97.09,34.8218742,0.615618588
97100,97.1,34.8253774,0.615125749
97110,97.11,34.8358894,0.614209779
97120,97.12,34.8445938,0.612692901
97130,97.13,34.8582988,0.611017773
97140,97.14,34.8752683,0.61045069
97150,97.15,34.8945843,0.610244013
97160,97.16,34.919994,0.610534924
97170,97.17,34.9413404,0.610708865
97180,97.18,34.9589944,0.611293712
97190,97.19,34.9784149,0.611807068
97200,97.2,34.9994742,0.611767995
97210,97.21,35.0166612,0.611392177
97220,97.22,35.0269372,0.61035431
97230,97.23,35.0383328,0.609547432
97240,97.24,35.0495525,0.608685726
97250,97.25,35.0589513,0.607955237
97260,97.26,35.06765,0.607312971
97270,97.27,35.0819597,0.606032947
97280,97.28,35.0940822,0.604935154
97290,97.29,35.0989694,0.603814362
97300,97.3,35.0959753,0.602328315
97310,97.31,35.0979088,0.601156309
97320,97.32,35.0995719,0.599925911
97330,97.33,35.0975253,0.599405191
97340,97.34,35.0985251,0.599318252
97350,97.35,35.1026219,0.600131471
97360,97.36,35.105166,0.600732085
97370,97.37,35.110013,0.599982775
97380,97.38,35.1205032,0.599300745
97390,97.39,35.1322946,0.598678187
97400,97.4,35.1398446,0.597382604
97410,97.41,35.1419232,0.59584762
97420,97.42,35.1419842,0.594895827
97430,97.43,35.1445179,0.593802588
97440,97.44,35.1553522,0.593031247
97450,97.45,35.1657231,0.592246881
97460,97.46,35.1737455,0.590826098
97470,97.47,35.1799296,0.589473025
97480,97.48,35.193693,0.588261822
97490,97.49,35.2102572,0.58689432
97500,97.5,35.2283461,0.585684084
97510,97.51,35.2473802,0.584271502
97520,97.52,35.2648223,0.583475779
97530,97.53,35.2828044,0.582949453
97540,97.54,35.2973463,0.582880354
97550,97.55,35.313204,0.582411697
97560,97.56,35.3300894,0.582032688
97570,97.57,35.3437981,0.581035301
97580,97.58,35.3583509,0.58001331
97590,97.59,35.3676075,0.579693536
97600,97.6,35.3757009,0.579181526
97610,97.61,35.3834137,0.578632292
97620,97.62,35.3969074,0.578549306
97630,97.63,35.4119746,0.578646974
97640,97.64,35.4306909,0.578502941
97650,97.65,35.4572807,0.578781995
97660,97.66,35.4790257,0.57943294
97670,97.67,35.5027803,0.580533225
97680,97.68,35.5235562,0.581360711
97690,97.69,35.542297,0.582264208
97700,97.7,35.560923,0.582759983
97710,97.71,35.5743504,0.582704889
97720,97.72,35.5860191,0.582632629
97730,97.73,35.5978859,0.582327358
97740,97.74,35.616262,0.582009432
97750,97.75,35.6294975,0.582036424
97760,97.76,35.6449279,0.582707828
97770,97.77,35.6603279,0.583599236
97780,97.78,35.6746015,0.583840043
97790,97.79,35.6881494,0.584292471
97800,97.8,35.7040223,0.584602397
97810,97.81,35.7197588,0.585561796
97820,97.82,35.7365304,0.585471384
97830,97.83,35.753297,0.585933913
97840,97.84,35.770288,0.586159423
97850,97.85,35.7868325,0.586147643
97860,97.86,35.803988,0.587101824
97870,97.87,35.821492,0.587837798
97880,97.88,35.8352127,0.58886256
97890,97.89,35.8467531,0.590048661
97900,97.9,35.8611241,0.591381821
97910,97.91,35.8807903,0.592755643
97920,97.92,35.9033703,0.593988238
97930,97.93,35.9257151,0.595732341
97940,97.94,35.9567438,0.597773129
97950,97.95,35.9925695,0.599337722
97960,97.96,36.0263286,0.600539754
97970,97.97,36.061069,0.602016226
97980,97.98,36.0978375,0.60322891
97990,97.99,36.131669,0.60481025
98000,98,36.1617242,0.606374427
98010,98.01,36.1884064,0.60714714
98020,98.02,36.2164907,0.60790334
98030,98.03,36.2446641,0.60916485
98040,98.04,36.2742072,0.610400924
98050,98.05,36.3004262,0.611593332
98060,98.06,36.3284119,0.614010171
98070,98.07,36.3502287,0.615848871
98080,98.08,36.3669421,0.617520137
98090,98.09,36.3920133,0.619374989
98100,98.1,36.4097648,0.62186829
98110,98.11,36.4246728,0.623919439
98120,98.12,36.441209,0.625189721
98130,98.13,36.4472497,0.625826905
98140,98.14,36.4489976,0.626672374
98150,98.15,36.450295,0.627256753
98160,98.16,36.4529804,0.628183907
98170,98.17,36.4588416,0.628587814
98180,98.18,36.4683405,0.628582167
98190,98.19,36.477384,0.62954381
98200,98.2,36.488767,0.630802064
98210,98.21,36.496868,0.632215356
98220,98.22,36.5078509,0.633458105
98230,98.23,36.5104137,0.634941354
98240,98.24,36.5078321,0.636108593
98250,98.25,36.5098025,0.636541446
98260,98.26,36.5132155,0.63722039
98270,98.27,36.511486,0.638373195
98280,98.28,36.5036048,0.638667586
98290,98.29,36.492086,0.638663796
98300,98.3,36.4855802,0.639307875
98310,98.31,36.4833758,0.64052098
98320,98.32,36.4674071,0.640898874
98330,98.33,36.4443223,0.64072343
98340,98.34,36.4267939,0.64095111
98350,98.35,36.4185505,0.640013293
98360,98.36,36.4018042,0.639243414
98370,98.37,36.3898273,0.637964104
98380,98.38,36.3880952,0.635758059
98390,98.39,36.3912363,0.634111458
98400,98.4,36.3986324,0.632274727
98410,98.41,36.4087083,0.630425311
98420,98.42,36.4214496,0.628892834
98430,98.43,36.4416514,0.628261138
98440,98.44,36.4607258,0.628662366
98450,98.45,36.482828,0.628762238
98460,98.46,36.5130929,0.629103288
98470,98.47,36.5395112,0.629738409
98480,98.48,36.5558073,0.630465486
98490,98.49,36.5696098,0.630214769
98500,98.5,36.587069,0.63041024
98510,98.51,36.6104519,0.630843537
98520,98.52,36.6362526,0.630760126
98530,98.53,36.6729506,0.631910101
98540,98.54,36.7065954,0.634220621
98550,98.55,36.741559,0.636079009
98560,98.56,36.7769774,0.638568166
98570,98.57,36.8040801,0.640743264
98580,98.58,36.8303472,0.642698823
98590,98.59,36.8500552,0.644058728
98600,98.6,36.8699864,0.644987399
98610,98.61,36.8942851,0.643935319
98620,98.62,36.91264,0.643082003
98630,98.63,36.9328526,0.641012569
98640,98.64,36.9472598,0.640025425
98650,98.65,36.9441202,0.639209534
98660,98.66,36.9553919,0.637925149
98670,98.67,36.9623978,0.63664931
98680,98.68,36.9726259,0.635611415
98690,98.69,36.9992861,0.634571084
98700,98.7,37.0235851,0.635289018
98710,98.71,37.0472578,0.634781506
98720,98.72,37.0713563,0.63445768
98730,98.73,37.0924838,0.632912464
98740,98.74,37.1037126,0.632617101
98750,98.75,37.1173443,0.633174763
98760,98.76,37.1234748,0.633433409
98770,98.77,37.1307934,0.633135311
98780,98.78,37.1426244,0.634235252
98790,98.79,37.1471957,0.633964739
98800,98.8,37.1447088,0.633441906
98810,98.81,37.1411941,0.633484507
98820,98.82,37.1424411,0.633261925
98830,98.83,37.1442634,0.633976007
98840,98.84,37.1303413,0.635596659
98850,98.85,37.1178164,0.639100705
98860,98.86,37.1099228,0.64366929
98870,98.87,37.0926295,0.649510434
98880,98.88,37.0745812,0.654760738
98890,98.89,37.049713,0.660379519
98900,98.9,37.0296633,0.666766477
98910,98.91,37.0130732,0.673193077
98920,98.92,36.9824756,0.679467853
98930,98.93,36.9542147,0.686330569
98940,98.94,36.9173466,0.69301962
98950,98.95,36.8752346,0.700301347
98960,98.96,36.8301958,0.709775253
98970,98.97,36.7951351,0.718835526
98980,98.98,36.7557155,0.72858245
98990,98.99,36.731854,0.736222114
99000,99,36.7015697,0.743696931
99010,99.01,36.6433505,0.748394194
99020,99.02,36.5751558,0.755219692
99030,99.03,36.5037212,0.760282602
99040,99.04,36.4136646,0.766012617
99050,99.05,36.303969,0.771033771
99060,99.06,36.1807351,0.777043176
99070,99.07,36.0469706,0.786026166
99080,99.08,35.9189001,0.793794963
99090,99.09,35.8062277,0.802703027
99100,99.1,35.6924086,0.813160167
99110,99.11,35.5853689,0.823300365
99120,99.12,35.4704374,0.835202968
99130,99.13,35.3476373,0.845684662
99140,99.14,35.2336631,0.852598855
99150,99.15,35.1373986,0.859402208
99160,99.16,35.0328385,0.865547964
99170,99.17,34.9316028,0.871841998
99180,99.18,34.8467494,0.87986235
99190,99.19,34.7703411,0.886434794
99200,99.2,34.7089151,0.889900969
99210,99.21,34.6481854,0.894449954
99220,99.22,34.5791553,0.897953694
99230,99.23,34.5140255,0.902464998
99240,99.24,34.46251,0.908279215
99250,99.25,34.3968719,0.912365378
99260,99.26,34.3528638,0.915540416
99270,99.27,34.2930057,0.920382219
99280,99.28,34.2362307,0.922698515
99290,99.29,34.1843671,0.927132041
99300,99.3,34.1434585,0.931293431
99310,99.31,34.0828011,0.935243086
99320,99.32,34.018926,0.939820544
99330,99.33,33.9530446,0.946071108
99340,99.34,33.8948549,0.950408733
99350,99.35,33.8224513,0.956047043
99360,99.36,33.7616453,0.960155011
99370,99.37,33.6685867,0.963906872
99380,99.38,33.6198127,0.966067877
99390,99.39,33.5713223,0.964266979
99400,99.4,33.5336503,0.964149936
99410,99.41,33.4960231,0.965639157
99420,99.42,33.4593902,0.966222397
99430,99.43,33.4154737,0.966845768
99440,99.44,33.3636173,0.966480833
99450,99.45,33.3019072,0.963384523
99460,99.46,33.2578121,0.961518794
99470,99.47,33.2084415,0.958816412
99480,99.48,33.1484416,0.951828779
99490,99.49,33.0969075,0.944844368
99500,99.5,33.040129,0.941793057
99510,99.51,32.9911511,0.935130539
99520,99.52,32.9530374,0.931068547
99530,99.53,32.942686,0.927707279
99540,99.54,32.9405667,0.926317694
99550,99.55,32.9553507,0.923339731
99560,99.56,32.9992257,0.92214276
99570,99.57,33.0593106,0.917649124
99580,99.58,33.0865346,0.918437236
99590,99.59,33.0551768,0.91735538
99600,99.6,33.0500436,0.914404117
99610,99.61,33.0459546,0.913352611
99620,99.62,33.0721957,0.914410805
99630,99.63,33.1046646,0.916025366
99640,99.64,33.1715007,0.915927152
99650,99.65,33.2431041,0.911702521
99660,99.66,33.3324747,0.913257503
99670,99.67,33.415078,0.914145101
99680,99.68,33.4714409,0.912594072
99690,99.69,33.5499865,0.90799991
99700,99.7,33.6450283,0.907012907
99710,99.71,33.7730555,0.902746124
99720,99.72,33.934741,0.903044329
99730,99.73,34.0537463,0.900478909
99740,99.74,34.170271,0.903658109
99750,99.75,34.2639732,0.910833167
99760,99.76,34.3853372,0.917602236
99770,99.77,34.5639901,0.912947728
99780,99.78,34.6430031,0.905216771
99790,99.79,34.7914949,0.906089464
99800,99.8,35.0569212,0.923107139
99810,99.81,35.2528061,0.934828692
99820,99.82,35.4170844,0.939213826
99830,99.83,35.5987773,0.942775397
99840,99.84,35.7323372,0.9279949
99850,99.85,35.8547907,0.920981968
99860,99.86,36.0864183,0.916413074
99870,99.87,36.1276508,0.906399957
99880,99.88,36.2277204,0.905213459
99890,99.89,36.4147696,0.896298978
99900,99.9,36.6032885,0.896471692
99910,99.91,36.7003681,0.876779648
99920,99.92,36.7206745,0.878440836
99930,99.93,36.8328068,0.885993087
99940,99.94,36.834968,0.891948319
99950,99.95,36.7436995,0.919149948
99960,99.96,36.3470782,0.933227175
99970,99.97,35.5597869,0.946402959
99980,99.98,34.7343555,0.92506377
99990,99.99,33.8286916,0.95830916
100000,100,32.9539725,0.966522584
