time_ps,time_ns,msd_nm2,sem_nm2
0,0,0,0
0.001,1e-06,0.0092626427,0.000478484685
0.002,2e-06,0.0207432433,0.00119713584
0.003,3e-06,0.0315300135,0.00180837367
0.004,4e-06,0.0419672261,0.00234130793
0.005,5e-06,0.0522227999,0.00284324877
0.006,6e-06,0.0623312464,0.00331763812
0.007,7e-06,0.0722926766,0.00376807397
0.008,8e-06,0.0821373288,0.00421344948
0.009,9e-06,0.0919064642,0.00465411037
0.01,1e-05,0.101603325,0.00508904781
0.011,1.1e-05,0.111280365,0.00551702044
0.012,1.2e-05,0.120918047,0.00593022522
0.013,1.3e-05,0.130521687,0.00634031691
0.014,1.4e-05,0.140097397,0.00675173624
0.015,1.5e-05,0.149613266,0.00716879862
0.016,1.6e-05,0.159088255,0.00758455348
0.017,1.7e-05,0.168474273,0.00799814866
0.018,1.8e-05,0.177773045,0.00840763269
0.019,1.9e-05,0.187006135,0.00882656852
0.02,2e-05,0.196157511,0.00923849461
0.021,2.1e-05,0.205222193,0.00965082545
0.022,2.2e-05,0.21425026,0.0100748082
0.023,2.3e-05,0.223309549,0.0105017591
0.024,2.4e-05,0.232406306,0.0109248582
0.025,2.5e-05,0.241526541,0.0113416989
0.026,2.6e-05,0.250674763,0.0117450744
0.027,2.7e-05,0.259854718,0.0121466515
0.028,2.8e-05,0.26905778,0.0125523974
0.029,2.9e-05,0.278270855,0.012961795
0.03,3e-05,0.287491058,0.0133647465
0.031,3.1e-05,0.296765619,0.0137730095
0.032,3.2e-05,0.306092512,0.0142064814
0.033,3.3e-05,0.315489876,0.0146497669
0.034,3.4e-05,0.32490979,0.0150995139
0.035,3.5e-05,0.33436653,0.0155565871
0.036,3.6e-05,0.34388503,0.0160199757
0.037,3.7e-05,0.353468019,0.016490222
0.038,3.8e-05,0.363064606,0.0169709587
0.039,3.9e-05,0.372645944,0.0174573561
0.04,4e-05,0.382190287,0.0179426573
0.041,4.1e-05,0.391662796,0.0184233463
0.042,4.2e-05,0.401125567,0.018896768
0.043,4.3e-05,0.410610556,0.0193644294
0.044,4.4e-05,0.420144951,0.019837201
0.045,4.5e-05,0.42975763,0.0203104769
0.046,4.6e-05,0.439364972,0.0207771386
0.047,4.7e-05,0.448941711,0.021241733
0.048,4.8e-05,0.458482042,0.0217198949
0.049,4.9e-05,0.468053247,0.0221978047
0.05,5e-05,0.477615008,0.0226696187
0.051,5.1e-05,0.487183977,0.0231400043
0.052,5.2e-05,0.496725436,0.0236116963
0.053,5.3e-05,0.506239051,0.0241032013
0.054,5.4e-05,0.515714605,0.0246032824
0.055,5.5e-05,0.525132513,0.0250953374
0.056,5.6e-05,0.534513148,0.0255798015
0.057,5.7e-05,0.543835996,0.0260635462
0.058,5.8e-05,0.553149798,0.0265409211
0.059,5.9e-05,0.562442085,0.0270096566
0.06,6e-05,0.571725553,0.0274881949
0.061,6.1e-05,0.581027134,0.027975112
0.062,6.2e-05,0.590359819,0.0284512622
0.063,6.3e-05,0.599670746,0.0289231447
0.064,6.4e-05,0.608989806,0.029392314
0.065,6.5e-05,0.618323066,0.029865328
0.066,6.6e-05,0.627689228,0.0303457647
0.067,6.7e-05,0.637113952,0.0308379332
0.068,6.8e-05,0.646580245,0.0313489304
0.069,6.9e-05,0.656063954,0.0318718286
0.07,7e-05,0.665529822,0.0323783202
0.071,7.1e-05,0.67498275,0.0328781336
0.072,7.2e-05,0.684435555,0.0333750081
0.073,7.3e-05,0.693913506,0.0338691818
0.074,7.4e-05,0.703413656,0.0343533314
0.075,7.5e-05,0.712915136,0.0348413469
0.076,7.6e-05,0.72243857,0.0353401793
0.077,7.7e-05,0.731965802,0.0358468515
0.078,7.8e-05,0.741500142,0.0363530871
0.079,7.9e-05,0.751035932,0.0368623553
0.08,8e-05,0.760521887,0.0373714191
0.081,8.1e-05,0.770009567,0.037869097
0.082,8.2e-05,0.779517635,0.0383580079
0.083,8.3e-05,0.789034391,0.0388366437
0.084,8.4e-05,0.798551234,0.0393101999
0.085,8.5e-05,0.808059593,0.0397866971
0.086,8.6e-05,0.817572242,0.0402694231
0.087,8.7e-05,0.827124293,0.0407634963
0.088,8.8e-05,0.836731813,0.0412653732
0.089,8.9e-05,0.846333984,0.0417643397
0.09,9e-05,0.855939961,0.0422705584
0.091,9.1e-05,0.865499234,0.0427898656
0.092,9.2e-05,0.875117194,0.0433099233
0.093,9.3e-05,0.884757809,0.043822857
0.094,9.4e-05,0.894380392,0.0443230811
0.095,9.5e-05,0.903981791,0.0448220288
0.096,9.6e-05,0.913552363,0.0453178991
0.097,9.7e-05,0.923104712,0.0458246885
0.098,9.8e-05,0.932657319,0.0463429687
0.099,9.9e-05,0.942239579,0.0468640699
0.1,0.0001,0.951824924,0.047380276
0.101,0.000101,0.961391712,0.0478994375
0.102,0.000102,0.970930017,0.048424979
0.103,0.000103,0.980495671,0.048954032
0.104,0.000104,0.990070388,0.0494860564
0.105,0.000105,0.99966385,0.0500309498
0.106,0.000106,1.00924151,0.050574497
0.107,0.000107,1.01879228,0.0511099785
0.108,0.000108,1.02829569,0.0516523929
0.109,0.000109,1.03772085,0.0522051006
0.11,0.00011,1.04708848,0.0527492571
0.111,0.000111,1.05641307,0.0532931044
0.112,0.000112,1.0657871,0.0538396185
0.113,0.000113,1.07518926,0.0543760891
0.114,0.000114,1.08454056,0.0549030557
0.115,0.000115,1.0938904,0.0554240912
0.116,0.000116,1.10323698,0.0559411379
0.117,0.000117,1.11259069,0.05645058
0.118,0.000118,1.1219505,0.0569642764
0.119,0.000119,1.13130878,0.0574864078
0.12,0.00012,1.14072098,0.0580194211
0.121,0.000121,1.15018222,0.0585686636
0.122,0.000122,1.15970516,0.0591235429
0.123,0.000123,1.16919509,0.0596669567
0.124,0.000124,1.17863359,0.0602073721
0.125,0.000125,1.18806034,0.0607436051
0.126,0.000126,1.19752624,0.0612698245
0.127,0.000127,1.20702566,0.0617857265
0.128,0.000128,1.21650709,0.0622924102
0.129,0.000129,1.22595896,0.0627884472
0.13,0.00013,1.23539687,0.0632815456
0.131,0.000131,1.24480867,0.0637758734
0.132,0.000132,1.25417684,0.0642632421
0.133,0.000133,1.2634704,0.0647429217
0.134,0.000134,1.2727119,0.0652221471
0.135,0.000135,1.28193077,0.065701558
0.136,0.000136,1.29118008,0.0661857034
0.137,0.000137,1.30044153,0.0666810469
0.138,0.000138,1.30970047,0.0671786011
0.139,0.000139,1.31894047,0.0676768571
0.14,0.00014,1.32818246,0.068166671
0.141,0.000141,1.33737293,0.068648539
0.142,0.000142,1.34656998,0.0691244539
0.143,0.000143,1.35574919,0.069597952
0.144,0.000144,1.3649239,0.0700657338
0.145,0.000145,1.37414502,0.0705457016
0.146,0.000146,1.38338478,0.0710216407
0.147,0.000147,1.39263432,0.0714919243
0.148,0.000148,1.40193056,0.0719733999
0.149,0.000149,1.41130502,0.072463716
0.15,0.00015,1.42070777,0.0729463569
0.151,0.000151,1.43012483,0.0734195413
0.152,0.000152,1.43951482,0.0739003971
0.153,0.000153,1.44893462,0.0743839781
0.154,0.000154,1.45835295,0.0748699866
0.155,0.000155,1.46776812,0.0753632008
0.156,0.000156,1.47714861,0.0758615965
0.157,0.000157,1.48651935,0.0763585745
0.158,0.000158,1.49583353,0.0768502619
0.159,0.000159,1.50510087,0.0773446311
0.16,0.00016,1.51437033,0.0778448252
0.161,0.000161,1.52362903,0.0783411812
0.162,0.000162,1.53283179,0.0788336568
0.163,0.000163,1.54198975,0.079316339
0.164,0.000164,1.55114765,0.0797998854
0.165,0.000165,1.5602988,0.0802843728
0.166,0.000166,1.56947474,0.0807608094
0.167,0.000167,1.57870264,0.0812427933
0.168,0.000168,1.58794093,0.0817368018
0.169,0.000169,1.597194,0.0822282934
0.17,0.00017,1.60644921,0.0827016895
0.171,0.000171,1.61571903,0.0831708031
0.172,0.000172,1.6249953,0.0836519507
0.173,0.000173,1.6342951,0.084134347
0.174,0.000174,1.64357163,0.0846051834
0.175,0.000175,1.65279929,0.0850663906
0.176,0.000176,1.66200418,0.0855304024
0.177,0.000177,1.67121697,0.0859951658
0.178,0.000178,1.68043159,0.0864485292
0.179,0.000179,1.68968553,0.0868977041
0.18,0.00018,1.69897282,0.0873349786
0.181,0.000181,1.70828409,0.087771639
0.182,0.000182,1.71754612,0.0882074055
0.183,0.000183,1.72679695,0.0886391501
0.184,0.000184,1.73606561,0.0890621696
0.185,0.000185,1.7453609,0.0894822167
0.186,0.000186,1.75464659,0.089902178
0.187,0.000187,1.76387962,0.0903031827
0.188,0.000188,1.77309895,0.0906981548
0.189,0.000189,1.78239035,0.0911040982
0.19,0.00019,1.79170657,0.0915119785
0.191,0.000191,1.80101246,0.0919251143
0.192,0.000192,1.81033897,0.0923396536
0.193,0.000193,1.81969041,0.0927589651
0.194,0.000194,1.82905216,0.0931878013
0.195,0.000195,1.83842185,0.0936182889
0.196,0.000196,1.84778794,0.0940522504
0.197,0.000197,1.85717328,0.0944834971
0.198,0.000198,1.8665952,0.0949215741
0.199,0.000199,1.87602237,0.0953570967
0.2,0.0002,1.88544404,0.0957885292
0.201,0.000201,1.89483692,0.0962345517
0.202,0.000202,1.90420979,0.0966925525
0.203,0.000203,1.9135456,0.0971548294
0.204,0.000204,1.92280252,0.0976241209
0.205,0.000205,1.93200859,0.0981034065
0.206,0.000206,1.94114191,0.0985919337
0.207,0.000207,1.95024106,0.0990792208
0.208,0.000208,1.95930009,0.099557793
0.209,0.000209,1.96832555,0.100033631
0.21,0.00021,1.97734794,0.100505887
0.211,0.000211,1.98639391,0.100982908
0.212,0.000212,1.99540557,0.101456787
0.213,0.000213,2.00443468,0.101931832
0.214,0.000214,2.01349726,0.10241735
0.215,0.000215,2.02253372,0.102896831
0.216,0.000216,2.031547,0.103365154
0.217,0.000217,2.04056782,0.103827312
0.218,0.000218,2.04960018,0.104290432
0.219,0.000219,2.05864862,0.104739298
0.22,0.00022,2.06767542,0.105179049
0.221,0.000221,2.0766817,0.105603536
0.222,0.000222,2.08566545,0.106018039
0.223,0.000223,2.09465408,0.106438794
0.224,0.000224,2.10361504,0.106857915
0.225,0.000225,2.11252998,0.107262433
0.226,0.000226,2.12142368,0.107664927
0.227,0.000227,2.13030775,0.108073863
0.228,0.000228,2.13916665,0.108485302
0.229,0.000229,2.14800177,0.108894856
0.23,0.00023,2.15683567,0.109302565
0.231,0.000231,2.1656531,0.109701133
0.232,0.000232,2.1743828,0.110087415
0.233,0.000233,2.18306947,0.110468672
0.234,0.000234,2.19172602,0.110843188
0.235,0.000235,2.20036242,0.111222135
0.236,0.000236,2.20901943,0.11161206
0.237,0.000237,2.21761874,0.112011539
0.238,0.000238,2.22614257,0.112414904
0.239,0.000239,2.23467594,0.112813472
0.24,0.00024,2.24326235,0.113206525
0.241,0.000241,2.25186905,0.113608379
0.242,0.000242,2.26046485,0.114014156
0.243,0.000243,2.2690908,0.114420514
0.244,0.000244,2.27776748,0.114814868
0.245,0.000245,2.28645934,0.115203736
0.246,0.000246,2.2951341,0.115599728
0.247,0.000247,2.30376315,0.115994934
0.248,0.000248,2.31237002,0.116389214
0.249,0.000249,2.32097179,0.116778039
0.25,0.00025,2.32953657,0.117160858
0.251,0.000251,2.33810156,0.117543534
0.252,0.000252,2.34662667,0.117926744
0.253,0.000253,2.35513251,0.118306997
0.254,0.000254,2.36357663,0.118685374
0.255,0.000255,2.37197059,0.119060546
0.256,0.000256,2.38036737,0.119440751
0.257,0.000257,2.38875348,0.119824891
0.258,0.000258,2.3971117,0.120214868
0.259,0.000259,2.4054571,0.120599954
0.26,0.00026,2.41381014,0.120982252
0.261,0.000261,2.42214686,0.121356758
0.262,0.000262,2.43044265,0.121723959
0.263,0.000263,2.43866851,0.122085912
0.264,0.000264,2.44683015,0.122455324
0.265,0.000265,2.45496842,0.12282214
0.266,0.000266,2.46305147,0.123173183
0.267,0.000267,2.47107046,0.12351243
0.268,0.000268,2.47903787,0.123860029
0.269,0.000269,2.4869679,0.12419896
0.27,0.00027,2.49485461,0.124525879
0.271,0.000271,2.50276724,0.12485617
0.272,0.000272,2.51066973,0.125196855
0.273,0.000273,2.51851837,0.125539686
0.274,0.000274,2.52633271,0.125867885
0.275,0.000275,2.53413059,0.126189055
0.276,0.000276,2.54184452,0.126510716
0.277,0.000277,2.54949944,0.126827832
0.278,0.000278,2.5571325,0.127153373
0.279,0.000279,2.56475477,0.127489548
0.28,0.00028,2.57237105,0.127826192
0.281,0.000281,2.57996446,0.128172527
0.282,0.000282,2.58750063,0.12851759
0.283,0.000283,2.59497946,0.12886226
0.284,0.000284,2.60246335,0.129216732
0.285,0.000285,2.6099197,0.129577712
0.286,0.000286,2.61733622,0.129927744
0.287,0.000287,2.62475536,0.130258851
0.288,0.000288,2.63215941,0.130581336
0.289,0.000289,2.63952109,0.13088716
0.29,0.00029,2.64685742,0.131193984
0.291,0.000291,2.65419534,0.131509695
0.292,0.000292,2.66150295,0.131829076
0.293,0.000293,2.66877303,0.132153554
0.294,0.000294,2.67605055,0.132485396
0.295,0.000295,2.68336605,0.13281292
0.296,0.000296,2.69068782,0.133136174
0.297,0.000297,2.69802193,0.133464163
0.298,0.000298,2.70537079,0.133794242
0.299,0.000299,2.71268321,0.134108945
0.3,0.0003,2.71998384,0.134411807
0.301,0.000301,2.72725521,0.134712386
0.302,0.000302,2.73452877,0.135013822
0.303,0.000303,2.74182405,0.135313495
0.304,0.000304,2.74914893,0.135614641
0.305,0.000305,2.75651224,0.135920657
0.306,0.000306,2.76388881,0.136245197
0.307,0.000307,2.77127358,0.136570551
0.308,0.000308,2.77866377,0.1368934
0.309,0.000309,2.78607664,0.137214133
0.31,0.00031,2.79351832,0.137529846
0.311,0.000311,2.80092954,0.137844397
0.312,0.000312,2.80833942,0.138159367
0.313,0.000313,2.81576202,0.138467539
0.314,0.000314,2.82314797,0.13877554
0.315,0.000315,2.83050825,0.139085461
0.316,0.000316,2.83786071,0.139396814
0.317,0.000317,2.84519913,0.139698483
0.318,0.000318,2.85249957,0.139991662
0.319,0.000319,2.85976525,0.140281943
0.32,0.00032,2.8669889,0.140574763
0.321,0.000321,2.87415535,0.1408582
0.322,0.000322,2.88125062,0.141149342
0.323,0.000323,2.88832215,0.141433152
0.324,0.000324,2.89533021,0.141715586
0.325,0.000325,2.90232206,0.141991076
0.326,0.000326,2.90932524,0.142259387
0.327,0.000327,2.91631892,0.142534536
0.328,0.000328,2.92328394,0.142802114
0.329,0.000329,2.93025663,0.143066059
0.33,0.00033,2.93725098,0.143338628
0.331,0.000331,2.94427238,0.143613862
0.332,0.000332,2.95126849,0.143896327
0.333,0.000333,2.95825151,0.144183733
0.334,0.000334,2.96522026,0.144472004
0.335,0.000335,2.97219453,0.144745906
0.336,0.000336,2.97916717,0.14501224
0.337,0.000337,2.98613565,0.145272564
0.338,0.000338,2.9931356,0.145523572
0.339,0.000339,3.0001307,0.145777945
0.34,0.00034,3.00713103,0.146036065
0.341,0.000341,3.01412193,0.14629697
0.342,0.000342,3.02109519,0.146553888
0.343,0.000343,3.02806849,0.146798903
0.344,0.000344,3.03502121,0.147043564
0.345,0.000345,3.04190731,0.147279897
0.346,0.000346,3.04870306,0.147509797
0.347,0.000347,3.05549204,0.147728544
0.348,0.000348,3.06227794,0.147940763
0.349,0.000349,3.06907487,0.148155321
0.35,0.00035,3.0759077,0.14838945
0.351,0.000351,3.08270529,0.148613576
0.352,0.000352,3.08946551,0.14883672
0.353,0.000353,3.09624443,0.149071899
0.354,0.000354,3.10304414,0.149324054
0.355,0.000355,3.10985226,0.149580979
0.356,0.000356,3.11662663,0.149835298
0.357,0.000357,3.12336707,0.150071435
0.358,0.000358,3.13014129,0.150300191
0.359,0.000359,3.13690917,0.150527311
0.36,0.00036,3.14368788,0.150751594
0.361,0.000361,3.1505033,0.150970954
0.362,0.000362,3.15736019,0.151190742
0.363,0.000363,3.16423098,0.151408337
0.364,0.000364,3.17107825,0.151618455
0.365,0.000365,3.17791335,0.151830606
0.366,0.000366,3.18474759,0.152029082
0.367,0.000367,3.1916182,0.152222526
0.368,0.000368,3.1984895,0.152418938
0.369,0.000369,3.20537564,0.152625561
0.37,0.00037,3.21226934,0.152834645
0.371,0.000371,3.21916717,0.15304939
0.372,0.000372,3.22607503,0.153277034
0.373,0.000373,3.23298817,0.153508697
0.374,0.000374,3.2399278,0.153742079
0.375,0.000375,3.24689683,0.153972968
0.376,0.000376,3.25389137,0.154198877
0.377,0.000377,3.26095188,0.154419607
0.378,0.000378,3.26808535,0.154645522
0.379,0.000379,3.27533843,0.154881919
0.38,0.00038,3.28263617,0.155128293
0.381,0.000381,3.28995213,0.155373258
0.382,0.000382,3.29725983,0.155609252
0.383,0.000383,3.30463314,0.155846814
0.384,0.000384,3.31199574,0.156082557
0.385,0.000385,3.31936591,0.156315628
0.386,0.000386,3.32676688,0.156549179
0.387,0.000387,3.33416596,0.156790601
0.388,0.000388,3.34155931,0.157030579
0.389,0.000389,3.34896688,0.157262151
0.39,0.00039,3.35639802,0.15749515
0.391,0.000391,3.36383956,0.157734319
0.392,0.000392,3.371216,0.157991715
0.393,0.000393,3.37851302,0.158253227
0.394,0.000394,3.38574182,0.158514942
0.395,0.000395,3.39292257,0.158789339
0.396,0.000396,3.40005826,0.159068234
0.397,0.000397,3.40712505,0.159346676
0.398,0.000398,3.41419182,0.159617094
0.399,0.000399,3.42126078,0.159885889
0.4,0.0004,3.42834768,0.16016127
0.401,0.000401,3.43542357,0.160437959
0.402,0.000402,3.44247966,0.160718078
0.403,0.000403,3.44954738,0.160989752
0.404,0.000404,3.45668796,0.161264141
0.405,0.000405,3.46390711,0.161552981
0.406,0.000406,3.4711611,0.161844543
0.407,0.000407,3.47840846,0.162132571
0.408,0.000408,3.48562076,0.162407467
0.409,0.000409,3.4927962,0.162667946
0.41,0.00041,3.49995357,0.162919549
0.411,0.000411,3.5070893,0.163169878
0.412,0.000412,3.51419587,0.163420989
0.413,0.000413,3.52131413,0.163678591
0.414,0.000414,3.52847344,0.163948868
0.415,0.000415,3.53560601,0.164217492
0.416,0.000416,3.54271965,0.164476304
0.417,0.000417,3.5498662,0.164740656
0.418,0.000418,3.55705785,0.165015911
0.419,0.000419,3.56421967,0.165293929
0.42,0.00042,3.57129736,0.165560521
0.421,0.000421,3.57831789,0.165820357
0.422,0.000422,3.58529667,0.166073214
0.423,0.000423,3.59225626,0.166331399
0.424,0.000424,3.59919546,0.166594988
0.425,0.000425,3.60611903,0.166853263
0.426,0.000426,3.61302281,0.167107494
0.427,0.000427,3.61994377,0.167380312
0.428,0.000428,3.62687384,0.167655546
0.429,0.000429,3.63374322,0.167927531
0.43,0.00043,3.64052835,0.168181791
0.431,0.000431,3.64726507,0.168421817
0.432,0.000432,3.65399788,0.168662235
0.433,0.000433,3.66077599,0.168902897
0.434,0.000434,3.66753357,0.169147071
0.435,0.000435,3.67429113,0.169391852
0.436,0.000436,3.68105595,0.169628588
0.437,0.000437,3.68782117,0.169857991
0.438,0.000438,3.69451089,0.170089882
0.439,0.000439,3.70115459,0.170329196
0.44,0.00044,3.70781771,0.170569494
0.441,0.000441,3.71447613,0.170818916
0.442,0.000442,3.72108309,0.171066371
0.443,0.000443,3.72768839,0.171316746
0.444,0.000444,3.73434648,0.171563959
0.445,0.000445,3.74104011,0.171810397
0.446,0.000446,3.74771011,0.172063321
0.447,0.000447,3.7543695,0.172307408
0.448,0.000448,3.76101455,0.172563326
0.449,0.000449,3.76761152,0.172829305
0.45,0.00045,3.77418252,0.173093775
0.451,0.000451,3.78072521,0.1733509
0.452,0.000452,3.78728541,0.173600071
0.453,0.000453,3.79388009,0.173852527
0.454,0.000454,3.80045249,0.174104779
0.455,0.000455,3.80701118,0.174356124
0.456,0.000456,3.81363641,0.174624684
0.457,0.000457,3.82030667,0.174906174
0.458,0.000458,3.82702792,0.175188973
0.459,0.000459,3.83377856,0.175464913
0.46,0.00046,3.84054888,0.175735941
0.461,0.000461,3.84729637,0.176003151
0.462,0.000462,3.85399129,0.176250777
0.463,0.000463,3.86065497,0.17649209
0.464,0.000464,3.86732147,0.17673417
0.465,0.000465,3.87397569,0.17697382
0.466,0.000466,3.88065863,0.177217491
0.467,0.000467,3.88738848,0.177458265
0.468,0.000468,3.89412837,0.177699206
0.469,0.000469,3.90087997,0.177931767
0.47,0.00047,3.90763413,0.178165142
0.471,0.000471,3.91439904,0.178400769
0.472,0.000472,3.92112495,0.178630795
0.473,0.000473,3.92781227,0.17885439
0.474,0.000474,3.93449832,0.179072632
0.475,0.000475,3.94121244,0.179284981
0.476,0.000476,3.94799272,0.179498298
0.477,0.000477,3.95477367,0.179719593
0.478,0.000478,3.96160044,0.179945861
0.479,0.000479,3.96844387,0.180172125
0.48,0.00048,3.97527092,0.180400728
0.481,0.000481,3.98208603,0.180632549
0.482,0.000482,3.98887879,0.180861719
0.483,0.000483,3.99563985,0.181084041
0.484,0.000484,4.00238458,0.181311331
0.485,0.000485,4.00912514,0.181554517
0.486,0.000486,4.01584311,0.181806457
0.487,0.000487,4.02252399,0.182049467
0.488,0.000488,4.02923947,0.182299484
0.489,0.000489,4.03595837,0.182557079
0.49,0.00049,4.04266655,0.182806112
0.491,0.000491,4.04937662,0.183042779
0.492,0.000492,4.0560843,0.18327607
0.493,0.000493,4.06274038,0.183512409
0.494,0.000494,4.0693884,0.183758003
0.495,0.000495,4.07605661,0.184019191
0.496,0.000496,4.08272517,0.184287399
0.497,0.000497,4.08933705,0.184560705
0.498,0.000498,4.0959485,0.184841313
0.499,0.000499,4.10258856,0.185118861
0.5,0.0005,4.10926305,0.185392411
0.501,0.000501,4.11596018,0.185659916
0.502,0.000502,4.12267101,0.185917365
0.503,0.000503,4.12940826,0.186174878
0.504,0.000504,4.13615715,0.186432578
0.505,0.000505,4.14285907,0.186675615
0.506,0.000506,4.14951773,0.18690416
0.507,0.000507,4.15612482,0.187126819
0.508,0.000508,4.16272541,0.187350207
0.509,0.000509,4.16935712,0.187571221
0.51,0.00051,4.17596578,0.187794075
0.511,0.000511,4.18252383,0.188010783
0.512,0.000512,4.18905902,0.188221587
0.513,0.000513,4.19560642,0.188440946
0.514,0.000514,4.20219152,0.188667751
0.515,0.000515,4.20886018,0.188909897
0.516,0.000516,4.2155979,0.189157119
0.517,0.000517,4.22242568,0.189412209
0.518,0.000518,4.22929174,0.189672248
0.519,0.000519,4.23614121,0.189929642
0.52,0.00052,4.24296579,0.190181681
0.521,0.000521,4.2497557,0.190435949
0.522,0.000522,4.25654622,0.190691051
0.523,0.000523,4.26333764,0.190941552
0.524,0.000524,4.27013668,0.191192404
0.525,0.000525,4.27692867,0.191445598
0.526,0.000526,4.28376242,0.191697804
0.527,0.000527,4.29059806,0.191954796
0.528,0.000528,4.29745492,0.192213494
0.529,0.000529,4.30429058,0.192466661
0.53,0.00053,4.31110079,0.192723353
0.531,0.000531,4.3179195,0.192989069
0.532,0.000532,4.32471388,0.193259917
0.533,0.000533,4.33150928,0.193533098
0.534,0.000534,4.33831712,0.193822682
0.535,0.000535,4.3451227,0.194115106
0.536,0.000536,4.35191829,0.19440325
0.537,0.000537,4.35871474,0.194687826
0.538,0.000538,4.36549541,0.194965809
0.539,0.000539,4.37224662,0.195239801
0.54,0.00054,4.37902383,0.195511919
0.541,0.000541,4.38578448,0.195783598
0.542,0.000542,4.39253682,0.196056658
0.543,0.000543,4.39930606,0.196333036
0.544,0.000544,4.40610228,0.196598325
0.545,0.000545,4.41287011,0.196868676
0.546,0.000546,4.41966144,0.197138015
0.547,0.000547,4.42643021,0.197395198
0.548,0.000548,4.43319827,0.197648487
0.549,0.000549,4.43995321,0.197896299
0.55,0.00055,4.4467037,0.198134738
0.551,0.000551,4.45347724,0.198375213
0.552,0.000552,4.46028047,0.198629035
0.553,0.000553,4.46711873,0.198890962
0.554,0.000554,4.47400053,0.199151236
0.555,0.000555,4.48095456,0.199415107
0.556,0.000556,4.4879714,0.199678798
0.557,0.000557,4.49501132,0.199937515
0.558,0.000558,4.50204307,0.200202012
0.559,0.000559,4.50906098,0.200477959
0.56,0.00056,4.51608231,0.200751626
0.561,0.000561,4.52308379,0.201025055
0.562,0.000562,4.53007825,0.201301521
0.563,0.000563,4.53708977,0.2015737
0.564,0.000564,4.54406963,0.201843222
0.565,0.000565,4.55102708,0.202116703
0.566,0.000566,4.55795265,0.202399634
0.567,0.000567,4.56493244,0.202692398
0.568,0.000568,4.57197562,0.202983117
0.569,0.000569,4.57904395,0.203270463
0.57,0.00057,4.58613258,0.203550023
0.571,0.000571,4.59325351,0.203830074
0.572,0.000572,4.60034988,0.204110032
0.573,0.000573,4.60743262,0.204384095
0.574,0.000574,4.61449815,0.20465055
0.575,0.000575,4.6215378,0.204916091
0.576,0.000576,4.62856836,0.205188569
0.577,0.000577,4.63559426,0.205467865
0.578,0.000578,4.64258618,0.205759989
0.579,0.000579,4.6496142,0.20605828
0.58,0.00058,4.65664755,0.206353009
0.581,0.000581,4.66367198,0.206656001
0.582,0.000582,4.67069845,0.206965154
0.583,0.000583,4.67767038,0.207261315
0.584,0.000584,4.68457996,0.207550554
0.585,0.000585,4.69147446,0.207846238
0.586,0.000586,4.69836541,0.208143407
0.587,0.000587,4.7052516,0.2084398
0.588,0.000588,4.7121083,0.208738855
0.589,0.000589,4.71894138,0.20905059
0.59,0.00059,4.72580724,0.209354578
0.591,0.000591,4.73265201,0.209645488
0.592,0.000592,4.73943851,0.20993734
0.593,0.000593,4.74619806,0.210224948
0.594,0.000594,4.75291167,0.210510257
0.595,0.000595,4.75962089,0.210794529
0.596,0.000596,4.76630072,0.211081828
0.597,0.000597,4.77294822,0.211356601
0.598,0.000598,4.77959093,0.211622996
0.599,0.000599,4.7862852,0.211893965
0.6,0.0006,4.793034,0.212166422
0.601,0.000601,4.79983159,0.212434931
0.602,0.000602,4.80660336,0.212707387
0.603,0.000603,4.81334101,0.212986737
0.604,0.000604,4.82006252,0.213261034
0.605,0.000605,4.82679208,0.213542937
0.606,0.000606,4.83352788,0.213821336
0.607,0.000607,4.84018007,0.21408675
0.608,0.000608,4.84677019,0.214341952
0.609,0.000609,4.8534102,0.214605273
0.61,0.00061,4.86006911,0.214870178
0.611,0.000611,4.86672413,0.215132748
0.612,0.000612,4.87343548,0.215385788
0.613,0.000613,4.8801476,0.215636794
0.614,0.000614,4.88683016,0.215883882
0.615,0.000615,4.89348506,0.216128198
0.616,0.000616,4.90011237,0.216369875
0.617,0.000617,4.90665066,0.216601122
0.618,0.000618,4.9131568,0.216836269
0.619,0.000619,4.91965699,0.217074003
0.62,0.00062,4.92616262,0.217309559
0.621,0.000621,4.93266558,0.217547334
0.622,0.000622,4.93910901,0.21778983
0.623,0.000623,4.94554188,0.218050397
0.624,0.000624,4.9519848,0.21831402
0.625,0.000625,4.95843367,0.218567666
0.626,0.000626,4.96486203,0.218824979
0.627,0.000627,4.97131104,0.21908399
0.628,0.000628,4.97771237,0.219339697
0.629,0.000629,4.98405854,0.219591134
0.63,0.00063,4.99036507,0.219847588
0.631,0.000631,4.99664519,0.220091085
0.632,0.000632,5.00289459,0.220335901
0.633,0.000633,5.00916857,0.220591416
0.634,0.000634,5.01545205,0.220845694
0.635,0.000635,5.02167803,0.221097089
0.636,0.000636,5.0278755,0.221345588
0.637,0.000637,5.03408467,0.221600204
0.638,0.000638,5.04028476,0.221838126
0.639,0.000639,5.04651124,0.222076649
0.64,0.00064,5.05275134,0.222319255
0.641,0.000641,5.05897377,0.222561432
0.642,0.000642,5.06518298,0.222788303
0.643,0.000643,5.07136391,0.223007646
0.644,0.000644,5.07756771,0.223231733
0.645,0.000645,5.08373227,0.223467487
0.646,0.000646,5.08985461,0.223694905
0.647,0.000647,5.09593201,0.223905594
0.648,0.000648,5.10197182,0.224108125
0.649,0.000649,5.10800991,0.224316407
0.65,0.00065,5.11402412,0.224531997
0.651,0.000651,5.12002694,0.224747609
0.652,0.000652,5.1259937,0.224962383
0.653,0.000653,5.13191101,0.225170221
0.654,0.000654,5.13777955,0.22538438
0.655,0.000655,5.14361004,0.225612733
0.656,0.000656,5.14936765,0.225852541
0.657,0.000657,5.15507957,0.226081429
0.658,0.000658,5.16080339,0.226307727
0.659,0.000659,5.16650422,0.226533115
0.66,0.00066,5.17217787,0.22674752
0.661,0.000661,5.17787001,0.226959516
0.662,0.000662,5.18352133,0.227186628
0.663,0.000663,5.18914916,0.227418466
0.664,0.000664,5.19478636,0.227648682
0.665,0.000665,5.20043668,0.227880714
0.666,0.000666,5.20606063,0.228097096
0.667,0.000667,5.21170558,0.228310883
0.668,0.000668,5.21740707,0.228525528
0.669,0.000669,5.22317924,0.228747162
0.67,0.00067,5.22901095,0.228962352
0.671,0.000671,5.23485102,0.229170565
0.672,0.000672,5.24067841,0.22936443
0.673,0.000673,5.24650984,0.229555648
0.674,0.000674,5.25231114,0.229742215
0.675,0.000675,5.25812896,0.229922858
0.676,0.000676,5.26394081,0.230110341
0.677,0.000677,5.26972646,0.230310118
0.678,0.000678,5.27547636,0.230505868
0.679,0.000679,5.28119704,0.230706481
0.68,0.00068,5.28687376,0.230918444
0.681,0.000681,5.29253864,0.231131847
0.682,0.000682,5.29816059,0.231341316
0.683,0.000683,5.30373005,0.231546552
0.684,0.000684,5.30925589,0.231744791
0.685,0.000685,5.31477918,0.231957487
0.686,0.000686,5.32029775,0.232170961
0.687,0.000687,5.32580605,0.232383063
0.688,0.000688,5.33131949,0.232595315
0.689,0.000689,5.33682417,0.232812852
0.69,0.00069,5.34229924,0.233026285
0.691,0.000691,5.34773581,0.233245211
0.692,0.000692,5.35316287,0.233444916
0.693,0.000693,5.35856118,0.233641705
0.694,0.000694,5.36396369,0.233833339
0.695,0.000695,5.36933834,0.234028697
0.696,0.000696,5.37466781,0.234235536
0.697,0.000697,5.379946,0.234443225
0.698,0.000698,5.38519016,0.234643915
0.699,0.000699,5.39039427,0.234837559
0.7,0.0007,5.39557211,0.235027544
0.701,0.000701,5.40069242,0.235210271
0.702,0.000702,5.40575856,0.235391546
0.703,0.000703,5.41083138,0.235583237
0.704,0.000704,5.41589922,0.235787735
0.705,0.000705,5.42101257,0.235997313
0.706,0.000706,5.42613501,0.23620272
0.707,0.000707,5.43126653,0.236405744
0.708,0.000708,5.43641977,0.236600709
0.709,0.000709,5.44155226,0.236783118
0.71,0.00071,5.44667288,0.236965324
0.711,0.000711,5.45174489,0.237146176
0.712,0.000712,5.45679026,0.237332221
0.713,0.000713,5.46181103,0.237526339
0.714,0.000714,5.46680726,0.237715578
0.715,0.000715,5.47179278,0.237909311
0.716,0.000716,5.47678744,0.238108741
0.717,0.000717,5.48178814,0.23831048
0.718,0.000718,5.48684593,0.23852417
0.719,0.000719,5.49195007,0.238746767
0.72,0.00072,5.49709057,0.238967148
0.721,0.000721,5.50222758,0.239184412
0.722,0.000722,5.50736751,0.239410895
0.723,0.000723,5.51252531,0.239650881
0.724,0.000724,5.51769005,0.239889169
0.725,0.000725,5.52286456,0.240121764
0.726,0.000726,5.52803991,0.240356273
0.727,0.000727,5.5331863,0.240588021
0.728,0.000728,5.5383356,0.240823613
0.729,0.000729,5.54341677,0.241068018
0.73,0.00073,5.54844621,0.241320405
0.731,0.000731,5.55343032,0.241576242
0.732,0.000732,5.55838007,0.241826252
0.733,0.000733,5.56331396,0.242070272
0.734,0.000734,5.5683021,0.242306204
0.735,0.000735,5.57333561,0.242544319
0.736,0.000736,5.57839771,0.242773141
0.737,0.000737,5.58348295,0.242996899
0.738,0.000738,5.58861373,0.243220334
0.739,0.000739,5.59371338,0.243439545
0.74,0.00074,5.59881543,0.243668736
0.741,0.000741,5.6039373,0.243904029
0.742,0.000742,5.60910193,0.244136046
0.743,0.000743,5.61432439,0.244375812
0.744,0.000744,5.61956644,0.244610793
0.745,0.000745,5.62475804,0.244843136
0.746,0.000746,5.62986358,0.245076993
0.747,0.000747,5.63488732,0.245307794
0.748,0.000748,5.63989862,0.245523097
0.749,0.000749,5.64491687,0.245722171
0.75,0.00075,5.6499579,0.245914147
0.751,0.000751,5.65500829,0.246104505
0.752,0.000752,5.66013291,0.246297113
0.753,0.000753,5.66531557,0.246502826
0.754,0.000754,5.67050088,0.246716869
0.755,0.000755,5.67565763,0.246931438
0.756,0.000756,5.68081939,0.247144956
0.757,0.000757,5.68597941,0.247353772
0.758,0.000758,5.69108886,0.247569747
0.759,0.000759,5.69617711,0.247788865
0.76,0.00076,5.70124365,0.247999001
0.761,0.000761,5.70627609,0.248188336
0.762,0.000762,5.71130265,0.248371211
0.763,0.000763,5.71635204,0.248560576
0.764,0.000764,5.72142084,0.248755571
0.765,0.000765,5.72646067,0.248960379
0.766,0.000766,5.73150486,0.249172074
0.767,0.000767,5.73657313,0.249386906
0.768,0.000768,5.74168657,0.24960934
0.769,0.000769,5.7468298,0.249839521
0.77,0.00077,5.75197855,0.250074442
0.771,0.000771,5.75711768,0.250310087
0.772,0.000772,5.76229844,0.250557663
0.773,0.000773,5.76750832,0.250805193
0.774,0.000774,5.77276017,0.251048733
0.775,0.000775,5.77805552,0.251278872
0.776,0.000776,5.78334848,0.251500409
0.777,0.000777,5.78865387,0.251729401
0.778,0.000778,5.79399764,0.251975032
0.779,0.000779,5.79938643,0.252217338
0.78,0.00078,5.80480323,0.252448749
0.781,0.000781,5.81026089,0.252684364
0.782,0.000782,5.8157764,0.252913703
0.783,0.000783,5.82128931,0.253126913
0.784,0.000784,5.82681158,0.253331015
0.785,0.000785,5.83230732,0.253532412
0.786,0.000786,5.83777374,0.25372623
0.787,0.000787,5.84322546,0.253919058
0.788,0.000788,5.84867122,0.254107692
0.789,0.000789,5.85410784,0.254296645
0.79,0.00079,5.85957413,0.254486956
0.791,0.000791,5.86508904,0.254670693
0.792,0.000792,5.87061352,0.254845995
0.793,0.000793,5.87610446,0.25502378
0.794,0.000794,5.88158336,0.255204421
0.795,0.000795,5.88709623,0.255386805
0.796,0.000796,5.89265856,0.255578871
0.797,0.000797,5.8982451,0.255771045
0.798,0.000798,5.90383448,0.255966161
0.799,0.000799,5.90939649,0.256162593
0.8,0.0008,5.91491626,0.256363239
0.801,0.000801,5.92037406,0.256563895
0.802,0.000802,5.92579019,0.256753451
0.803,0.000803,5.93121593,0.256947876
0.804,0.000804,5.93668257,0.257148691
0.805,0.000805,5.94212138,0.257342872
0.806,0.000806,5.94750544,0.257533562
0.807,0.000807,5.95281433,0.257725154
0.808,0.000808,5.95807379,0.257919662
0.809,0.000809,5.96338787,0.25811351
0.81,0.00081,5.96870655,0.258307399
0.811,0.000811,5.97401604,0.258488523
0.812,0.000812,5.97932731,0.258663185
0.813,0.000813,5.98470467,0.258836508
0.814,0.000814,5.99011469,0.259008248
0.815,0.000815,5.99551257,0.259182453
0.816,0.000816,6.00091445,0.259361955
0.817,0.000817,6.00631791,0.259541645
0.818,0.000818,6.01172748,0.259718932
0.819,0.000819,6.01717228,0.259895348
0.82,0.00082,6.02268515,0.260069248
0.821,0.000821,6.02823974,0.260242742
0.822,0.000822,6.03381181,0.260416902
0.823,0.000823,6.03941782,0.260591657
0.824,0.000824,6.04503961,0.260764478
0.825,0.000825,6.0505907,0.260930996
0.826,0.000826,6.05612758,0.261103384
0.827,0.000827,6.06164618,0.261278895
0.828,0.000828,6.06715528,0.261447147
0.829,0.000829,6.07261759,0.261612103
0.83,0.00083,6.07807726,0.261771458
0.831,0.000831,6.08356785,0.261929596
0.832,0.000832,6.08908589,0.262089697
0.833,0.000833,6.09466496,0.262258777
0.834,0.000834,6.10023026,0.262428133
0.835,0.000835,6.10578157,0.262593783
0.836,0.000836,6.11130856,0.262759034
0.837,0.000837,6.11681488,0.262920113
0.838,0.000838,6.12231408,0.263077449
0.839,0.000839,6.12782978,0.263248562
0.84,0.00084,6.13342405,0.263419179
0.841,0.000841,6.13904438,0.26358481
0.842,0.000842,6.14472284,0.263753117
0.843,0.000843,6.15040025,0.263911745
0.844,0.000844,6.15606336,0.264068586
0.845,0.000845,6.16169482,0.264228091
0.846,0.000846,6.16733108,0.264380658
0.847,0.000847,6.17291127,0.264519047
0.848,0.000848,6.17848092,0.264655745
0.849,0.000849,6.18404571,0.264806775
0.85,0.00085,6.18962028,0.264963372
0.851,0.000851,6.19519854,0.265123225
0.852,0.000852,6.20076701,0.265281363
0.853,0.000853,6.20632587,0.265428415
0.854,0.000854,6.21191169,0.265554736
0.855,0.000855,6.21749309,0.265675476
0.856,0.000856,6.2231168,0.265800185
0.857,0.000857,6.22871049,0.265917164
0.858,0.000858,6.23427473,0.266033991
0.859,0.000859,6.23984,0.266149218
0.86,0.00086,6.24542576,0.266268715
0.861,0.000861,6.25100886,0.266387159
0.862,0.000862,6.25657482,0.266506696
0.863,0.000863,6.26214513,0.266636023
0.864,0.000864,6.26771167,0.26676458
0.865,0.000865,6.2732879,0.266887468
0.866,0.000866,6.27879937,0.267003956
0.867,0.000867,6.2843103,0.267117194
0.868,0.000868,6.2897969,0.267223481
0.869,0.000869,6.29530078,0.26734343
0.87,0.00087,6.30084123,0.267476032
0.871,0.000871,6.30641435,0.267622957
0.872,0.000872,6.31198386,0.267781437
0.873,0.000873,6.3175679,0.267954629
0.874,0.000874,6.3231397,0.268125554
0.875,0.000875,6.32864313,0.268286468
0.876,0.000876,6.33408719,0.268450409
0.877,0.000877,6.33947537,0.268626429
0.878,0.000878,6.34487612,0.268817999
0.879,0.000879,6.35031948,0.269010416
0.88,0.00088,6.35577498,0.269205283
0.881,0.000881,6.36125699,0.269401348
0.882,0.000882,6.36680134,0.269611161
0.883,0.000883,6.37235362,0.269820497
0.884,0.000884,6.37793493,0.27002471
0.885,0.000885,6.3834836,0.270209747
0.886,0.000886,6.38903694,0.270385785
0.887,0.000887,6.39452161,0.270548245
0.888,0.000888,6.39999806,0.270705439
0.889,0.000889,6.40551462,0.270858896
0.89,0.00089,6.41104936,0.271016368
0.891,0.000891,6.41657225,0.271172341
0.892,0.000892,6.42203558,0.271322434
0.893,0.000893,6.42748554,0.271462428
0.894,0.000894,6.43292503,0.271599544
0.895,0.000895,6.43837989,0.271734419
0.896,0.000896,6.44385129,0.271867392
0.897,0.000897,6.44930853,0.272000521
0.898,0.000898,6.45476816,0.272130174
0.899,0.000899,6.46020563,0.272254301
0.9,0.0009,6.4656422,0.272390413
0.901,0.000901,6.47106084,0.272515267
0.902,0.000902,6.47648301,0.272630249
0.903,0.000903,6.48187369,0.272741476
0.904,0.000904,6.48726087,0.272847259
0.905,0.000905,6.49261182,0.272947912
0.906,0.000906,6.49792119,0.273054249
0.907,0.000907,6.50322569,0.273178131
0.908,0.000908,6.50852462,0.273315607
0.909,0.000909,6.51378209,0.273457536
0.91,0.00091,6.51899337,0.273600181
0.911,0.000911,6.52419974,0.273747725
0.912,0.000912,6.52939962,0.273901744
0.913,0.000913,6.53459044,0.274047342
0.914,0.000914,6.5398044,0.274185117
0.915,0.000915,6.54507367,0.274319912
0.916,0.000916,6.55034198,0.274463779
0.917,0.000917,6.55563777,0.274610237
0.918,0.000918,6.56090327,0.274748632
0.919,0.000919,6.5661132,0.274884747
0.92,0.00092,6.57129086,0.275028593
0.921,0.000921,6.57646499,0.275196783
0.922,0.000922,6.58164017,0.275383062
0.923,0.000923,6.58679613,0.275575788
0.924,0.000924,6.59194347,0.27576529
0.925,0.000925,6.59708923,0.275953778
0.926,0.000926,6.602179,0.276149087
0.927,0.000927,6.60725083,0.27633914
0.928,0.000928,6.61230214,0.276528268
0.929,0.000929,6.61734084,0.276719244
0.93,0.00093,6.62235238,0.276900873
0.931,0.000931,6.627366,0.277081395
0.932,0.000932,6.63243667,0.27726387
0.933,0.000933,6.63753845,0.277445453
0.934,0.000934,6.64266093,0.277625803
0.935,0.000935,6.64779482,0.277799123
0.936,0.000936,6.65294297,0.277972333
0.937,0.000937,6.6580062,0.278144007
0.938,0.000938,6.66299238,0.278313291
0.939,0.000939,6.6680103,0.278469862
0.94,0.00094,6.67300243,0.278613304
0.941,0.000941,6.67793093,0.278759426
0.942,0.000942,6.68279899,0.278903959
0.943,0.000943,6.68765749,0.279059383
0.944,0.000944,6.69250543,0.27922853
0.945,0.000945,6.69732421,0.27940725
0.946,0.000946,6.70211385,0.279580122
0.947,0.000947,6.70688563,0.279753757
0.948,0.000948,6.7116262,0.279936558
0.949,0.000949,6.71638379,0.280117272
0.95,0.00095,6.7211515,0.28029834
0.951,0.000951,6.72587842,0.280477454
0.952,0.000952,6.73057814,0.280648864
0.953,0.000953,6.73529408,0.280821962
0.954,0.000954,6.74000143,0.281005293
0.955,0.000955,6.74467808,0.281187091
0.956,0.000956,6.74940141,0.281370364
0.957,0.000957,6.7541653,0.281548106
0.958,0.000958,6.75893599,0.281720181
0.959,0.000959,6.76373172,0.281884239
0.96,0.00096,6.76854394,0.282056123
0.961,0.000961,6.77338471,0.282220441
0.962,0.000962,6.77819877,0.282364071
0.963,0.000963,6.78297673,0.282500848
0.964,0.000964,6.78774185,0.282629817
0.965,0.000965,6.7925758,0.282772422
0.966,0.000966,6.79751258,0.282919444
0.967,0.000967,6.80252128,0.283069587
0.968,0.000968,6.8076043,0.283215691
0.969,0.000969,6.81273034,0.283351108
0.97,0.00097,6.81785306,0.283493253
0.971,0.000971,6.82298591,0.283646527
0.972,0.000972,6.82810384,0.283804672
0.973,0.000973,6.83323037,0.283958776
0.974,0.000974,6.83839913,0.284097633
0.975,0.000975,6.84361448,0.284242924
0.976,0.000976,6.84881101,0.284393958
0.977,0.000977,6.85399632,0.284544527
0.978,0.000978,6.85917118,0.284698629
0.979,0.000979,6.86433308,0.284857204
0.98,0.00098,6.8695543,0.285025623
0.981,0.000981,6.87476516,0.285199361
0.982,0.000982,6.87998493,0.285362811
0.983,0.000983,6.8852124,0.285527845
0.984,0.000984,6.89042843,0.285692996
0.985,0.000985,6.89568843,0.285872175
0.986,0.000986,6.9009847,0.286066299
0.987,0.000987,6.90625529,0.286271745
0.988,0.000988,6.91150108,0.286476698
0.989,0.000989,6.9167712,0.28667388
0.99,0.00099,6.92205513,0.286863033
0.991,0.000991,6.92731435,0.287037142
0.992,0.000992,6.93257143,0.287202115
0.993,0.000993,6.93781818,0.287360305
0.994,0.000994,6.94303037,0.287519532
0.995,0.000995,6.94824652,0.287681386
0.996,0.000996,6.95348582,0.287831556
0.997,0.000997,6.9587509,0.287984854
0.998,0.000998,6.96405465,0.288158577
0.999,0.000999,6.96935522,0.288348986
1,0.001,6.97467352,0.288539004
1.001,0.001001,6.97998804,0.28872752
1.002,0.001002,6.98524976,0.2889213
1.003,0.001003,6.99049011,0.289120096
1.004,0.001004,6.99573018,0.289315847
1.005,0.001005,7.00095516,0.289506697
1.006,0.001006,7.0061581,0.289695982
1.007,0.001007,7.01136382,0.289888127
1.008,0.001008,7.01658865,0.290079118
1.009,0.001009,7.02184954,0.290269342
1.01,0.00101,7.02716143,0.290464535
1.011,0.001011,7.03250572,0.290661057
1.012,0.001012,7.03789773,0.29085475
1.013,0.001013,7.04333307,0.291056601
1.014,0.001014,7.04878585,0.291260164
1.015,0.001015,7.05426996,0.291460385
1.016,0.001016,7.05976294,0.291659273
1.017,0.001017,7.0652282,0.291865635
1.018,0.001018,7.07065662,0.292072461
1.019,0.001019,7.0760855,0.292284979
1.02,0.00102,7.08152493,0.292484123
1.021,0.001021,7.08694522,0.292675769
1.022,0.001022,7.0924135,0.292867409
1.023,0.001023,7.09793077,0.293069454
1.024,0.001024,7.10345109,0.293260512
1.025,0.001025,7.10895247,0.293449835
1.026,0.001026,7.11445845,0.293626968
1.027,0.001027,7.11998312,0.293805942
1.028,0.001028,7.12552958,0.293982156
1.029,0.001029,7.13105465,0.294156363
1.03,0.00103,7.13658143,0.294331881
1.031,0.001031,7.14209835,0.294500514
1.032,0.001032,7.14761157,0.294666586
1.033,0.001033,7.15309521,0.294825062
1.034,0.001034,7.15850625,0.294975312
1.035,0.001035,7.16389467,0.295123015
1.036,0.001036,7.16928034,0.295279275
1.037,0.001037,7.17461851,0.29542373
1.038,0.001038,7.17992326,0.295566085
1.039,0.001039,7.18523269,0.295708756
1.04,0.00104,7.19050827,0.295855429
1.041,0.001041,7.1957787,0.296003929
1.042,0.001042,7.20104452,0.296150425
1.043,0.001043,7.20629354,0.296299716
1.044,0.001044,7.21148594,0.296444582
1.045,0.001045,7.21664414,0.296592834
1.046,0.001046,7.22182982,0.296733922
1.047,0.001047,7.22697245,0.296871121
1.048,0.001048,7.2321042,0.297010737
1.049,0.001049,7.23722398,0.29714482
1.05,0.00105,7.24229102,0.297272772
1.051,0.001051,7.24732293,0.297407676
1.052,0.001052,7.25234431,0.297551069
1.053,0.001053,7.25740702,0.297711592
1.054,0.001054,7.26248636,0.297883146
1.055,0.001055,7.26757523,0.298052387
1.056,0.001056,7.27270036,0.298213431
1.057,0.001057,7.27783464,0.298362862
1.058,0.001058,7.28295018,0.298497845
1.059,0.001059,7.28808277,0.298625695
1.06,0.00106,7.29321053,0.298738599
1.061,0.001061,7.29826625,0.298840845
1.062,0.001062,7.30321802,0.298933578
1.063,0.001063,7.30812077,0.299010901
1.064,0.001064,7.31301292,0.299092304
1.065,0.001065,7.31786612,0.299179466
1.066,0.001066,7.32272542,0.299267481
1.067,0.001067,7.32756028,0.2993516
1.068,0.001068,7.33234705,0.29942323
1.069,0.001069,7.33714873,0.299494995
1.07,0.00107,7.34196176,0.299571595
1.071,0.001071,7.34679647,0.299659375
1.072,0.001072,7.35165108,0.299757455
1.073,0.001073,7.35651583,0.299873776
1.074,0.001074,7.36135791,0.299982897
1.075,0.001075,7.36618538,0.300086553
1.076,0.001076,7.37103243,0.300182154
1.077,0.001077,7.37587326,0.300275743
1.078,0.001078,7.3806928,0.30036927
1.079,0.001079,7.3855627,0.30046749
1.08,0.00108,7.39046822,0.300579477
1.081,0.001081,7.39538185,0.30068873
1.082,0.001082,7.4003056,0.300805283
1.083,0.001083,7.40522093,0.30091748
1.084,0.001084,7.41015162,0.301026121
1.085,0.001085,7.415075,0.30114091
1.086,0.001086,7.41999526,0.301263559
1.087,0.001087,7.42488319,0.301386588
1.088,0.001088,7.42972228,0.301505976
1.089,0.001089,7.43456662,0.301620129
1.09,0.00109,7.43941596,0.301740533
1.091,0.001091,7.44420952,0.301854192
1.092,0.001092,7.44897891,0.301953298
1.093,0.001093,7.453689,0.302048177
1.094,0.001094,7.45841782,0.302151752
1.095,0.001095,7.4631058,0.302262627
1.096,0.001096,7.46772621,0.302362058
1.097,0.001097,7.47233172,0.302450483
1.098,0.001098,7.4769293,0.302536309
1.099,0.001099,7.48157347,0.302629403
1.1,0.0011,7.48620752,0.302728311
1.101,0.001101,7.49082677,0.302831631
1.102,0.001102,7.4954374,0.302935494
1.103,0.001103,7.50002494,0.303052588
1.104,0.001104,7.50459091,0.303183498
1.105,0.001105,7.50907387,0.303302819
1.106,0.001106,7.51352682,0.303411659
1.107,0.001107,7.51801921,0.303533318
1.108,0.001108,7.52257483,0.303659314
1.109,0.001109,7.52710633,0.303788223
1.11,0.00111,7.53160446,0.303935903
1.111,0.001111,7.53604818,0.304089595
1.112,0.001112,7.5404711,0.304239199
1.113,0.001113,7.54491824,0.304392508
1.114,0.001114,7.54937778,0.304543893
1.115,0.001115,7.55384041,0.304702283
1.116,0.001116,7.55826943,0.304856311
1.117,0.001117,7.56269616,0.305012605
1.118,0.001118,7.56707807,0.305175411
1.119,0.001119,7.57141878,0.305339381
1.12,0.00112,7.57571085,0.305499307
1.121,0.001121,7.57999227,0.305666818
1.122,0.001122,7.58427509,0.305845309
1.123,0.001123,7.58856714,0.306021185
1.124,0.001124,7.59284358,0.306192153
1.125,0.001125,7.59709215,0.306356252
1.126,0.001126,7.60133356,0.306513769
1.127,0.001127,7.60554823,0.306669679
1.128,0.001128,7.60975331,0.306814027
1.129,0.001129,7.61395437,0.30695912
1.13,0.00113,7.61814995,0.30710072
1.131,0.001131,7.62229634,0.307245
1.132,0.001132,7.62637752,0.307378211
1.133,0.001133,7.63041677,0.307508192
1.134,0.001134,7.63438703,0.307649159
1.135,0.001135,7.63828733,0.307802274
1.136,0.001136,7.64215697,0.307964791
1.137,0.001137,7.6460261,0.308119161
1.138,0.001138,7.64989813,0.308262674
1.139,0.001139,7.65379183,0.308395853
1.14,0.00114,7.65771364,0.308512016
1.141,0.001141,7.66163646,0.308614523
1.142,0.001142,7.66558284,0.308717383
1.143,0.001143,7.66953576,0.308822137
1.144,0.001144,7.67346953,0.308924075
1.145,0.001145,7.67739369,0.309032605
1.146,0.001146,7.68128433,0.309146233
1.147,0.001147,7.6851605,0.309259955
1.148,0.001148,7.68903509,0.309381747
1.149,0.001149,7.69288662,0.309506463
1.15,0.00115,7.69672504,0.309623105
1.151,0.001151,7.70056456,0.309736266
1.152,0.001152,7.70442169,0.309859834
1.153,0.001153,7.7082853,0.309998932
1.154,0.001154,7.71214052,0.310142155
1.155,0.001155,7.71598444,0.310290634
1.156,0.001156,7.71982234,0.310452701
1.157,0.001157,7.72368769,0.310615344
1.158,0.001158,7.72754956,0.310773541
1.159,0.001159,7.73139922,0.310925219
1.16,0.00116,7.73522215,0.311078929
1.161,0.001161,7.73905116,0.311238964
1.162,0.001162,7.74286254,0.31140826
1.163,0.001163,7.74668965,0.311590681
1.164,0.001164,7.75048238,0.311777154
1.165,0.001165,7.75426103,0.311951384
1.166,0.001166,7.75804081,0.312116125
1.167,0.001167,7.76184924,0.312278102
1.168,0.001168,7.76572452,0.312441012
1.169,0.001169,7.76959635,0.312616349
1.17,0.00117,7.77343356,0.31278849
1.171,0.001171,7.77725297,0.312962965
1.172,0.001172,7.78102764,0.313132737
1.173,0.001173,7.78475174,0.313295612
1.174,0.001174,7.78846103,0.313464219
1.175,0.001175,7.79214641,0.31363203
1.176,0.001176,7.7957683,0.313799397
1.177,0.001177,7.79931489,0.313973284
1.178,0.001178,7.80281925,0.314140953
1.179,0.001179,7.80631764,0.314302507
1.18,0.00118,7.80978381,0.314463355
1.181,0.001181,7.81321872,0.314625056
1.182,0.001182,7.81662218,0.314797833
1.183,0.001183,7.81999766,0.314954605
1.184,0.001184,7.82334969,0.315104724
1.185,0.001185,7.8266986,0.315261082
1.186,0.001186,7.83008401,0.315419867
1.187,0.001187,7.83351832,0.315570768
1.188,0.001188,7.83700077,0.3157208
1.189,0.001189,7.84049069,0.315872733
1.19,0.00119,7.8439911,0.316019868
1.191,0.001191,7.84752962,0.31616593
1.192,0.001192,7.85103536,0.316304177
1.193,0.001193,7.85450382,0.316420797
1.194,0.001194,7.85801514,0.316519781
1.195,0.001195,7.86156502,0.316610062
1.196,0.001196,7.86515494,0.316701848
1.197,0.001197,7.8687637,0.316794318
1.198,0.001198,7.87238099,0.316898249
1.199,0.001199,7.87606767,0.3170178
1.2,0.0012,7.87980951,0.3171429
1.201,0.001201,7.88356954,0.31727708
1.202,0.001202,7.88732152,0.317413159
1.203,0.001203,7.89107395,0.317543679
1.204,0.001204,7.89480017,0.317657548
1.205,0.001205,7.89850473,0.317767544
1.206,0.001206,7.90222147,0.317858439
1.207,0.001207,7.90595002,0.317940802
1.208,0.001208,7.9096614,0.318022323
1.209,0.001209,7.91337795,0.318099939
1.21,0.00121,7.917101,0.318187681
1.211,0.001211,7.92083775,0.318288965
1.212,0.001212,7.92463237,0.318397074
1.213,0.001213,7.92845559,0.318512633
1.214,0.001214,7.93227217,0.318636023
1.215,0.001215,7.93601666,0.318751663
1.216,0.001216,7.93970126,0.318850823
1.217,0.001217,7.94333948,0.318930306
1.218,0.001218,7.94696247,0.319019133
1.219,0.001219,7.95060139,0.319116639
1.22,0.00122,7.95427127,0.319222924
1.221,0.001221,7.95794494,0.319332723
1.222,0.001222,7.96168339,0.319446898
1.223,0.001223,7.96550167,0.31955524
1.224,0.001224,7.96936827,0.319664871
1.225,0.001225,7.97326589,0.319785282
1.226,0.001226,7.97717272,0.319907194
1.227,0.001227,7.98109893,0.320034911
1.228,0.001228,7.98505294,0.320155255
1.229,0.001229,7.98902163,0.32027912
1.23,0.00123,7.99298809,0.320411714
1.231,0.001231,7.99695341,0.320542124
1.232,0.001232,8.00091621,0.320686456
1.233,0.001233,8.00484539,0.320829144
1.234,0.001234,8.00873685,0.320971047
1.235,0.001235,8.012617,0.321115212
1.236,0.001236,8.01651012,0.321259373
1.237,0.001237,8.02035567,0.321407248
1.238,0.001238,8.02412052,0.321545642
1.239,0.001239,8.02787355,0.321676183
1.24,0.00124,8.03161396,0.321812815
1.241,0.001241,8.0353266,0.321951145
1.242,0.001242,8.03905047,0.322091159
1.243,0.001243,8.04277178,0.322224951
1.244,0.001244,8.04650138,0.322353909
1.245,0.001245,8.05022486,0.322493071
1.246,0.001246,8.0539052,0.322632471
1.247,0.001247,8.05755448,0.322764153
1.248,0.001248,8.06113672,0.322884857
1.249,0.001249,8.06475568,0.322996225
1.25,0.00125,8.06836264,0.323113858
1.251,0.001251,8.07202348,0.323241022
1.252,0.001252,8.07574807,0.323366927
1.253,0.001253,8.07946024,0.323488378
1.254,0.001254,8.08316123,0.323602858
1.255,0.001255,8.08688746,0.323711928
1.256,0.001256,8.09064398,0.323817752
1.257,0.001257,8.09439208,0.323928888
1.258,0.001258,8.09817181,0.324036431
1.259,0.001259,8.1019283,0.324125924
1.26,0.00126,8.10561646,0.324200765
1.261,0.001261,8.10928466,0.324268603
1.262,0.001262,8.11295381,0.324339293
1.263,0.001263,8.11657938,0.324404791
1.264,0.001264,8.12020189,0.324482915
1.265,0.001265,8.12381848,0.324567736
1.266,0.001266,8.12735749,0.3246539
1.267,0.001267,8.13083847,0.324748454
1.268,0.001268,8.13425394,0.32484065
1.269,0.001269,8.13761505,0.324925114
1.27,0.00127,8.14090764,0.325002062
1.271,0.001271,8.14415019,0.325081467
1.272,0.001272,8.14741657,0.32515713
1.273,0.001273,8.15068324,0.325225918
1.274,0.001274,8.15392189,0.325291238
1.275,0.001275,8.15718547,0.325353535
1.276,0.001276,8.16043907,0.325408865
1.277,0.001277,8.16370628,0.325470579
1.278,0.001278,8.16695464,0.325537024
1.279,0.001279,8.17017015,0.325595491
1.28,0.00128,8.17336326,0.325647454
1.281,0.001281,8.17656421,0.325693575
1.282,0.001282,8.17980357,0.325742705
1.283,0.001283,8.18304375,0.325789464
1.284,0.001284,8.18631241,0.325817184
1.285,0.001285,8.18956083,0.325852668
1.286,0.001286,8.19285668,0.325895525
1.287,0.001287,8.19613477,0.325944055
1.288,0.001288,8.19939242,0.326007674
1.289,0.001289,8.20268027,0.326074634
1.29,0.00129,8.20597651,0.32614066
1.291,0.001291,8.20928615,0.326208584
1.292,0.001292,8.2126115,0.326280551
1.293,0.001293,8.21590926,0.326352008
1.294,0.001294,8.21916961,0.326426503
1.295,0.001295,8.22241267,0.32650325
1.296,0.001296,8.22561772,0.326581894
1.297,0.001297,8.22877629,0.326645697
1.298,0.001298,8.23193538,0.326701862
1.299,0.001299,8.23513871,0.326758233
1.3,0.0013,8.23836014,0.326819145
1.301,0.001301,8.24158868,0.326872131
1.302,0.001302,8.24482732,0.326917787
1.303,0.001303,8.24810942,0.326964564
1.304,0.001304,8.25137938,0.327022504
1.305,0.001305,8.25466642,0.327082547
1.306,0.001306,8.25796668,0.327136694
1.307,0.001307,8.2612943,0.327173597
1.308,0.001308,8.26460551,0.327194739
1.309,0.001309,8.26787153,0.327218516
1.31,0.00131,8.27114423,0.32726279
1.311,0.001311,8.27441735,0.327326098
1.312,0.001312,8.27769582,0.327396058
1.313,0.001313,8.28094306,0.32747172
1.314,0.001314,8.28418547,0.327546881
1.315,0.001315,8.28739314,0.327622783
1.316,0.001316,8.29057275,0.32770034
1.317,0.001317,8.29373365,0.327785864
1.318,0.001318,8.29688006,0.327868933
1.319,0.001319,8.30000383,0.32794414
1.32,0.00132,8.30310259,0.328007253
1.321,0.001321,8.30614161,0.32806869
1.322,0.001322,8.30916819,0.328126592
1.323,0.001323,8.31219598,0.32819148
1.324,0.001324,8.31520908,0.32824986
1.325,0.001325,8.31819527,0.328299739
1.326,0.001326,8.32115086,0.328345367
1.327,0.001327,8.32411345,0.328387861
1.328,0.001328,8.32708284,0.328454643
1.329,0.001329,8.33004751,0.328535036
1.33,0.00133,8.33301846,0.328607126
1.331,0.001331,8.33601769,0.328669031
1.332,0.001332,8.33908135,0.328723796
1.333,0.001333,8.34219158,0.328783287
1.334,0.001334,8.3453138,0.328846396
1.335,0.001335,8.34842048,0.328915113
1.336,0.001336,8.35148903,0.328975793
1.337,0.001337,8.35459209,0.329029632
1.338,0.001338,8.35776922,0.329083524
1.339,0.001339,8.36101367,0.329150016
1.34,0.00134,8.36427005,0.32921457
1.341,0.001341,8.36753085,0.329255202
1.342,0.001342,8.37083156,0.329287751
1.343,0.001343,8.37416242,0.329317448
1.344,0.001344,8.37752197,0.329337481
1.345,0.001345,8.3808932,0.329350147
1.346,0.001346,8.38427563,0.329365672
1.347,0.001347,8.38768745,0.329389787
1.348,0.001348,8.39112261,0.329413693
1.349,0.001349,8.39457296,0.329439085
1.35,0.00135,8.39806055,0.329458876
1.351,0.001351,8.40161844,0.329478649
1.352,0.001352,8.40518708,0.329504554
1.353,0.001353,8.40875481,0.329526259
1.354,0.001354,8.41241991,0.329550501
1.355,0.001355,8.41613947,0.329568409
1.356,0.001356,8.41984024,0.329578297
1.357,0.001357,8.42351209,0.329576676
1.358,0.001358,8.42711993,0.329556712
1.359,0.001359,8.43066281,0.329533025
1.36,0.00136,8.43418046,0.32950955
1.361,0.001361,8.43766066,0.329485499
1.362,0.001362,8.44113636,0.329480714
1.363,0.001363,8.44462355,0.329485723
1.364,0.001364,8.44814002,0.32949859
1.365,0.001365,8.45162202,0.329503019
1.366,0.001366,8.45508705,0.329510533
1.367,0.001367,8.45851655,0.329507308
1.368,0.001368,8.46193867,0.32949586
1.369,0.001369,8.46533054,0.329488308
1.37,0.00137,8.46867154,0.32947324
1.371,0.001371,8.47201312,0.329457978
1.372,0.001372,8.47540354,0.329451176
1.373,0.001373,8.47878989,0.329456116
1.374,0.001374,8.48212512,0.329461751
1.375,0.001375,8.48543043,0.329468095
1.376,0.001376,8.48872901,0.329484028
1.377,0.001377,8.49203906,0.329501327
1.378,0.001378,8.49534975,0.329527677
1.379,0.001379,8.49866405,0.329563282
1.38,0.00138,8.50197822,0.329591506
1.381,0.001381,8.5053481,0.329626457
1.382,0.001382,8.5087767,0.329657737
1.383,0.001383,8.51220874,0.329703572
1.384,0.001384,8.51562148,0.329761568
1.385,0.001385,8.519018,0.329829222
1.386,0.001386,8.5223996,0.329904698
1.387,0.001387,8.52574973,0.329984583
1.388,0.001388,8.52908239,0.330068869
1.389,0.001389,8.53241014,0.33015813
1.39,0.00139,8.53576414,0.330260609
1.391,0.001391,8.53911284,0.330366582
1.392,0.001392,8.54244392,0.330480259
1.393,0.001393,8.54573386,0.330598895
1.394,0.001394,8.54898429,0.330708174
1.395,0.001395,8.55222377,0.330808411
1.396,0.001396,8.55545348,0.330894434
1.397,0.001397,8.55867731,0.330972615
1.398,0.001398,8.56190621,0.331049948
1.399,0.001399,8.56514964,0.331132753
1.4,0.0014,8.56832961,0.331225342
1.401,0.001401,8.57146876,0.331335713
1.402,0.001402,8.57458418,0.331454588
1.403,0.001403,8.57767475,0.331579841
1.404,0.001404,8.58076079,0.331701002
1.405,0.001405,8.58388158,0.331827901
1.406,0.001406,8.58707397,0.331961657
1.407,0.001407,8.5902419,0.33208819
1.408,0.001408,8.59342274,0.332218906
1.409,0.001409,8.59665562,0.332354558
1.41,0.00141,8.59987539,0.332479073
1.411,0.001411,8.60304769,0.332597887
1.412,0.001412,8.60623374,0.33270778
1.413,0.001413,8.60945782,0.332813719
1.414,0.001414,8.61269437,0.332924335
1.415,0.001415,8.61592128,0.333037024
1.416,0.001416,8.61913565,0.333138433
1.417,0.001417,8.62231759,0.333225719
1.418,0.001418,8.62551645,0.333311949
1.419,0.001419,8.62869384,0.333393427
1.42,0.00142,8.63185493,0.333476603
1.421,0.001421,8.63502072,0.333569297
1.422,0.001422,8.6381742,0.333666445
1.423,0.001423,8.64134809,0.333773532
1.424,0.001424,8.6445693,0.333889944
1.425,0.001425,8.64778828,0.334024609
1.426,0.001426,8.65098912,0.33415294
1.427,0.001427,8.6541856,0.334277728
1.428,0.001428,8.65736811,0.334409555
1.429,0.001429,8.6605639,0.334544601
1.43,0.00143,8.66380963,0.334685281
1.431,0.001431,8.66708462,0.334808269
1.432,0.001432,8.67035983,0.334926071
1.433,0.001433,8.67367608,0.335039919
1.434,0.001434,8.6769977,0.335150993
1.435,0.001435,8.68032583,0.335262976
1.436,0.001436,8.68365235,0.335377421
1.437,0.001437,8.68696592,0.335481307
1.438,0.001438,8.69032593,0.335589644
1.439,0.001439,8.69370162,0.335719814
1.44,0.00144,8.69711524,0.335864336
1.441,0.001441,8.70057178,0.336004912
1.442,0.001442,8.70398527,0.336134324
1.443,0.001443,8.7073309,0.336257526
1.444,0.001444,8.71063054,0.336378317
1.445,0.001445,8.71391327,0.336479232
1.446,0.001446,8.71720556,0.336572217
1.447,0.001447,8.72048402,0.336671051
1.448,0.001448,8.72372579,0.336777731
1.449,0.001449,8.72698591,0.336885596
1.45,0.00145,8.73028267,0.336994162
1.451,0.001451,8.73357847,0.337109289
1.452,0.001452,8.73686819,0.337224709
1.453,0.001453,8.74014594,0.337332802
1.454,0.001454,8.74344427,0.337444793
1.455,0.001455,8.74674134,0.337557994
1.456,0.001456,8.75001633,0.337661506
1.457,0.001457,8.75331071,0.337781039
1.458,0.001458,8.75664578,0.337911042
1.459,0.001459,8.76005186,0.338035985
1.46,0.00146,8.76348538,0.338154457
1.461,0.001461,8.76696859,0.338262196
1.462,0.001462,8.77044441,0.338376066
1.463,0.001463,8.77390868,0.338492814
1.464,0.001464,8.77734059,0.338620218
1.465,0.001465,8.78081196,0.338753179
1.466,0.001466,8.78425902,0.338890519
1.467,0.001467,8.78769569,0.339037782
1.468,0.001468,8.79111267,0.33920036
1.469,0.001469,8.79448252,0.339363451
1.47,0.00147,8.797825,0.339528848
1.471,0.001471,8.80117096,0.339707576
1.472,0.001472,8.80450057,0.339893396
1.473,0.001473,8.80783912,0.340080852
1.474,0.001474,8.81115547,0.340276826
1.475,0.001475,8.81447483,0.340467197
1.476,0.001476,8.81783206,0.340647189
1.477,0.001477,8.82122114,0.340817629
1.478,0.001478,8.8246586,0.340990778
1.479,0.001479,8.82810365,0.341159138
1.48,0.00148,8.83157402,0.3413282
1.481,0.001481,8.8350851,0.341507495
1.482,0.001482,8.83857522,0.341691926
1.483,0.001483,8.84201184,0.341870678
1.484,0.001484,8.8453757,0.342041635
1.485,0.001485,8.84867972,0.342207874
1.486,0.001486,8.8519599,0.342375277
1.487,0.001487,8.85526439,0.342536899
1.488,0.001488,8.85857419,0.342684266
1.489,0.001489,8.86190061,0.342811022
1.49,0.00149,8.86527762,0.342934161
1.491,0.001491,8.86871212,0.343055317
1.492,0.001492,8.87211867,0.343183023
1.493,0.001493,8.87550101,0.343311395
1.494,0.001494,8.87885776,0.343441229
1.495,0.001495,8.88226199,0.343586227
1.496,0.001496,8.88568953,0.343747606
1.497,0.001497,8.88911814,0.343924536
1.498,0.001498,8.89253105,0.344106052
1.499,0.001499,8.89595207,0.344285827
1.5,0.0015,8.89941367,0.344465452
1.501,0.001501,8.90291244,0.344641982
1.502,0.001502,8.90641432,0.344817803
1.503,0.001503,8.90987792,0.344980936
1.504,0.001504,8.91335752,0.345137554
1.505,0.001505,8.91687378,0.345289602
1.506,0.001506,8.92041991,0.345439136
1.507,0.001507,8.9239796,0.345583523
1.508,0.001508,8.92762106,0.345726347
1.509,0.001509,8.93124843,0.345866305
1.51,0.00151,8.93483011,0.346017562
1.511,0.001511,8.93838425,0.346154795
1.512,0.001512,8.94187457,0.346284459
1.513,0.001513,8.94532984,0.346405489
1.514,0.001514,8.94877988,0.346522106
1.515,0.001515,8.9522278,0.346625473
1.516,0.001516,8.95571435,0.346729985
1.517,0.001517,8.95922831,0.346855872
1.518,0.001518,8.96275043,0.34698649
1.519,0.001519,8.96628662,0.347115371
1.52,0.00152,8.96987033,0.347253872
1.521,0.001521,8.97346488,0.347387868
1.522,0.001522,8.97706689,0.347513306
1.523,0.001523,8.98070733,0.347621023
1.524,0.001524,8.98441809,0.347722169
1.525,0.001525,8.98820361,0.347820809
1.526,0.001526,8.99204548,0.347927974
1.527,0.001527,8.99593093,0.348030278
1.528,0.001528,8.99983332,0.348118506
1.529,0.001529,9.0037123,0.34820946
1.53,0.00153,9.00755773,0.34830574
1.531,0.001531,9.0113495,0.348391362
1.532,0.001532,9.01511871,0.348456022
1.533,0.001533,9.01890645,0.348508049
1.534,0.001534,9.02264624,0.348548506
1.535,0.001535,9.02640003,0.348583467
1.536,0.001536,9.03017747,0.348616352
1.537,0.001537,9.0339334,0.348632835
1.538,0.001538,9.0376768,0.348643647
1.539,0.001539,9.04136034,0.348661497
1.54,0.00154,9.04500184,0.348665621
1.541,0.001541,9.04863374,0.348656744
1.542,0.001542,9.05224308,0.348633272
1.543,0.001543,9.0558468,0.34860263
1.544,0.001544,9.05945841,0.34858494
1.545,0.001545,9.06306789,0.348576679
1.546,0.001546,9.066657,0.348567919
1.547,0.001547,9.07024149,0.348560012
1.548,0.001548,9.07383754,0.348552986
1.549,0.001549,9.07746242,0.348537936
1.55,0.00155,9.08107921,0.348504293
1.551,0.001551,9.08469056,0.348458092
1.552,0.001552,9.08827068,0.348403598
1.553,0.001553,9.09186534,0.348343928
1.554,0.001554,9.09545472,0.348287295
1.555,0.001555,9.09909136,0.348243336
1.556,0.001556,9.10275252,0.348209633
1.557,0.001557,9.10645334,0.348172012
1.558,0.001558,9.11016879,0.348130888
1.559,0.001559,9.11385411,0.348085351
1.56,0.00156,9.11751534,0.348046422
1.561,0.001561,9.1211339,0.348003434
1.562,0.001562,9.12472374,0.347965103
1.563,0.001563,9.12829983,0.347918352
1.564,0.001564,9.13191182,0.347865089
1.565,0.001565,9.13553551,0.347803984
1.566,0.001566,9.13913195,0.347743322
1.567,0.001567,9.14270504,0.347688832
1.568,0.001568,9.14629728,0.347635564
1.569,0.001569,9.14991084,0.347576037
1.57,0.00157,9.15353914,0.34751314
1.571,0.001571,9.15719841,0.3474514
1.572,0.001572,9.16087533,0.347385628
1.573,0.001573,9.16456421,0.347326003
1.574,0.001574,9.16824556,0.347274863
1.575,0.001575,9.17197807,0.347214668
1.576,0.001576,9.17572396,0.347139244
1.577,0.001577,9.17946235,0.347051127
1.578,0.001578,9.1832013,0.346951446
1.579,0.001579,9.18692506,0.3468446
1.58,0.00158,9.19063365,0.346737741
1.581,0.001581,9.19433178,0.346630747
1.582,0.001582,9.19802653,0.346521576
1.583,0.001583,9.20173812,0.346412827
1.584,0.001584,9.20544337,0.346306493
1.585,0.001585,9.20910595,0.346192373
1.586,0.001586,9.21280448,0.346070249
1.587,0.001587,9.21652799,0.345945619
1.588,0.001588,9.22029363,0.345830313
1.589,0.001589,9.22406876,0.34573052
1.59,0.00159,9.22785001,0.34563469
1.591,0.001591,9.23169342,0.345537361
1.592,0.001592,9.23551132,0.34543658
1.593,0.001593,9.23929749,0.345335647
1.594,0.001594,9.2430706,0.345243537
1.595,0.001595,9.24683624,0.345152402
1.596,0.001596,9.25062689,0.345077694
1.597,0.001597,9.25442613,0.345003667
1.598,0.001598,9.25821723,0.344930881
1.599,0.001599,9.26202137,0.344859589
1.6,0.0016,9.26584041,0.344794882
1.601,0.001601,9.26965497,0.344733119
1.602,0.001602,9.27348872,0.344680172
1.603,0.001603,9.27732646,0.344628275
1.604,0.001604,9.28117211,0.344569993
1.605,0.001605,9.2850339,0.34449704
1.606,0.001606,9.28893972,0.344416212
1.607,0.001607,9.29286059,0.344327291
1.608,0.001608,9.2967277,0.344235558
1.609,0.001609,9.30057672,0.344151422
1.61,0.00161,9.304363,0.344073328
1.611,0.001611,9.30813951,0.344013843
1.612,0.001612,9.31199786,0.343967291
1.613,0.001613,9.31587551,0.343914447
1.614,0.001614,9.31980792,0.343872535
1.615,0.001615,9.32378159,0.34384383
1.616,0.001616,9.32777421,0.343825545
1.617,0.001617,9.33179201,0.343816271
1.618,0.001618,9.33577517,0.343812384
1.619,0.001619,9.33971932,0.343806957
1.62,0.00162,9.34362385,0.343801232
1.621,0.001621,9.34750034,0.343795835
1.622,0.001622,9.35135144,0.343782087
1.623,0.001623,9.35518802,0.343765366
1.624,0.001624,9.35904351,0.343756921
1.625,0.001625,9.36293366,0.343766311
1.626,0.001626,9.36682317,0.343782699
1.627,0.001627,9.37070373,0.343788908
1.628,0.001628,9.37458109,0.3437914
1.629,0.001629,9.37847309,0.343785833
1.63,0.00163,9.38241116,0.343780441
1.631,0.001631,9.38637826,0.343777315
1.632,0.001632,9.39034838,0.343781527
1.633,0.001633,9.39430617,0.343785821
1.634,0.001634,9.39826005,0.343783075
1.635,0.001635,9.40213742,0.343774491
1.636,0.001636,9.40591018,0.343764495
1.637,0.001637,9.40960645,0.343734292
1.638,0.001638,9.41325318,0.34371088
1.639,0.001639,9.41683367,0.343691934
1.64,0.00164,9.4204451,0.343685397
1.641,0.001641,9.42407361,0.343681039
1.642,0.001642,9.42770985,0.343678954
1.643,0.001643,9.43133774,0.343674714
1.644,0.001644,9.43497165,0.343677561
1.645,0.001645,9.43852477,0.343668106
1.646,0.001646,9.44203669,0.343644742
1.647,0.001647,9.44549978,0.343625347
1.648,0.001648,9.44891111,0.343602503
1.649,0.001649,9.45234177,0.343574978
1.65,0.00165,9.45579891,0.343544227
1.651,0.001651,9.45926524,0.343509171
1.652,0.001652,9.46275746,0.343477842
1.653,0.001653,9.46627458,0.343463405
1.654,0.001654,9.46983191,0.343446347
1.655,0.001655,9.47341891,0.343413951
1.656,0.001656,9.47708366,0.343383578
1.657,0.001657,9.48073431,0.343347452
1.658,0.001658,9.4843572,0.343318132
1.659,0.001659,9.48793756,0.343291598
1.66,0.00166,9.49151534,0.343273689
1.661,0.001661,9.49511733,0.343252201
1.662,0.001662,9.49874443,0.343233987
1.663,0.001663,9.5024224,0.343225615
1.664,0.001664,9.5061517,0.343231782
1.665,0.001665,9.50993275,0.343248792
1.666,0.001666,9.51369795,0.343261362
1.667,0.001667,9.51744673,0.343262943
1.668,0.001668,9.52118247,0.343254142
1.669,0.001669,9.52488915,0.343247902
1.67,0.00167,9.52857978,0.343249354
1.671,0.001671,9.53223574,0.343241698
1.672,0.001672,9.53594873,0.343221391
1.673,0.001673,9.53973082,0.343189182
1.674,0.001674,9.54352495,0.343157949
1.675,0.001675,9.54732816,0.343130623
1.676,0.001676,9.55119577,0.343107587
1.677,0.001677,9.55509007,0.343085176
1.678,0.001678,9.55898386,0.343056741
1.679,0.001679,9.56288694,0.343031729
1.68,0.00168,9.56683246,0.343023908
1.681,0.001681,9.57077077,0.343031545
1.682,0.001682,9.57471674,0.343037754
1.683,0.001683,9.57866644,0.343036637
1.684,0.001684,9.58263998,0.343033084
1.685,0.001685,9.58667905,0.343033231
1.686,0.001686,9.59071615,0.34303535
1.687,0.001687,9.59472661,0.343036536
1.688,0.001688,9.59864708,0.343029448
1.689,0.001689,9.60252042,0.343026027
1.69,0.00169,9.60640813,0.343036489
1.691,0.001691,9.61030508,0.343062987
1.692,0.001692,9.61422576,0.343099179
1.693,0.001693,9.61810184,0.343138812
1.694,0.001694,9.62195857,0.343180751
1.695,0.001695,9.62576194,0.343220973
1.696,0.001696,9.62953503,0.343267161
1.697,0.001697,9.63332509,0.343308678
1.698,0.001698,9.6371442,0.343343801
1.699,0.001699,9.64096289,0.343382145
1.7,0.0017,9.64479191,0.343434996
1.701,0.001701,9.64861323,0.343491592
1.702,0.001702,9.65242023,0.34354951
1.703,0.001703,9.65622554,0.343614465
1.704,0.001704,9.6599913,0.343682667
1.705,0.001705,9.66367597,0.34373862
1.706,0.001706,9.66732588,0.343798474
1.707,0.001707,9.67096393,0.34387806
1.708,0.001708,9.67457159,0.343961461
1.709,0.001709,9.67817953,0.344040677
1.71,0.00171,9.68179661,0.34411646
1.711,0.001711,9.68547534,0.344196106
1.712,0.001712,9.68921026,0.344275183
1.713,0.001713,9.69292133,0.34435023
1.714,0.001714,9.69662573,0.344414072
1.715,0.001715,9.70030893,0.344477019
1.716,0.001716,9.70397361,0.344532449
1.717,0.001717,9.70761925,0.344585688
1.718,0.001718,9.71125603,0.344631204
1.719,0.001719,9.71492478,0.344677246
1.72,0.00172,9.71860347,0.34471742
1.721,0.001721,9.72236126,0.344769433
1.722,0.001722,9.72615706,0.344827675
1.723,0.001723,9.72993214,0.344880857
1.724,0.001724,9.73369076,0.344933627
1.725,0.001725,9.7374787,0.344974745
1.726,0.001726,9.7413088,0.345018999
1.727,0.001727,9.74514044,0.345062137
1.728,0.001728,9.74894157,0.345102182
1.729,0.001729,9.75271938,0.345149915
1.73,0.00173,9.7565152,0.345208112
1.731,0.001731,9.76032286,0.345282041
1.732,0.001732,9.76413269,0.345359568
1.733,0.001733,9.76794737,0.345433339
1.734,0.001734,9.77178778,0.345510706
1.735,0.001735,9.77563323,0.345589365
1.736,0.001736,9.77946383,0.345661645
1.737,0.001737,9.78332822,0.345731
1.738,0.001738,9.78723443,0.345794306
1.739,0.001739,9.79115256,0.345862476
1.74,0.00174,9.79508596,0.34594512
1.741,0.001741,9.79904829,0.346044109
1.742,0.001742,9.8030347,0.346145036
1.743,0.001743,9.80705545,0.346242602
1.744,0.001744,9.8111057,0.346344818
1.745,0.001745,9.81516705,0.346445363
1.746,0.001746,9.81919552,0.346545341
1.747,0.001747,9.82322884,0.346644157
1.748,0.001748,9.82724635,0.34674758
1.749,0.001749,9.8312377,0.346855136
1.75,0.00175,9.8352141,0.346959156
1.751,0.001751,9.83913373,0.347068737
1.752,0.001752,9.84310887,0.347186964
1.753,0.001753,9.84720228,0.347306007
1.754,0.001754,9.851421,0.347438627
1.755,0.001755,9.85572386,0.347583349
1.756,0.001756,9.86002719,0.34773067
1.757,0.001757,9.86434248,0.347884035
1.758,0.001758,9.86866859,0.34804041
1.759,0.001759,9.87299761,0.348195174
1.76,0.00176,9.87728671,0.348348436
1.761,0.001761,9.88156004,0.348510965
1.762,0.001762,9.88586018,0.34867631
1.763,0.001763,9.89015974,0.348835159
1.764,0.001764,9.89446267,0.348989132
1.765,0.001765,9.8987701,0.349141139
1.766,0.001766,9.90300523,0.349291466
1.767,0.001767,9.90721043,0.3494328
1.768,0.001768,9.91139117,0.349578025
1.769,0.001769,9.91557308,0.349725535
1.77,0.00177,9.9197469,0.349873859
1.771,0.001771,9.92391708,0.350007682
1.772,0.001772,9.92806622,0.350121389
1.773,0.001773,9.93216415,0.350227381
1.774,0.001774,9.93628693,0.350336742
1.775,0.001775,9.94039478,0.350440046
1.776,0.001776,9.94439289,0.350551056
1.777,0.001777,9.94832092,0.350671441
1.778,0.001778,9.95221742,0.350786135
1.779,0.001779,9.95612728,0.350907767
1.78,0.00178,9.95998654,0.351037241
1.781,0.001781,9.96380076,0.351162296
1.782,0.001782,9.9675308,0.351277101
1.783,0.001783,9.97124661,0.351397048
1.784,0.001784,9.97491506,0.351518774
1.785,0.001785,9.97856486,0.351644307
1.786,0.001786,9.98222542,0.351763182
1.787,0.001787,9.98585964,0.351896794
1.788,0.001788,9.98945027,0.352048672
1.789,0.001789,9.99298987,0.352197472
1.79,0.00179,9.99654091,0.352352574
1.791,0.001791,10.0001211,0.352518923
1.792,0.001792,10.0037118,0.352688063
1.793,0.001793,10.0073187,0.352863087
1.794,0.001794,10.0109448,0.353045046
1.795,0.001795,10.0145977,0.353236202
1.796,0.001796,10.0183462,0.353430214
1.797,0.001797,10.0221305,0.353621622
1.798,0.001798,10.0259326,0.353810753
1.799,0.001799,10.0297162,0.353996826
1.8,0.0018,10.0335104,0.35418147
1.801,0.001801,10.03728,0.354365962
1.802,0.001802,10.04106,0.354542859
1.803,0.001803,10.0448476,0.354715122
1.804,0.001804,10.0486114,0.354895577
1.805,0.001805,10.0523878,0.355081919
1.806,0.001806,10.0561469,0.355274933
1.807,0.001807,10.0598812,0.355470972
1.808,0.001808,10.0636092,0.355659087
1.809,0.001809,10.0673127,0.355851485
1.81,0.00181,10.0709455,0.356050934
1.811,0.001811,10.0745731,0.356247307
1.812,0.001812,10.0781922,0.356438066
1.813,0.001813,10.0817804,0.356637635
1.814,0.001814,10.0853774,0.35683307
1.815,0.001815,10.0889669,0.357028675
1.816,0.001816,10.0925291,0.357232097
1.817,0.001817,10.0960928,0.357448615
1.818,0.001818,10.0996532,0.357675861
1.819,0.001819,10.103192,0.357897035
1.82,0.00182,10.1067406,0.358103255
1.821,0.001821,10.1103039,0.358308767
1.822,0.001822,10.1138847,0.358524116
1.823,0.001823,10.1174941,0.358750182
1.824,0.001824,10.1211104,0.358981208
1.825,0.001825,10.12473,0.359205151
1.826,0.001826,10.1284356,0.359435102
1.827,0.001827,10.1322004,0.359663411
1.828,0.001828,10.135974,0.359889244
1.829,0.001829,10.1397065,0.360122696
1.83,0.00183,10.1434217,0.360357746
1.831,0.001831,10.147132,0.360596195
1.832,0.001832,10.1508713,0.360829422
1.833,0.001833,10.1546097,0.361047664
1.834,0.001834,10.1583579,0.361257985
1.835,0.001835,10.1621072,0.361475035
1.836,0.001836,10.1658485,0.361693417
1.837,0.001837,10.1696037,0.361913566
1.838,0.001838,10.1733285,0.362120155
1.839,0.001839,10.1770127,0.36231514
1.84,0.00184,10.1806837,0.362511232
1.841,0.001841,10.1843032,0.362702875
1.842,0.001842,10.1879162,0.362907304
1.843,0.001843,10.1914727,0.363134953
1.844,0.001844,10.1950176,0.363377162
1.845,0.001845,10.1985662,0.363643725
1.846,0.001846,10.2021318,0.363929095
1.847,0.001847,10.2056827,0.364225586
1.848,0.001848,10.2092171,0.364525138
1.849,0.001849,10.2127869,0.364829184
1.85,0.00185,10.2163335,0.365124197
1.851,0.001851,10.2197949,0.365411423
1.852,0.001852,10.2232337,0.365693532
1.853,0.001853,10.2266696,0.365969356
1.854,0.001854,10.2300804,0.366241243
1.855,0.001855,10.2335102,0.366520445
1.856,0.001856,10.2368975,0.366793991
1.857,0.001857,10.2402503,0.367061148
1.858,0.001858,10.2436206,0.367328543
1.859,0.001859,10.2469986,0.36759218
1.86,0.00186,10.2503696,0.367843058
1.861,0.001861,10.2537665,0.368100212
1.862,0.001862,10.2571643,0.368365748
1.863,0.001863,10.2605617,0.368637654
1.864,0.001864,10.2640266,0.368907578
1.865,0.001865,10.2676222,0.369174362
1.866,0.001866,10.2712189,0.369438872
1.867,0.001867,10.2747724,0.369693435
1.868,0.001868,10.2782982,0.369946259
1.869,0.001869,10.2818684,0.370201526
1.87,0.00187,10.2854816,0.370463814
1.871,0.001871,10.289081,0.370727002
1.872,0.001872,10.2927211,0.370981039
1.873,0.001873,10.2964009,0.371232021
1.874,0.001874,10.3000905,0.371477609
1.875,0.001875,10.3037499,0.371727614
1.876,0.001876,10.3073428,0.371979478
1.877,0.001877,10.3108944,0.372230083
1.878,0.001878,10.3144088,0.372471397
1.879,0.001879,10.317894,0.372715797
1.88,0.00188,10.3214032,0.372975567
1.881,0.001881,10.3249626,0.373238672
1.882,0.001882,10.3285506,0.373487224
1.883,0.001883,10.3321578,0.373738708
1.884,0.001884,10.3357706,0.374004133
1.885,0.001885,10.3393458,0.374283308
1.886,0.001886,10.3429341,0.374576327
1.887,0.001887,10.3465102,0.374885882
1.888,0.001888,10.3501093,0.375195578
1.889,0.001889,10.3537578,0.375495337
1.89,0.00189,10.3573923,0.375780331
1.891,0.001891,10.3610024,0.376060881
1.892,0.001892,10.3646163,0.376340307
1.893,0.001893,10.3682403,0.376622977
1.894,0.001894,10.37189,0.376919588
1.895,0.001895,10.3755278,0.377214889
1.896,0.001896,10.3791533,0.377513306
1.897,0.001897,10.3827897,0.377815294
1.898,0.001898,10.3863817,0.378122457
1.899,0.001899,10.3899568,0.3784224
1.9,0.0019,10.3935046,0.378722693
1.901,0.001901,10.3970019,0.379033349
1.902,0.001902,10.4005094,0.379352312
1.903,0.001903,10.40405,0.379676302
1.904,0.001904,10.4075945,0.379992426
1.905,0.001905,10.4111602,0.380302324
1.906,0.001906,10.4147198,0.380622886
1.907,0.001907,10.4182955,0.380942033
1.908,0.001908,10.4218294,0.381278155
1.909,0.001909,10.4253666,0.381625689
1.91,0.00191,10.4289339,0.381962133
1.911,0.001911,10.4325298,0.382293456
1.912,0.001912,10.4361584,0.382633987
1.913,0.001913,10.4398651,0.382985083
1.914,0.001914,10.4436297,0.383347804
1.915,0.001915,10.4473876,0.38370445
1.916,0.001916,10.4511294,0.384048997
1.917,0.001917,10.4548773,0.384386011
1.918,0.001918,10.4586256,0.384707892
1.919,0.001919,10.4623973,0.38502358
1.92,0.00192,10.466181,0.385339705
1.921,0.001921,10.4699565,0.385640834
1.922,0.001922,10.4736661,0.385930163
1.923,0.001923,10.4773459,0.386208362
1.924,0.001924,10.4809842,0.386467536
1.925,0.001925,10.4846923,0.386727382
1.926,0.001926,10.4884691,0.386992651
1.927,0.001927,10.4922805,0.387260009
1.928,0.001928,10.4960567,0.387509213
1.929,0.001929,10.4998016,0.387741297
1.93,0.00193,10.5035447,0.387954268
1.931,0.001931,10.5073053,0.38817513
1.932,0.001932,10.511052,0.388408159
1.933,0.001933,10.5147701,0.388645698
1.934,0.001934,10.5184019,0.388868627
1.935,0.001935,10.5219466,0.389071569
1.936,0.001936,10.5254644,0.389271175
1.937,0.001937,10.5289759,0.389460107
1.938,0.001938,10.5324886,0.389635058
1.939,0.001939,10.536021,0.389805037
1.94,0.00194,10.5396117,0.389985787
1.941,0.001941,10.543258,0.390184029
1.942,0.001942,10.5469884,0.390404537
1.943,0.001943,10.5507411,0.390641592
1.944,0.001944,10.5545255,0.390883125
1.945,0.001945,10.5583038,0.391118118
1.946,0.001946,10.5620842,0.391353334
1.947,0.001947,10.5658475,0.391589022
1.948,0.001948,10.5696344,0.391822829
1.949,0.001949,10.5734057,0.392059239
1.95,0.00195,10.5771667,0.392299281
1.951,0.001951,10.580868,0.392543691
1.952,0.001952,10.5845194,0.392802086
1.953,0.001953,10.5881276,0.393056322
1.954,0.001954,10.5916775,0.393299033
1.955,0.001955,10.5951737,0.393530479
1.956,0.001956,10.5986767,0.39375597
1.957,0.001957,10.6021241,0.393963918
1.958,0.001958,10.6054887,0.394151809
1.959,0.001959,10.6088435,0.394331114
1.96,0.00196,10.6121523,0.394513717
1.961,0.001961,10.6154245,0.394708505
1.962,0.001962,10.6187115,0.394901069
1.963,0.001963,10.6220098,0.395092022
1.964,0.001964,10.6252787,0.395286879
1.965,0.001965,10.6285962,0.395496203
1.966,0.001966,10.6319362,0.395710949
1.967,0.001967,10.6352707,0.395933551
1.968,0.001968,10.6386016,0.396157202
1.969,0.001969,10.6418926,0.396392576
1.97,0.00197,10.6451689,0.396638298
1.971,0.001971,10.6484504,0.396886351
1.972,0.001972,10.6516553,0.397127533
1.973,0.001973,10.6548275,0.397355403
1.974,0.001974,10.6579981,0.397571266
1.975,0.001975,10.661167,0.397780768
1.976,0.001976,10.664301,0.397991956
1.977,0.001977,10.6674255,0.398194064
1.978,0.001978,10.6705514,0.398382363
1.979,0.001979,10.6736578,0.398575786
1.98,0.00198,10.6767287,0.39877528
1.981,0.001981,10.679779,0.398986522
1.982,0.001982,10.6828157,0.399202818
1.983,0.001983,10.6858228,0.399416824
1.984,0.001984,10.6887347,0.399625211
1.985,0.001985,10.6916125,0.399834223
1.986,0.001986,10.6944785,0.400034396
1.987,0.001987,10.6973246,0.400224965
1.988,0.001988,10.7001405,0.400401912
1.989,0.001989,10.702966,0.400585823
1.99,0.00199,10.7058153,0.400771045
1.991,0.001991,10.7086746,0.400965652
1.992,0.001992,10.7115582,0.401160677
1.993,0.001993,10.7144491,0.40135624
1.994,0.001994,10.7173389,0.401555991
1.995,0.001995,10.7202563,0.401769086
1.996,0.001996,10.7231995,0.401984894
1.997,0.001997,10.7261652,0.402212277
1.998,0.001998,10.729233,0.402433204
1.999,0.001999,10.7323894,0.402667027
2,0.002,10.7356335,0.402910087
2.001,0.002001,10.7389338,0.403164511
2.002,0.002002,10.7423141,0.403419535
2.003,0.002003,10.7457077,0.40367255
2.004,0.002004,10.7491386,0.403904391
2.005,0.002005,10.7525696,0.404103921
2.006,0.002006,10.7559619,0.404290184
2.007,0.002007,10.7593331,0.404485416
2.008,0.002008,10.7626882,0.404685142
2.009,0.002009,10.7659865,0.404875265
2.01,0.00201,10.7692774,0.405054262
2.011,0.002011,10.7726146,0.405237863
2.012,0.002012,10.7760025,0.405427943
2.013,0.002013,10.779442,0.405619992
2.014,0.002014,10.7829225,0.405822348
2.015,0.002015,10.7864122,0.406030745
2.016,0.002016,10.7898283,0.406234704
2.017,0.002017,10.7931894,0.406448747
2.018,0.002018,10.7965119,0.406664294
2.019,0.002019,10.7997946,0.406885992
2.02,0.00202,10.8030376,0.407092887
2.021,0.002021,10.806269,0.407285266
2.022,0.002022,10.8094521,0.407478263
2.023,0.002023,10.8126093,0.407672533
2.024,0.002024,10.8157317,0.407873724
2.025,0.002025,10.8188417,0.408083597
2.026,0.002026,10.8219195,0.408285603
2.027,0.002027,10.8249836,0.40848116
2.028,0.002028,10.8280458,0.408678905
2.029,0.002029,10.8310999,0.408885638
2.03,0.00203,10.8341591,0.409099566
2.031,0.002031,10.8371902,0.409312079
2.032,0.002032,10.8402376,0.409536939
2.033,0.002033,10.8433034,0.409769866
2.034,0.002034,10.8464082,0.410016715
2.035,0.002035,10.8495279,0.410256264
2.036,0.002036,10.8526697,0.410485283
2.037,0.002037,10.8558078,0.410719266
2.038,0.002038,10.8589792,0.410946412
2.039,0.002039,10.862127,0.411159431
2.04,0.00204,10.8652763,0.411354141
2.041,0.002041,10.8683772,0.41153518
2.042,0.002042,10.8714783,0.411703003
2.043,0.002043,10.8745607,0.411878056
2.044,0.002044,10.8776892,0.412057212
2.045,0.002045,10.8808373,0.412235853
2.046,0.002046,10.8839598,0.412414276
2.047,0.002047,10.887046,0.4125918
2.048,0.002048,10.8901033,0.412761457
2.049,0.002049,10.8931895,0.412939838
2.05,0.00205,10.8963095,0.413133925
2.051,0.002051,10.899459,0.413332533
2.052,0.002052,10.9025631,0.413534062
2.053,0.002053,10.9056564,0.413741264
2.054,0.002054,10.9087084,0.413934827
2.055,0.002055,10.9117368,0.414103685
2.056,0.002056,10.9147262,0.414265849
2.057,0.002057,10.9176826,0.41443523
2.058,0.002058,10.9206684,0.414612905
2.059,0.002059,10.9237044,0.414778195
2.06,0.00206,10.9267527,0.414941024
2.061,0.002061,10.9298619,0.415114838
2.062,0.002062,10.933025,0.415296388
2.063,0.002063,10.9361989,0.415483525
2.064,0.002064,10.9393427,0.415667528
2.065,0.002065,10.9424903,0.41584547
2.066,0.002066,10.9455762,0.416018558
2.067,0.002067,10.9486403,0.41619051
2.068,0.002068,10.9517089,0.416369521
2.069,0.002069,10.9547823,0.416545885
2.07,0.00207,10.9578581,0.416723656
2.071,0.002071,10.9608847,0.416903044
2.072,0.002072,10.9638821,0.417076197
2.073,0.002073,10.9668547,0.41723674
2.074,0.002074,10.969769,0.41738192
2.075,0.002075,10.9726625,0.417522881
2.076,0.002076,10.9755611,0.417670886
2.077,0.002077,10.9784646,0.417825142
2.078,0.002078,10.9814054,0.417983748
2.079,0.002079,10.9843836,0.418146975
2.08,0.00208,10.9873679,0.418324151
2.081,0.002081,10.9903547,0.418498361
2.082,0.002082,10.9932971,0.418665277
2.083,0.002083,10.9962231,0.418828014
2.084,0.002084,10.9991716,0.419002852
2.085,0.002085,11.0021404,0.419173094
2.086,0.002086,11.0051052,0.419350095
2.087,0.002087,11.0080564,0.419525262
2.088,0.002088,11.0109351,0.419701027
2.089,0.002089,11.0138109,0.419874552
2.09,0.00209,11.016647,0.420041786
2.091,0.002091,11.0194752,0.420197033
2.092,0.002092,11.0223167,0.420347719
2.093,0.002093,11.0251883,0.42049877
2.094,0.002094,11.0280514,0.420647548
2.095,0.002095,11.0309412,0.420790671
2.096,0.002096,11.0338104,0.420931336
2.097,0.002097,11.036676,0.421082021
2.098,0.002098,11.0394932,0.421231025
2.099,0.002099,11.0422359,0.421369273
2.1,0.0021,11.0449634,0.421494307
2.101,0.002101,11.0477167,0.421610705
2.102,0.002102,11.0505023,0.421731235
2.103,0.002103,11.0532812,0.42185402
2.104,0.002104,11.056099,0.421979132
2.105,0.002105,11.0589372,0.422112994
2.106,0.002106,11.0618293,0.422257611
2.107,0.002107,11.0647321,0.422410995
2.108,0.002108,11.0676559,0.422563098
2.109,0.002109,11.0706211,0.422703612
2.11,0.00211,11.0736253,0.422857573
2.111,0.002111,11.0766092,0.423019903
2.112,0.002112,11.0795829,0.423181825
2.113,0.002113,11.082567,0.423348218
2.114,0.002114,11.0856205,0.423512353
2.115,0.002115,11.0887687,0.423675757
2.116,0.002116,11.0920122,0.423829835
2.117,0.002117,11.095363,0.42398585
2.118,0.002118,11.0987701,0.424162291
2.119,0.002119,11.1021245,0.424337925
2.12,0.00212,11.1054352,0.424513628
2.121,0.002121,11.1086799,0.424687532
2.122,0.002122,11.1118534,0.424866021
2.123,0.002123,11.1149779,0.425035003
2.124,0.002124,11.118073,0.425196617
2.125,0.002125,11.121196,0.425360409
2.126,0.002126,11.1243386,0.425523948
2.127,0.002127,11.1274748,0.425680733
2.128,0.002128,11.1306027,0.425843843
2.129,0.002129,11.1337193,0.426016325
2.13,0.00213,11.1368559,0.426187361
2.131,0.002131,11.1400011,0.42636084
2.132,0.002132,11.1431388,0.426539606
2.133,0.002133,11.1462693,0.426715806
2.134,0.002134,11.1494063,0.426875628
2.135,0.002135,11.1525174,0.427035028
2.136,0.002136,11.1555764,0.427194982
2.137,0.002137,11.15858,0.427344377
2.138,0.002138,11.1615916,0.427497902
2.139,0.002139,11.1646424,0.427653444
2.14,0.00214,11.1677305,0.427797308
2.141,0.002141,11.1708452,0.427949969
2.142,0.002142,11.1739342,0.428103944
2.143,0.002143,11.1769986,0.428254296
2.144,0.002144,11.1800936,0.428402006
2.145,0.002145,11.1831847,0.428542973
2.146,0.002146,11.1862231,0.428689708
2.147,0.002147,11.1892831,0.428855027
2.148,0.002148,11.1924294,0.429035459
2.149,0.002149,11.1955831,0.429222352
2.15,0.00215,11.1987498,0.429401063
2.151,0.002151,11.2019406,0.429563839
2.152,0.002152,11.205129,0.429720771
2.153,0.002153,11.2083302,0.429882867
2.154,0.002154,11.2115315,0.430049945
2.155,0.002155,11.214684,0.430217495
2.156,0.002156,11.2177358,0.430390793
2.157,0.002157,11.2207542,0.430576806
2.158,0.002158,11.2237863,0.430769933
2.159,0.002159,11.2268694,0.43096854
2.16,0.00216,11.2300093,0.431162532
2.161,0.002161,11.2331304,0.431355747
2.162,0.002162,11.2362346,0.43155236
2.163,0.002163,11.2393202,0.431750189
2.164,0.002164,11.2424287,0.431937437
2.165,0.002165,11.2455619,0.432104891
2.166,0.002166,11.2487343,0.432266441
2.167,0.002167,11.2519319,0.432430292
2.168,0.002168,11.255118,0.432600217
2.169,0.002169,11.2583056,0.432784983
2.17,0.00217,11.2615395,0.432969137
2.171,0.002171,11.2648117,0.433158218
2.172,0.002172,11.2681193,0.433353182
2.173,0.002173,11.2714899,0.433552328
2.174,0.002174,11.2749357,0.43375393
2.175,0.002175,11.2784304,0.433965668
2.176,0.002176,11.2819624,0.434182588
2.177,0.002177,11.2854911,0.434410472
2.178,0.002178,11.2889852,0.434637482
2.179,0.002179,11.2924922,0.434873059
2.18,0.00218,11.2960197,0.435115814
2.181,0.002181,11.2996003,0.435359364
2.182,0.002182,11.3032277,0.435603022
2.183,0.002183,11.3068812,0.435828518
2.184,0.002184,11.310578,0.43604492
2.185,0.002185,11.3142899,0.436262132
2.186,0.002186,11.3179978,0.436482679
2.187,0.002187,11.3216491,0.436700046
2.188,0.002188,11.3252662,0.436916472
2.189,0.002189,11.3288769,0.437137615
2.19,0.00219,11.3325094,0.437364762
2.191,0.002191,11.3361828,0.437603886
2.192,0.002192,11.3398894,0.437843546
2.193,0.002193,11.3435869,0.438099999
2.194,0.002194,11.3472762,0.438361147
2.195,0.002195,11.350998,0.438618844
2.196,0.002196,11.3547542,0.43889537
2.197,0.002197,11.3585333,0.43917011
2.198,0.002198,11.3623723,0.439438489
2.199,0.002199,11.3663164,0.439706941
2.2,0.0022,11.3703494,0.439973074
2.201,0.002201,11.3743696,0.440249069
2.202,0.002202,11.3784195,0.440530149
2.203,0.002203,11.3824254,0.440815385
2.204,0.002204,11.3863831,0.441116872
2.205,0.002205,11.3902905,0.441432711
2.206,0.002206,11.3941738,0.441743653
2.207,0.002207,11.3981196,0.442040457
2.208,0.002208,11.4021419,0.442327936
2.209,0.002209,11.406185,0.442622361
2.21,0.00221,11.4102155,0.442919735
2.211,0.002211,11.4142728,0.44321153
2.212,0.002212,11.4183294,0.443499546
2.213,0.002213,11.422417,0.443789202
2.214,0.002214,11.4265336,0.444081044
2.215,0.002215,11.4306121,0.4443904
2.216,0.002216,11.4346992,0.4447176
2.217,0.002217,11.4388186,0.44505637
2.218,0.002218,11.4429767,0.445392016
2.219,0.002219,11.4471619,0.445714532
2.22,0.00222,11.4513547,0.446022335
2.221,0.002221,11.4555838,0.446332028
2.222,0.002222,11.4598496,0.446656097
2.223,0.002223,11.4641556,0.446996207
2.224,0.002224,11.4684022,0.447351049
2.225,0.002225,11.4725873,0.447708323
2.226,0.002226,11.4767281,0.448042433
2.227,0.002227,11.4807911,0.448357952
2.228,0.002228,11.4848612,0.448677561
2.229,0.002229,11.4889688,0.448984116
2.23,0.00223,11.4931178,0.449269231
2.231,0.002231,11.4972717,0.449545532
2.232,0.002232,11.5014347,0.449822536
2.233,0.002233,11.505571,0.450126263
2.234,0.002234,11.509745,0.450449476
2.235,0.002235,11.5139268,0.450784041
2.236,0.002236,11.5180689,0.451118684
2.237,0.002237,11.5221566,0.451439103
2.238,0.002238,11.526233,0.451748675
2.239,0.002239,11.5302616,0.452059811
2.24,0.00224,11.5342808,0.452376579
2.241,0.002241,11.5383432,0.452698104
2.242,0.002242,11.5423918,0.453031274
2.243,0.002243,11.5464321,0.453358862
2.244,0.002244,11.5504634,0.453684927
2.245,0.002245,11.5544966,0.454013688
2.246,0.002246,11.5585,0.454344827
2.247,0.002247,11.5624654,0.454667409
2.248,0.002248,11.5664332,0.454976999
2.249,0.002249,11.5703924,0.455282176
2.25,0.00225,11.5743801,0.455586588
2.251,0.002251,11.5783688,0.4558949
2.252,0.002252,11.5823985,0.45619385
2.253,0.002253,11.5864493,0.456489786
2.254,0.002254,11.5905307,0.456781197
2.255,0.002255,11.5946489,0.457082417
2.256,0.002256,11.5987472,0.457383244
2.257,0.002257,11.6028547,0.457690502
2.258,0.002258,11.6069582,0.457998605
2.259,0.002259,11.6110712,0.458296432
2.26,0.00226,11.6151558,0.458607045
2.261,0.002261,11.6191783,0.458922933
2.262,0.002262,11.6231912,0.459237804
2.263,0.002263,11.6272206,0.459559759
2.264,0.002264,11.6312096,0.459872881
2.265,0.002265,11.6351845,0.460181991
2.266,0.002266,11.6391431,0.460490574
2.267,0.002267,11.643129,0.460796058
2.268,0.002268,11.6471321,0.46110742
2.269,0.002269,11.6511367,0.461436656
2.27,0.00227,11.6551664,0.461777434
2.271,0.002271,11.6592165,0.462110759
2.272,0.002272,11.6632364,0.46244595
2.273,0.002273,11.6672417,0.462788856
2.274,0.002274,11.6712698,0.463134037
2.275,0.002275,11.6753456,0.463482808
2.276,0.002276,11.6793933,0.463836072
2.277,0.002277,11.683467,0.464192438
2.278,0.002278,11.6875271,0.464549225
2.279,0.002279,11.6915381,0.464906591
2.28,0.00228,11.6954996,0.465257368
2.281,0.002281,11.699446,0.465603183
2.282,0.002282,11.7034228,0.46595322
2.283,0.002283,11.7074274,0.466310189
2.284,0.002284,11.7114699,0.466680432
2.285,0.002285,11.7154978,0.467047746
2.286,0.002286,11.7195349,0.467408085
2.287,0.002287,11.7235264,0.467764071
2.288,0.002288,11.7274753,0.468124456
2.289,0.002289,11.7314421,0.468489616
2.29,0.00229,11.735411,0.468842676
2.291,0.002291,11.7393926,0.469187384
2.292,0.002292,11.7434218,0.469529843
2.293,0.002293,11.7474914,0.469867155
2.294,0.002294,11.7516237,0.470205889
2.295,0.002295,11.7557371,0.470533826
2.296,0.002296,11.7599082,0.47086704
2.297,0.002297,11.7641663,0.471209123
2.298,0.002298,11.7684542,0.471560782
2.299,0.002299,11.7727394,0.471915783
2.3,0.0023,11.7770641,0.472277251
2.301,0.002301,11.7813278,0.47263962
2.302,0.002302,11.7856135,0.473008158
2.303,0.002303,11.7899155,0.473388433
2.304,0.002304,11.7942258,0.473772304
2.305,0.002305,11.7985708,0.474148395
2.306,0.002306,11.8028671,0.474515284
2.307,0.002307,11.8071744,0.474881879
2.308,0.002308,11.8114731,0.475236038
2.309,0.002309,11.8157101,0.475579008
2.31,0.00231,11.8198921,0.475921283
2.311,0.002311,11.8241101,0.476263083
2.312,0.002312,11.828356,0.476625105
2.313,0.002313,11.8326495,0.477007706
2.314,0.002314,11.836988,0.477394581
2.315,0.002315,11.8412739,0.477774604
2.316,0.002316,11.8455576,0.478160094
2.317,0.002317,11.849854,0.478541305
2.318,0.002318,11.8541994,0.478928416
2.319,0.002319,11.858519,0.479323158
2.32,0.00232,11.8628224,0.479719753
2.321,0.002321,11.8670773,0.4801097
2.322,0.002322,11.8713082,0.480495599
2.323,0.002323,11.8755206,0.480890007
2.324,0.002324,11.8797378,0.481285007
2.325,0.002325,11.8839576,0.481681384
2.326,0.002326,11.8881923,0.48207695
2.327,0.002327,11.8924419,0.482469217
2.328,0.002328,11.8966814,0.482857123
2.329,0.002329,11.9009336,0.483244126
2.33,0.00233,11.9052278,0.483634777
2.331,0.002331,11.9095269,0.484021498
2.332,0.002332,11.9138268,0.484410421
2.333,0.002333,11.9181426,0.484792557
2.334,0.002334,11.92245,0.485174515
2.335,0.002335,11.9267473,0.4855712
2.336,0.002336,11.9310969,0.485963268
2.337,0.002337,11.9354609,0.486340021
2.338,0.002338,11.9398347,0.486711007
2.339,0.002339,11.9442518,0.487074739
2.34,0.00234,11.9487584,0.487448118
2.341,0.002341,11.9533261,0.487830071
2.342,0.002342,11.9578971,0.488206177
2.343,0.002343,11.9624898,0.488581823
2.344,0.002344,11.9671135,0.488964826
2.345,0.002345,11.9717625,0.489342041
2.346,0.002346,11.9764406,0.489718274
2.347,0.002347,11.9811734,0.490090327
2.348,0.002348,11.9859096,0.490456291
2.349,0.002349,11.9906494,0.490820222
2.35,0.00235,11.9954016,0.491162023
2.351,0.002351,12.0001668,0.491488137
2.352,0.002352,12.0049099,0.49180498
2.353,0.002353,12.0096508,0.492106512
2.354,0.002354,12.0144248,0.492406248
2.355,0.002355,12.0192112,0.492698521
2.356,0.002356,12.0239808,0.493000603
2.357,0.002357,12.0287608,0.493319448
2.358,0.002358,12.0335737,0.493648566
2.359,0.002359,12.0384193,0.493969502
2.36,0.00236,12.0432666,0.494284561
2.361,0.002361,12.0481633,0.494607241
2.362,0.002362,12.053077,0.494946545
2.363,0.002363,12.0580078,0.495290551
2.364,0.002364,12.0629659,0.495631743
2.365,0.002365,12.0679079,0.495976669
2.366,0.002366,12.0728317,0.496322556
2.367,0.002367,12.0777802,0.496665888
2.368,0.002368,12.0828054,0.497016018
2.369,0.002369,12.087864,0.497363692
2.37,0.00237,12.0929105,0.497711151
2.371,0.002371,12.0979466,0.498046497
2.372,0.002372,12.1029766,0.498385279
2.373,0.002373,12.1079772,0.498729517
2.374,0.002374,12.1129546,0.499073496
2.375,0.002375,12.1179003,0.499403181
2.376,0.002376,12.122852,0.499733407
2.377,0.002377,12.127828,0.500063611
2.378,0.002378,12.1328812,0.500391583
2.379,0.002379,12.13799,0.500723363
2.38,0.00238,12.1431447,0.501070828
2.381,0.002381,12.1483586,0.501421278
2.382,0.002382,12.1535706,0.501772718
2.383,0.002383,12.1587159,0.50211177
2.384,0.002384,12.1638307,0.502444438
2.385,0.002385,12.1689546,0.502767193
2.386,0.002386,12.1740917,0.503079077
2.387,0.002387,12.1793315,0.503411323
2.388,0.002388,12.1846203,0.503758789
2.389,0.002389,12.1899186,0.504125907
2.39,0.00239,12.1952335,0.504490177
2.391,0.002391,12.2005667,0.504837421
2.392,0.002392,12.2059263,0.50518921
2.393,0.002393,12.2113232,0.505552713
2.394,0.002394,12.2167825,0.505912999
2.395,0.002395,12.2223027,0.506274342
2.396,0.002396,12.2278441,0.506644187
2.397,0.002397,12.2333184,0.507034634
2.398,0.002398,12.2387564,0.50743403
2.399,0.002399,12.2442476,0.507850204
2.4,0.0024,12.2497262,0.508271187
2.401,0.002401,12.2551932,0.508688825
2.402,0.002402,12.2606896,0.509100378
2.403,0.002403,12.2662161,0.509512186
2.404,0.002404,12.2717479,0.509921075
2.405,0.002405,12.2773085,0.510327057
2.406,0.002406,12.2828609,0.510723063
2.407,0.002407,12.2883697,0.511098135
2.408,0.002408,12.2938631,0.511455172
2.409,0.002409,12.2993247,0.511803032
2.41,0.00241,12.3047377,0.512142614
2.411,0.002411,12.3101801,0.512471533
2.412,0.002412,12.315636,0.512801912
2.413,0.002413,12.3210842,0.513138521
2.414,0.002414,12.326515,0.513479943
2.415,0.002415,12.3319465,0.513832013
2.416,0.002416,12.337402,0.514184615
2.417,0.002417,12.3428314,0.514521128
2.418,0.002418,12.3482163,0.514853284
2.419,0.002419,12.3535561,0.515180661
2.42,0.00242,12.3588945,0.515501871
2.421,0.002421,12.3642183,0.515817981
2.422,0.002422,12.369514,0.516124682
2.423,0.002423,12.3748152,0.516439124
2.424,0.002424,12.3801469,0.516763389
2.425,0.002425,12.385522,0.517095907
2.426,0.002426,12.3909061,0.517438438
2.427,0.002427,12.3962496,0.517777124
2.428,0.002428,12.4015151,0.518117688
2.429,0.002429,12.4066881,0.518459688
2.43,0.00243,12.4118012,0.518795389
2.431,0.002431,12.416911,0.519143559
2.432,0.002432,12.421977,0.519499197
2.433,0.002433,12.4270285,0.519857727
2.434,0.002434,12.4320516,0.520216158
2.435,0.002435,12.4370306,0.520573438
2.436,0.002436,12.4420156,0.520919692
2.437,0.002437,12.4470278,0.52126925
2.438,0.002438,12.451984,0.521627925
2.439,0.002439,12.456937,0.521989087
2.44,0.00244,12.4618965,0.522354345
2.441,0.002441,12.4669079,0.522721211
2.442,0.002442,12.4719415,0.523080651
2.443,0.002443,12.4770155,0.523432222
2.444,0.002444,12.4821499,0.523791946
2.445,0.002445,12.487319,0.524154512
2.446,0.002446,12.4924765,0.524503119
2.447,0.002447,12.4976728,0.524838907
2.448,0.002448,12.5028547,0.525174227
2.449,0.002449,12.5080661,0.525518288
2.45,0.00245,12.5132898,0.525873241
2.451,0.002451,12.5185409,0.526233238
2.452,0.002452,12.52381,0.526596859
2.453,0.002453,12.5290944,0.526962446
2.454,0.002454,12.5344297,0.527334309
2.455,0.002455,12.5398366,0.527720487
2.456,0.002456,12.5452966,0.528115015
2.457,0.002457,12.5507351,0.528512428
2.458,0.002458,12.5561448,0.528908254
2.459,0.002459,12.5615061,0.529303993
2.46,0.00246,12.5668459,0.52969406
2.461,0.002461,12.5721777,0.530087956
2.462,0.002462,12.5775241,0.530483949
2.463,0.002463,12.58283,0.530875811
2.464,0.002464,12.5880731,0.531278481
2.465,0.002465,12.5933246,0.53168498
2.466,0.002466,12.5986072,0.532090937
2.467,0.002467,12.6039189,0.532501939
2.468,0.002468,12.6092745,0.532909356
2.469,0.002469,12.6146482,0.533307746
2.47,0.00247,12.6200053,0.533694954
2.471,0.002471,12.6253193,0.534076184
2.472,0.002472,12.6305905,0.534446808
2.473,0.002473,12.6358502,0.534817431
2.474,0.002474,12.6411058,0.535207775
2.475,0.002475,12.6463243,0.535613405
2.476,0.002476,12.6514929,0.536034287
2.477,0.002477,12.6566395,0.536460823
2.478,0.002478,12.6618128,0.536902943
2.479,0.002479,12.6669879,0.537361048
2.48,0.00248,12.672179,0.537813251
2.481,0.002481,12.6773863,0.538252976
2.482,0.002482,12.6825313,0.538673739
2.483,0.002483,12.6876276,0.539081871
2.484,0.002484,12.6926938,0.539479468
2.485,0.002485,12.6977455,0.539869197
2.486,0.002486,12.7027479,0.540238332
2.487,0.002487,12.707756,0.540594457
2.488,0.002488,12.71276,0.540937648
2.489,0.002489,12.7177735,0.541270083
2.49,0.00249,12.7228404,0.541600851
2.491,0.002491,12.7279825,0.54193834
2.492,0.002492,12.7331425,0.542280452
2.493,0.002493,12.7383029,0.542619401
2.494,0.002494,12.7435197,0.542960496
2.495,0.002495,12.7487448,0.543313005
2.496,0.002496,12.7539155,0.543664553
2.497,0.002497,12.7590051,0.544019856
2.498,0.002498,12.7640433,0.544373337
2.499,0.002499,12.769019,0.544727542
2.5,0.0025,12.7739874,0.545068693
2.501,0.002501,12.7789151,0.545411509
2.502,0.002502,12.7838083,0.545757826
2.503,0.002503,12.7886882,0.546098047
2.504,0.002504,12.793495,0.546411055
2.505,0.002505,12.7982364,0.546705592
2.506,0.002506,12.8030031,0.546999919
2.507,0.002507,12.8078013,0.547297886
2.508,0.002508,12.812606,0.547592693
2.509,0.002509,12.8173757,0.547884007
2.51,0.00251,12.822171,0.548172594
2.511,0.002511,12.827012,0.548461409
2.512,0.002512,12.8318499,0.548746514
2.513,0.002513,12.8366971,0.549032401
2.514,0.002514,12.8415936,0.549320587
2.515,0.002515,12.8465375,0.549608055
2.516,0.002516,12.8515509,0.549897647
2.517,0.002517,12.8565915,0.550200153
2.518,0.002518,12.8616657,0.550498308
2.519,0.002519,12.8667515,0.550798115
2.52,0.00252,12.871848,0.551106655
2.521,0.002521,12.8769439,0.55141972
2.522,0.002522,12.8820217,0.551725969
2.523,0.002523,12.8870953,0.552033355
2.524,0.002524,12.8922021,0.552344176
2.525,0.002525,12.8972656,0.55263946
2.526,0.002526,12.9022425,0.552914926
2.527,0.002527,12.9071741,0.553174501
2.528,0.002528,12.9120867,0.553437781
2.529,0.002529,12.9169614,0.553701795
2.53,0.00253,12.9218716,0.553965891
2.531,0.002531,12.9268053,0.554231783
2.532,0.002532,12.9317196,0.554499726
2.533,0.002533,12.9365816,0.554767007
2.534,0.002534,12.941467,0.555036011
2.535,0.002535,12.9463485,0.555313005
2.536,0.002536,12.9512319,0.555592869
2.537,0.002537,12.9561198,0.555870226
2.538,0.002538,12.9610379,0.556148336
2.539,0.002539,12.9660154,0.556417665
2.54,0.00254,12.9710203,0.556673699
2.541,0.002541,12.9760601,0.556935229
2.542,0.002542,12.9811228,0.557195963
2.543,0.002543,12.9862012,0.557462148
2.544,0.002544,12.9912964,0.557737736
2.545,0.002545,12.9963734,0.558024621
2.546,0.002546,13.0014868,0.558307146
2.547,0.002547,13.006664,0.558588584
2.548,0.002548,13.011836,0.558873929
2.549,0.002549,13.0170202,0.559162389
2.55,0.00255,13.0221748,0.559441747
2.551,0.002551,13.0272951,0.559712596
2.552,0.002552,13.0324676,0.559985637
2.553,0.002553,13.0376431,0.560256991
2.554,0.002554,13.0428159,0.560534948
2.555,0.002555,13.0479952,0.560817034
2.556,0.002556,13.0532271,0.561087443
2.557,0.002557,13.0585213,0.561341566
2.558,0.002558,13.0637649,0.561588937
2.559,0.002559,13.0689774,0.561833865
2.56,0.00256,13.0741869,0.562066955
2.561,0.002561,13.0793792,0.562288166
2.562,0.002562,13.0845562,0.562502596
2.563,0.002563,13.089798,0.562713999
2.564,0.002564,13.0950805,0.562937635
2.565,0.002565,13.1004219,0.563170304
2.566,0.002566,13.1058405,0.563400827
2.567,0.002567,13.1112947,0.563634551
2.568,0.002568,13.1167328,0.563862921
2.569,0.002569,13.1221327,0.564098035
2.57,0.00257,13.1274853,0.564346975
2.571,0.002571,13.1328043,0.564601564
2.572,0.002572,13.1381075,0.564836561
2.573,0.002573,13.1434326,0.565071459
2.574,0.002574,13.1487866,0.565312739
2.575,0.002575,13.1541614,0.565564505
2.576,0.002576,13.1594801,0.565815937
2.577,0.002577,13.1647045,0.56604928
2.578,0.002578,13.1698713,0.566266504
2.579,0.002579,13.1749847,0.566476697
2.58,0.00258,13.180064,0.566686558
2.581,0.002581,13.1851684,0.566896432
2.582,0.002582,13.1902913,0.567109576
2.583,0.002583,13.1954283,0.567316095
2.584,0.002584,13.2005774,0.567520671
2.585,0.002585,13.2057223,0.567733057
2.586,0.002586,13.2108512,0.567947102
2.587,0.002587,13.2159334,0.568160232
2.588,0.002588,13.2209488,0.568379585
2.589,0.002589,13.2259074,0.56859577
2.59,0.00259,13.2308483,0.568801984
2.591,0.002591,13.235833,0.569008705
2.592,0.002592,13.2408136,0.569215384
2.593,0.002593,13.2457598,0.56942229
2.594,0.002594,13.2506586,0.569640854
2.595,0.002595,13.2555589,0.569873125
2.596,0.002596,13.2604104,0.570109461
2.597,0.002597,13.2652235,0.570344804
2.598,0.002598,13.2700264,0.570585946
2.599,0.002599,13.2748085,0.570838231
2.6,0.0026,13.2796249,0.571091373
2.601,0.002601,13.2844605,0.571347375
2.602,0.002602,13.2893004,0.571605956
2.603,0.002603,13.2941327,0.57185149
2.604,0.002604,13.298969,0.572081582
2.605,0.002605,13.3038306,0.572297155
2.606,0.002606,13.3086999,0.572501706
2.607,0.002607,13.3135802,0.572701904
2.608,0.002608,13.3184514,0.572914407
2.609,0.002609,13.323353,0.573138306
2.61,0.00261,13.3282844,0.573356445
2.611,0.002611,13.3332789,0.57355362
2.612,0.002612,13.3382501,0.57375492
2.613,0.002613,13.3432297,0.573971984
2.614,0.002614,13.3482667,0.57420131
2.615,0.002615,13.3533855,0.574431825
2.616,0.002616,13.3585576,0.574667675
2.617,0.002617,13.3637887,0.574908352
2.618,0.002618,13.3691164,0.575152419
2.619,0.002619,13.3744608,0.575385899
2.62,0.00262,13.3797714,0.575619296
2.621,0.002621,13.385026,0.575857152
2.622,0.002622,13.3902227,0.576092472
2.623,0.002623,13.3953872,0.576331964
2.624,0.002624,13.400552,0.576582635
2.625,0.002625,13.4057247,0.57684601
2.626,0.002626,13.410917,0.577123476
2.627,0.002627,13.4161019,0.577407336
2.628,0.002628,13.421254,0.577692137
2.629,0.002629,13.426394,0.577982161
2.63,0.00263,13.431542,0.578276817
2.631,0.002631,13.4366979,0.578573886
2.632,0.002632,13.4418766,0.5788713
2.633,0.002633,13.4470893,0.579164892
2.634,0.002634,13.4523633,0.579459186
2.635,0.002635,13.4576665,0.579752928
2.636,0.002636,13.4628665,0.580031987
2.637,0.002637,13.4679907,0.580311666
2.638,0.002638,13.4731033,0.580592055
2.639,0.002639,13.478193,0.580868197
2.64,0.00264,13.48326,0.581150298
2.641,0.002641,13.4882694,0.58143291
2.642,0.002642,13.493289,0.581725731
2.643,0.002643,13.4983218,0.582007544
2.644,0.002644,13.5033755,0.58226379
2.645,0.002645,13.508395,0.582508516
2.646,0.002646,13.5133827,0.582751471
2.647,0.002647,13.5183416,0.582991353
2.648,0.002648,13.5232819,0.583227072
2.649,0.002649,13.5282209,0.583469808
2.65,0.00265,13.53311,0.583699895
2.651,0.002651,13.5379576,0.583920176
2.652,0.002652,13.542833,0.584136836
2.653,0.002653,13.5477182,0.584345876
2.654,0.002654,13.552622,0.584566782
2.655,0.002655,13.5575615,0.58479461
2.656,0.002656,13.5624936,0.585028207
2.657,0.002657,13.5674079,0.585271736
2.658,0.002658,13.5723404,0.585522588
2.659,0.002659,13.5772953,0.585778817
2.66,0.00266,13.5822622,0.586025359
2.661,0.002661,13.5872615,0.586268034
2.662,0.002662,13.5923074,0.586505065
2.663,0.002663,13.5973678,0.586741172
2.664,0.002664,13.6024371,0.586979895
2.665,0.002665,13.607492,0.587220226
2.666,0.002666,13.6125193,0.587459545
2.667,0.002667,13.6175102,0.587716382
2.668,0.002668,13.622459,0.587980432
2.669,0.002669,13.6273844,0.588242587
2.67,0.00267,13.6322722,0.588497986
2.671,0.002671,13.6371244,0.588760391
2.672,0.002672,13.6419187,0.589025766
2.673,0.002673,13.6466129,0.58930035
2.674,0.002674,13.6512586,0.589573344
2.675,0.002675,13.6559225,0.589842382
2.676,0.002676,13.6605883,0.590111576
2.677,0.002677,13.6652222,0.590380875
2.678,0.002678,13.6698153,0.590641391
2.679,0.002679,13.6743587,0.590897692
2.68,0.00268,13.6788393,0.591147208
2.681,0.002681,13.6832985,0.59137852
2.682,0.002682,13.687738,0.591610369
2.683,0.002683,13.6921563,0.59184248
2.684,0.002684,13.6965705,0.5920825
2.685,0.002685,13.7010209,0.592315733
2.686,0.002686,13.705513,0.592535244
2.687,0.002687,13.7100303,0.592744348
2.688,0.002688,13.7145494,0.592950753
2.689,0.002689,13.7191287,0.593152678
2.69,0.00269,13.7237234,0.593369545
2.691,0.002691,13.7283586,0.593597363
2.692,0.002692,13.7330084,0.593833435
2.693,0.002693,13.7376179,0.594067616
2.694,0.002694,13.7422008,0.594295866
2.695,0.002695,13.7467751,0.594520863
2.696,0.002696,13.7513821,0.594756613
2.697,0.002697,13.7559705,0.594979755
2.698,0.002698,13.7605373,0.595196905
2.699,0.002699,13.7651,0.595408467
2.7,0.0027,13.769688,0.595603452
2.701,0.002701,13.7743437,0.595792529
2.702,0.002702,13.7789954,0.595976964
2.703,0.002703,13.7836586,0.596165027
2.704,0.002704,13.7882869,0.596351693
2.705,0.002705,13.7928919,0.596543203
2.706,0.002706,13.7974747,0.596734118
2.707,0.002707,13.8020364,0.596924142
2.708,0.002708,13.8065455,0.597124948
2.709,0.002709,13.8110247,0.597322053
2.71,0.00271,13.8154665,0.597522793
2.711,0.002711,13.8198111,0.597724222
2.712,0.002712,13.8241191,0.59792717
2.713,0.002713,13.8284264,0.59812421
2.714,0.002714,13.832748,0.598312053
2.715,0.002715,13.8371108,0.598494149
2.716,0.002716,13.841485,0.598685833
2.717,0.002717,13.8458015,0.598891107
2.718,0.002718,13.8500835,0.599099395
2.719,0.002719,13.8543624,0.599312137
2.72,0.00272,13.8586449,0.599526787
2.721,0.002721,13.8628917,0.599739581
2.722,0.002722,13.8670647,0.599953113
2.723,0.002723,13.871233,0.600177026
2.724,0.002724,13.8753744,0.600407695
2.725,0.002725,13.8794833,0.600642893
2.726,0.002726,13.8835702,0.600893496
2.727,0.002727,13.887596,0.60114743
2.728,0.002728,13.8916144,0.601413487
2.729,0.002729,13.8956521,0.601685015
2.73,0.00273,13.899683,0.60195365
2.731,0.002731,13.9036816,0.602225037
2.732,0.002732,13.9076457,0.60248263
2.733,0.002733,13.9116509,0.602732777
2.734,0.002734,13.9156538,0.60297765
2.735,0.002735,13.9196738,0.603223538
2.736,0.002736,13.9237748,0.603473304
2.737,0.002737,13.927961,0.603730047
2.738,0.002738,13.9321474,0.603995572
2.739,0.002739,13.9362893,0.604267993
2.74,0.00274,13.9403856,0.604521486
2.741,0.002741,13.9444476,0.60477799
2.742,0.002742,13.9484399,0.605028785
2.743,0.002743,13.9524083,0.605275285
2.744,0.002744,13.9564047,0.605514963
2.745,0.002745,13.9604219,0.605749333
2.746,0.002746,13.9644777,0.605984969
2.747,0.002747,13.9686362,0.606217589
2.748,0.002748,13.9728149,0.60645142
2.749,0.002749,13.9770357,0.606706778
2.75,0.00275,13.9812914,0.606987251
2.751,0.002751,13.98555,0.607276957
2.752,0.002752,13.9897619,0.607555018
2.753,0.002753,13.9938829,0.607809779
2.754,0.002754,13.9979324,0.60806026
2.755,0.002755,14.0019903,0.608282492
2.756,0.002756,14.0060544,0.608489466
2.757,0.002757,14.0101136,0.608697221
2.758,0.002758,14.0141493,0.608912204
2.759,0.002759,14.0181776,0.609124602
2.76,0.00276,14.0223049,0.609349409
2.761,0.002761,14.0265146,0.609585824
2.762,0.002762,14.0307591,0.609824575
2.763,0.002763,14.0350235,0.610054097
2.764,0.002764,14.0392887,0.610258097
2.765,0.002765,14.0435371,0.610444485
2.766,0.002766,14.0477939,0.610624115
2.767,0.002767,14.0520476,0.610821105
2.768,0.002768,14.0563368,0.611031935
2.769,0.002769,14.0606562,0.61124244
2.77,0.00277,14.0649761,0.611467378
2.771,0.002771,14.069362,0.611704288
2.772,0.002772,14.0737716,0.611946183
2.773,0.002773,14.0782312,0.612192223
2.774,0.002774,14.082671,0.612429087
2.775,0.002775,14.0870458,0.612646586
2.776,0.002776,14.0914022,0.612838492
2.777,0.002777,14.0957141,0.613017728
2.778,0.002778,14.0999561,0.613195635
2.779,0.002779,14.1041611,0.613375863
2.78,0.00278,14.1083678,0.613564769
2.781,0.002781,14.1125555,0.613764701
2.782,0.002782,14.1167501,0.613967542
2.783,0.002783,14.120916,0.61417426
2.784,0.002784,14.1250371,0.614386488
2.785,0.002785,14.1290835,0.614595909
2.786,0.002786,14.1330738,0.614800558
2.787,0.002787,14.1369593,0.614978031
2.788,0.002788,14.1407585,0.615135836
2.789,0.002789,14.1444951,0.615281015
2.79,0.00279,14.1482525,0.615420036
2.791,0.002791,14.1520807,0.615561314
2.792,0.002792,14.1559553,0.615706507
2.793,0.002793,14.1599152,0.615860326
2.794,0.002794,14.1638959,0.616025459
2.795,0.002795,14.1678424,0.616207473
2.796,0.002796,14.1717615,0.61638811
2.797,0.002797,14.1756705,0.616576935
2.798,0.002798,14.179578,0.6167625
2.799,0.002799,14.1834601,0.616940462
2.8,0.0028,14.1873262,0.617114497
2.801,0.002801,14.1912086,0.617290219
2.802,0.002802,14.195125,0.617471184
2.803,0.002803,14.1990761,0.617654682
2.804,0.002804,14.2030572,0.617851664
2.805,0.002805,14.2070305,0.618059951
2.806,0.002806,14.211014,0.618281443
2.807,0.002807,14.2150173,0.618491717
2.808,0.002808,14.2190295,0.618700595
2.809,0.002809,14.2229954,0.618912161
2.81,0.00281,14.2269445,0.619120032
2.811,0.002811,14.2309419,0.619319062
2.812,0.002812,14.2349857,0.619511802
2.813,0.002813,14.2390335,0.61969264
2.814,0.002814,14.2430495,0.619881763
2.815,0.002815,14.2470183,0.620068535
2.816,0.002816,14.2509091,0.620245758
2.817,0.002817,14.2547741,0.620409502
2.818,0.002818,14.2586622,0.620561214
2.819,0.002819,14.2625617,0.620714207
2.82,0.00282,14.2664497,0.620869329
2.821,0.002821,14.2703847,0.621024278
2.822,0.002822,14.274282,0.621186018
2.823,0.002823,14.2781725,0.621352182
2.824,0.002824,14.2820622,0.621521259
2.825,0.002825,14.2860074,0.621687883
2.826,0.002826,14.2900121,0.621854209
2.827,0.002827,14.2940465,0.622030118
2.828,0.002828,14.2980273,0.622220747
2.829,0.002829,14.3019648,0.622403972
2.83,0.00283,14.3058838,0.622574813
2.831,0.002831,14.3097868,0.622745436
2.832,0.002832,14.3136958,0.622933816
2.833,0.002833,14.3176239,0.623122055
2.834,0.002834,14.3215996,0.62330925
2.835,0.002835,14.3255936,0.623489412
2.836,0.002836,14.3295902,0.623666427
2.837,0.002837,14.3335808,0.623842936
2.838,0.002838,14.3375545,0.624025722
2.839,0.002839,14.3414847,0.624201754
2.84,0.00284,14.3453768,0.624358419
2.841,0.002841,14.3492184,0.62450609
2.842,0.002842,14.3530181,0.62464557
2.843,0.002843,14.3567912,0.624791159
2.844,0.002844,14.3605595,0.624939472
2.845,0.002845,14.3643079,0.625093672
2.846,0.002846,14.368024,0.625258178
2.847,0.002847,14.3717148,0.625435268
2.848,0.002848,14.3753425,0.625626455
2.849,0.002849,14.3789158,0.625818463
2.85,0.00285,14.3824599,0.626016644
2.851,0.002851,14.3860315,0.626213326
2.852,0.002852,14.3896311,0.626407426
2.853,0.002853,14.3932607,0.626606126
2.854,0.002854,14.3969925,0.626814114
2.855,0.002855,14.4007944,0.627026191
2.856,0.002856,14.4046176,0.627239016
2.857,0.002857,14.4084894,0.627460599
2.858,0.002858,14.4123776,0.627688384
2.859,0.002859,14.4162679,0.627900416
2.86,0.00286,14.4201556,0.628099976
2.861,0.002861,14.4240427,0.628291584
2.862,0.002862,14.427944,0.628488591
2.863,0.002863,14.4318331,0.628683876
2.864,0.002864,14.4356924,0.628874079
2.865,0.002865,14.4395598,0.629064645
2.866,0.002866,14.44348,0.629231128
2.867,0.002867,14.4474136,0.629381796
2.868,0.002868,14.4513657,0.629537223
2.869,0.002869,14.4553195,0.629705233
2.87,0.00287,14.4592793,0.629878915
2.871,0.002871,14.4632269,0.630052583
2.872,0.002872,14.4671735,0.630230776
2.873,0.002873,14.47112,0.630407151
2.874,0.002874,14.4750399,0.630573475
2.875,0.002875,14.4789252,0.630744787
2.876,0.002876,14.4828296,0.630913519
2.877,0.002877,14.4867363,0.631079109
2.878,0.002878,14.4906339,0.631244554
2.879,0.002879,14.494514,0.631414035
2.88,0.00288,14.4983914,0.631589224
2.881,0.002881,14.502242,0.631768536
2.882,0.002882,14.506123,0.631952491
2.883,0.002883,14.5100074,0.632115666
2.884,0.002884,14.5138468,0.632277653
2.885,0.002885,14.5176345,0.632438178
2.886,0.002886,14.5213438,0.632603063
2.887,0.002887,14.5250001,0.632777853
2.888,0.002888,14.5286516,0.632949477
2.889,0.002889,14.5323275,0.633118416
2.89,0.00289,14.5360242,0.633296373
2.891,0.002891,14.5397583,0.633470661
2.892,0.002892,14.5435523,0.633646398
2.893,0.002893,14.547331,0.63381853
2.894,0.002894,14.5511765,0.633987453
2.895,0.002895,14.555037,0.634158212
2.896,0.002896,14.5588961,0.634340543
2.897,0.002897,14.5627945,0.634535302
2.898,0.002898,14.566733,0.634729816
2.899,0.002899,14.5707184,0.634928398
2.9,0.0029,14.5746903,0.635114018
2.901,0.002901,14.5787034,0.635294473
2.902,0.002902,14.5827362,0.635459674
2.903,0.002903,14.586733,0.635608149
2.904,0.002904,14.5907124,0.635748807
2.905,0.002905,14.5946852,0.635894536
2.906,0.002906,14.598693,0.636049789
2.907,0.002907,14.602665,0.636201889
2.908,0.002908,14.6065874,0.636340181
2.909,0.002909,14.6104818,0.636480265
2.91,0.00291,14.6143458,0.636625089
2.911,0.002911,14.6182168,0.636773038
2.912,0.002912,14.6221134,0.636908173
2.913,0.002913,14.626092,0.637036657
2.914,0.002914,14.6301407,0.637162062
2.915,0.002915,14.6342183,0.637283238
2.916,0.002916,14.6383397,0.637396735
2.917,0.002917,14.6424647,0.637509301
2.918,0.002918,14.6465519,0.637628022
2.919,0.002919,14.6505941,0.63775891
2.92,0.00292,14.6546001,0.637891239
2.921,0.002921,14.658628,0.638027688
2.922,0.002922,14.6626864,0.638172115
2.923,0.002923,14.666798,0.638316832
2.924,0.002924,14.6709746,0.638468391
2.925,0.002925,14.675206,0.638617229
2.926,0.002926,14.6794129,0.638752381
2.927,0.002927,14.6836068,0.63888608
2.928,0.002928,14.6878054,0.639013776
2.929,0.002929,14.6920059,0.639150931
2.93,0.00293,14.696241,0.639306832
2.931,0.002931,14.7004574,0.639448231
2.932,0.002932,14.7046639,0.639582365
2.933,0.002933,14.7088745,0.639710705
2.934,0.002934,14.7131315,0.639836804
2.935,0.002935,14.7174229,0.639967397
2.936,0.002936,14.7216926,0.640094031
2.937,0.002937,14.7259246,0.640204859
2.938,0.002938,14.7301333,0.640304075
2.939,0.002939,14.7343434,0.640385813
2.94,0.00294,14.7385412,0.640470801
2.941,0.002941,14.7427508,0.640565983
2.942,0.002942,14.746905,0.640666542
2.943,0.002943,14.7510173,0.640755712
2.944,0.002944,14.7550661,0.640840624
2.945,0.002945,14.7590911,0.640921052
2.946,0.002946,14.763135,0.640990966
2.947,0.002947,14.7671868,0.641059946
2.948,0.002948,14.771276,0.641135495
2.949,0.002949,14.7753236,0.641206562
2.95,0.00295,14.7793335,0.641275637
2.951,0.002951,14.7833319,0.641344005
2.952,0.002952,14.7873445,0.641410662
2.953,0.002953,14.7913682,0.64147858
2.954,0.002954,14.795455,0.641547828
2.955,0.002955,14.7995965,0.641624644
2.956,0.002956,14.8037954,0.641714832
2.957,0.002957,14.8080132,0.641809404
2.958,0.002958,14.812249,0.641910264
2.959,0.002959,14.8164719,0.642011987
2.96,0.00296,14.8207211,0.642108894
2.961,0.002961,14.8249853,0.642202762
2.962,0.002962,14.8292033,0.642282474
2.963,0.002963,14.8333818,0.642360757
2.964,0.002964,14.8375435,0.642436098
2.965,0.002965,14.8417197,0.642515009
2.966,0.002966,14.8459436,0.642599115
2.967,0.002967,14.8502239,0.642683931
2.968,0.002968,14.8545359,0.642763881
2.969,0.002969,14.8588548,0.642832384
2.97,0.00297,14.8631851,0.642899294
2.971,0.002971,14.8675169,0.642965113
2.972,0.002972,14.8717889,0.643037434
2.973,0.002973,14.8760241,0.643109662
2.974,0.002974,14.8802801,0.643180376
2.975,0.002975,14.8845375,0.643238462
2.976,0.002976,14.8887882,0.643284866
2.977,0.002977,14.8930747,0.643327269
2.978,0.002978,14.8974034,0.643376707
2.979,0.002979,14.9017409,0.643436831
2.98,0.00298,14.906066,0.643514742
2.981,0.002981,14.9104557,0.643601799
2.982,0.002982,14.9148546,0.643673257
2.983,0.002983,14.91931,0.64372796
2.984,0.002984,14.9238084,0.643783815
2.985,0.002985,14.9283272,0.643852353
2.986,0.002986,14.9329218,0.64394117
2.987,0.002987,14.9375127,0.644037966
2.988,0.002988,14.9420418,0.644133815
2.989,0.002989,14.9464895,0.644227263
2.99,0.00299,14.9509206,0.644308475
2.991,0.002991,14.9553537,0.644380953
2.992,0.002992,14.9597802,0.64445679
2.993,0.002993,14.9642393,0.644537617
2.994,0.002994,14.9687167,0.644615399
2.995,0.002995,14.9731639,0.644698502
2.996,0.002996,14.9775671,0.644788251
2.997,0.002997,14.9819419,0.644873697
2.998,0.002998,14.9863318,0.644963051
2.999,0.002999,14.9907668,0.645050644
3,0.003,14.9952497,0.645132773
3.001,0.003001,14.9997338,0.645213423
3.002,0.003002,15.0041568,0.64528813
3.003,0.003003,15.0085051,0.64535069
3.004,0.003004,15.0127924,0.645403908
3.005,0.003005,15.0170655,0.64545992
3.006,0.003006,15.0213369,0.645519736
3.007,0.003007,15.0256129,0.645589308
3.008,0.003008,15.0298419,0.64566666
3.009,0.003009,15.0339955,0.64574445
3.01,0.00301,15.038134,0.645827008
3.011,0.003011,15.0423467,0.645902002
3.012,0.003012,15.0466014,0.645962946
3.013,0.003013,15.0509489,0.64601774
3.014,0.003014,15.055365,0.646064611
3.015,0.003015,15.0597918,0.646106031
3.016,0.003016,15.0642397,0.646164075
3.017,0.003017,15.0687251,0.646234854
3.018,0.003018,15.0732197,0.646302828
3.019,0.003019,15.0777285,0.646358925
3.02,0.00302,15.0822703,0.64642754
3.021,0.003021,15.0868614,0.646506456
3.022,0.003022,15.0914334,0.646591223
3.023,0.003023,15.0960277,0.646666816
3.024,0.003024,15.1006259,0.646730274
3.025,0.003025,15.1052377,0.646787086
3.026,0.003026,15.1098455,0.646837343
3.027,0.003027,15.114436,0.646884187
3.028,0.003028,15.1189937,0.646939477
3.029,0.003029,15.1235097,0.646995368
3.03,0.00303,15.1280082,0.647055258
3.031,0.003031,15.1325011,0.647119917
3.032,0.003032,15.1369841,0.647188268
3.033,0.003033,15.1414688,0.647250308
3.034,0.003034,15.1459628,0.647311149
3.035,0.003035,15.1505087,0.647390715
3.036,0.003036,15.1550537,0.647473639
3.037,0.003037,15.1595494,0.647538139
3.038,0.003038,15.1639695,0.6476027
3.039,0.003039,15.1683245,0.647685551
3.04,0.00304,15.1725818,0.647778488
3.041,0.003041,15.1767864,0.647889182
3.042,0.003042,15.1809013,0.647999728
3.043,0.003043,15.1850094,0.648102424
3.044,0.003044,15.1891533,0.648211329
3.045,0.003045,15.1932967,0.648320136
3.046,0.003046,15.1974033,0.648436768
3.047,0.003047,15.2014685,0.648557865
3.048,0.003048,15.2055206,0.648696722
3.049,0.003049,15.2095767,0.648846908
3.05,0.00305,15.213625,0.648999272
3.051,0.003051,15.2176672,0.649143417
3.052,0.003052,15.2217191,0.649274141
3.053,0.003053,15.2257347,0.649405304
3.054,0.003054,15.2296958,0.649532866
3.055,0.003055,15.2336558,0.649665052
3.056,0.003056,15.2376528,0.649797422
3.057,0.003057,15.2416467,0.649931069
3.058,0.003058,15.2455933,0.650069027
3.059,0.003059,15.2494926,0.650209529
3.06,0.00306,15.253368,0.650343491
3.061,0.003061,15.2572532,0.650482016
3.062,0.003062,15.2611843,0.650625191
3.063,0.003063,15.2651218,0.650778562
3.064,0.003064,15.2690922,0.650941762
3.065,0.003065,15.2730997,0.651104599
3.066,0.003066,15.2771362,0.651265098
3.067,0.003067,15.2811907,0.651438258
3.068,0.003068,15.2852827,0.651617496
3.069,0.003069,15.2893897,0.651796817
3.07,0.00307,15.2934773,0.651958319
3.071,0.003071,15.2975355,0.652114402
3.072,0.003072,15.3015929,0.652263979
3.073,0.003073,15.3056483,0.6524113
3.074,0.003074,15.3097226,0.652558405
3.075,0.003075,15.3138172,0.6527227
3.076,0.003076,15.3178949,0.652896496
3.077,0.003077,15.3219652,0.653071725
3.078,0.003078,15.3260544,0.65324683
3.079,0.003079,15.3301483,0.653421237
3.08,0.00308,15.3342475,0.653593421
3.081,0.003081,15.3383536,0.653769605
3.082,0.003082,15.3424798,0.65395347
3.083,0.003083,15.3466813,0.654130371
3.084,0.003084,15.3509375,0.654311904
3.085,0.003085,15.3551936,0.654503442
3.086,0.003086,15.3594513,0.65469687
3.087,0.003087,15.3637238,0.654895702
3.088,0.003088,15.3679691,0.655094058
3.089,0.003089,15.372256,0.655288814
3.09,0.00309,15.3765549,0.655477094
3.091,0.003091,15.380838,0.655651511
3.092,0.003092,15.385045,0.655814268
3.093,0.003093,15.3891776,0.65596924
3.094,0.003094,15.3933002,0.656125745
3.095,0.003095,15.397396,0.656296077
3.096,0.003096,15.4015525,0.656476987
3.097,0.003097,15.4057366,0.656677428
3.098,0.003098,15.409998,0.656892802
3.099,0.003099,15.4143137,0.657121739
3.1,0.0031,15.4186789,0.657363346
3.101,0.003101,15.4230646,0.657613819
3.102,0.003102,15.4274528,0.657875066
3.103,0.003103,15.4318169,0.658135481
3.104,0.003104,15.4362367,0.658395748
3.105,0.003105,15.4406687,0.65865855
3.106,0.003106,15.4451382,0.658920192
3.107,0.003107,15.4496653,0.659179152
3.108,0.003108,15.4542508,0.659437988
3.109,0.003109,15.4588774,0.659695234
3.11,0.00311,15.4635607,0.659954598
3.111,0.003111,15.4682638,0.66021716
3.112,0.003112,15.4729307,0.660485543
3.113,0.003113,15.4775722,0.660760896
3.114,0.003114,15.4822293,0.661045021
3.115,0.003115,15.4869512,0.661327561
3.116,0.003116,15.4916965,0.661607924
3.117,0.003117,15.4964468,0.66188114
3.118,0.003118,15.5012168,0.662148567
3.119,0.003119,15.5059585,0.662420645
3.12,0.00312,15.5106856,0.662718712
3.121,0.003121,15.5154328,0.66303072
3.122,0.003122,15.5202159,0.663329811
3.123,0.003123,15.5250933,0.663635802
3.124,0.003124,15.5300091,0.663947793
3.125,0.003125,15.534912,0.664258303
3.126,0.003126,15.5397639,0.664563926
3.127,0.003127,15.5445353,0.664874609
3.128,0.003128,15.5492901,0.665196811
3.129,0.003129,15.5540843,0.665509024
3.13,0.00313,15.5589014,0.6658149
3.131,0.003131,15.5638119,0.666117617
3.132,0.003132,15.5687923,0.66643066
3.133,0.003133,15.5738397,0.666740544
3.134,0.003134,15.5789113,0.667025674
3.135,0.003135,15.5840142,0.667298742
3.136,0.003136,15.5891266,0.667563243
3.137,0.003137,15.5942575,0.667822535
3.138,0.003138,15.5993861,0.668077078
3.139,0.003139,15.604484,0.668329493
3.14,0.00314,15.6095778,0.668584072
3.141,0.003141,15.6146945,0.66884525
3.142,0.003142,15.6198002,0.66910713
3.143,0.003143,15.6249034,0.669363152
3.144,0.003144,15.6299566,0.669615042
3.145,0.003145,15.635005,0.669863844
3.146,0.003146,15.6400621,0.670119222
3.147,0.003147,15.6451211,0.670370358
3.148,0.003148,15.6501673,0.670619642
3.149,0.003149,15.6552134,0.670884885
3.15,0.00315,15.660213,0.671171424
3.151,0.003151,15.6651361,0.671470266
3.152,0.003152,15.670073,0.671763915
3.153,0.003153,15.6750069,0.672041541
3.154,0.003154,15.6799273,0.672315105
3.155,0.003155,15.684815,0.67257366
3.156,0.003156,15.6896679,0.672829265
3.157,0.003157,15.6944632,0.673090853
3.158,0.003158,15.6992595,0.673347342
3.159,0.003159,15.7040651,0.673601221
3.16,0.00316,15.7088556,0.673852749
3.161,0.003161,15.7137138,0.674099865
3.162,0.003162,15.7186438,0.674330539
3.163,0.003163,15.7236052,0.674559048
3.164,0.003164,15.7286167,0.674782216
3.165,0.003165,15.7336417,0.674995136
3.166,0.003166,15.7386977,0.675190389
3.167,0.003167,15.743836,0.675369245
3.168,0.003168,15.7490231,0.675544317
3.169,0.003169,15.7542428,0.675736698
3.17,0.00317,15.7594166,0.675941788
3.171,0.003171,15.7645651,0.676138422
3.172,0.003172,15.7696558,0.676317906
3.173,0.003173,15.7747048,0.67648274
3.174,0.003174,15.7797314,0.676637921
3.175,0.003175,15.7847467,0.676801219
3.176,0.003176,15.7897983,0.676975367
3.177,0.003177,15.7948452,0.677148592
3.178,0.003178,15.7999381,0.677316644
3.179,0.003179,15.8050659,0.677476212
3.18,0.00318,15.8101929,0.677626885
3.181,0.003181,15.815299,0.677771251
3.182,0.003182,15.8203982,0.677913247
3.183,0.003183,15.8255107,0.678063335
3.184,0.003184,15.8306208,0.678226085
3.185,0.003185,15.8357523,0.678402064
3.186,0.003186,15.8408055,0.678588525
3.187,0.003187,15.8457655,0.678771209
3.188,0.003188,15.8506735,0.678947305
3.189,0.003189,15.8555847,0.679114609
3.19,0.00319,15.8604562,0.67926022
3.191,0.003191,15.865338,0.679401467
3.192,0.003192,15.8702672,0.679547119
3.193,0.003193,15.8752082,0.679682872
3.194,0.003194,15.8801235,0.679798288
3.195,0.003195,15.8850345,0.679908931
3.196,0.003196,15.8899757,0.680018519
3.197,0.003197,15.8949033,0.680127069
3.198,0.003198,15.8998272,0.680230647
3.199,0.003199,15.9047473,0.680332551
3.2,0.0032,15.9096704,0.680430949
3.201,0.003201,15.9145796,0.68053896
3.202,0.003202,15.9194769,0.680648679
3.203,0.003203,15.9244239,0.680757299
3.204,0.003204,15.929366,0.680849883
3.205,0.003205,15.9342889,0.680939228
3.206,0.003206,15.9392012,0.681024659
3.207,0.003207,15.9440591,0.681102395
3.208,0.003208,15.9488671,0.681175666
3.209,0.003209,15.9535963,0.681245918
3.21,0.00321,15.9583279,0.681317957
3.211,0.003211,15.9630656,0.681387432
3.212,0.003212,15.9678102,0.681465507
3.213,0.003213,15.9725768,0.681539944
3.214,0.003214,15.9774002,0.681614099
3.215,0.003215,15.9821998,0.681680523
3.216,0.003216,15.9869941,0.681742529
3.217,0.003217,15.9917493,0.681796027
3.218,0.003218,15.9964602,0.68184948
3.219,0.003219,16.0011441,0.681917946
3.22,0.00322,16.0058525,0.681994935
3.221,0.003221,16.0105772,0.682072612
3.222,0.003222,16.0153164,0.682152508
3.223,0.003223,16.0200336,0.682222543
3.224,0.003224,16.0247472,0.682289671
3.225,0.003225,16.0294875,0.682365414
3.226,0.003226,16.0342403,0.68245353
3.227,0.003227,16.039062,0.682544646
3.228,0.003228,16.0439422,0.682632669
3.229,0.003229,16.0487666,0.682709639
3.23,0.00323,16.053526,0.682784104
3.231,0.003231,16.058309,0.682858502
3.232,0.003232,16.063054,0.682922978
3.233,0.003233,16.0678366,0.682995114
3.234,0.003234,16.0726122,0.683084134
3.235,0.003235,16.0773926,0.68317882
3.236,0.003236,16.0821382,0.683282936
3.237,0.003237,16.0868411,0.683395446
3.238,0.003238,16.0915169,0.68350614
3.239,0.003239,16.0961652,0.68360485
3.24,0.00324,16.100818,0.683706289
3.241,0.003241,16.1054276,0.683801709
3.242,0.003242,16.1099926,0.683896595
3.243,0.003243,16.1145565,0.684000526
3.244,0.003244,16.1191084,0.684122218
3.245,0.003245,16.1236551,0.684252973
3.246,0.003246,16.1282495,0.684393475
3.247,0.003247,16.1328392,0.68454359
3.248,0.003248,16.1374805,0.68469016
3.249,0.003249,16.1421837,0.684844229
3.25,0.00325,16.1469029,0.685004108
3.251,0.003251,16.151682,0.685179288
3.252,0.003252,16.1565117,0.685362922
3.253,0.003253,16.1614015,0.685545446
3.254,0.003254,16.1663561,0.68572471
3.255,0.003255,16.1713729,0.68591957
3.256,0.003256,16.1763977,0.686124456
3.257,0.003257,16.1813992,0.686338081
3.258,0.003258,16.186473,0.686555837
3.259,0.003259,16.1916225,0.686763549
3.26,0.00326,16.1967835,0.68695738
3.261,0.003261,16.2018899,0.687137871
3.262,0.003262,16.2070249,0.687310112
3.263,0.003263,16.2121897,0.687504215
3.264,0.003264,16.2174017,0.687704007
3.265,0.003265,16.2226177,0.687892547
3.266,0.003266,16.2278629,0.688065081
3.267,0.003267,16.2331054,0.68822586
3.268,0.003268,16.2383737,0.688377777
3.269,0.003269,16.2436424,0.68852445
3.27,0.00327,16.2488884,0.688676051
3.271,0.003271,16.254105,0.68883864
3.272,0.003272,16.259267,0.689005001
3.273,0.003273,16.2643807,0.689168397
3.274,0.003274,16.2694628,0.689335978
3.275,0.003275,16.2744593,0.689513456
3.276,0.003276,16.2794076,0.689688929
3.277,0.003277,16.2843654,0.689873276
3.278,0.003278,16.2893445,0.690057471
3.279,0.003279,16.2943262,0.690237606
3.28,0.00328,16.2993234,0.690407888
3.281,0.003281,16.3043232,0.690578147
3.282,0.003282,16.309268,0.690752577
3.283,0.003283,16.3142703,0.690930392
3.284,0.003284,16.3193524,0.691096037
3.285,0.003285,16.3244618,0.691264355
3.286,0.003286,16.3295327,0.691436078
3.287,0.003287,16.3345176,0.691601112
3.288,0.003288,16.3394387,0.691773953
3.289,0.003289,16.3443179,0.691944431
3.29,0.00329,16.3491843,0.692099153
3.291,0.003291,16.3541032,0.692260698
3.292,0.003292,16.3590639,0.692428256
3.293,0.003293,16.3640644,0.692601932
3.294,0.003294,16.3691207,0.692787336
3.295,0.003295,16.3741702,0.692968502
3.296,0.003296,16.3792163,0.693144402
3.297,0.003297,16.3842289,0.693323909
3.298,0.003298,16.3892044,0.693494717
3.299,0.003299,16.3941519,0.693655643
3.3,0.0033,16.3990706,0.693806001
3.301,0.003301,16.4039754,0.693955518
3.302,0.003302,16.4088646,0.694111359
3.303,0.003303,16.4137126,0.694264826
3.304,0.003304,16.4185279,0.694427224
3.305,0.003305,16.4232856,0.694580448
3.306,0.003306,16.4280035,0.694725406
3.307,0.003307,16.4327384,0.694858304
3.308,0.003308,16.4374779,0.694981175
3.309,0.003309,16.442166,0.695096788
3.31,0.00331,16.4468693,0.695207461
3.311,0.003311,16.4516213,0.695319354
3.312,0.003312,16.4564084,0.695432281
3.313,0.003313,16.4612116,0.695551962
3.314,0.003314,16.4660313,0.695684836
3.315,0.003315,16.4708709,0.695827854
3.316,0.003316,16.4756746,0.695976652
3.317,0.003317,16.4804647,0.696141647
3.318,0.003318,16.4852782,0.696302452
3.319,0.003319,16.4900736,0.696448447
3.32,0.00332,16.4948452,0.696586241
3.321,0.003321,16.4996282,0.69671496
3.322,0.003322,16.5044422,0.6968549
3.323,0.003323,16.5092382,0.697004238
3.324,0.003324,16.5140276,0.697151131
3.325,0.003325,16.5188753,0.697292561
3.326,0.003326,16.5237966,0.697425598
3.327,0.003327,16.5287498,0.697562511
3.328,0.003328,16.5336829,0.697702546
3.329,0.003329,16.5386801,0.697839258
3.33,0.00333,16.5436723,0.697970827
3.331,0.003331,16.5486092,0.698108494
3.332,0.003332,16.5535183,0.698246877
3.333,0.003333,16.5583811,0.698374018
3.334,0.003334,16.5631734,0.69850144
3.335,0.003335,16.5679355,0.698634402
3.336,0.003336,16.5727317,0.698762644
3.337,0.003337,16.5775609,0.698880972
3.338,0.003338,16.5824551,0.698991244
3.339,0.003339,16.5873755,0.699086894
3.34,0.00334,16.5923104,0.699172867
3.341,0.003341,16.5972996,0.699268332
3.342,0.003342,16.6023651,0.699360956
3.343,0.003343,16.607412,0.699440038
3.344,0.003344,16.6124959,0.699517439
3.345,0.003345,16.6175441,0.699608601
3.346,0.003346,16.6225924,0.699702657
3.347,0.003347,16.6276642,0.699796468
3.348,0.003348,16.6327464,0.699889825
3.349,0.003349,16.6378517,0.699978749
3.35,0.00335,16.642994,0.700067298
3.351,0.003351,16.6482045,0.700156189
3.352,0.003352,16.6534417,0.700252114
3.353,0.003353,16.6586992,0.70035122
3.354,0.003354,16.6639689,0.700460166
3.355,0.003355,16.6692509,0.700567804
3.356,0.003356,16.6745146,0.700672236
3.357,0.003357,16.6797392,0.70078401
3.358,0.003358,16.6849574,0.700894182
3.359,0.003359,16.6901843,0.701004535
3.36,0.00336,16.6954037,0.701124169
3.361,0.003361,16.7005697,0.701229248
3.362,0.003362,16.7056837,0.701312215
3.363,0.003363,16.7108391,0.701394715
3.364,0.003364,16.7159823,0.701479914
3.365,0.003365,16.721149,0.701556034
3.366,0.003366,16.7263478,0.701635374
3.367,0.003367,16.7315154,0.701722174
3.368,0.003368,16.7366235,0.70178777
3.369,0.003369,16.7417034,0.701846574
3.37,0.00337,16.74678,0.701910843
3.371,0.003371,16.7518846,0.70199295
3.372,0.003372,16.7569772,0.702087796
3.373,0.003373,16.7620469,0.702170017
3.374,0.003374,16.7671695,0.70223603
3.375,0.003375,16.7723211,0.702290466
3.376,0.003376,16.7775111,0.702337029
3.377,0.003377,16.7826883,0.70236356
3.378,0.003378,16.7878559,0.702381876
3.379,0.003379,16.7930782,0.702407019
3.38,0.00338,16.7983188,0.702435681
3.381,0.003381,16.8035913,0.702464581
3.382,0.003382,16.8088572,0.702477141
3.383,0.003383,16.814088,0.702469492
3.384,0.003384,16.819305,0.702464846
3.385,0.003385,16.8245167,0.702465272
3.386,0.003386,16.8297674,0.702469786
3.387,0.003387,16.8350751,0.702473246
3.388,0.003388,16.8404128,0.702490108
3.389,0.003389,16.8458227,0.702515058
3.39,0.00339,16.8513019,0.702553038
3.391,0.003391,16.8567617,0.702576024
3.392,0.003392,16.8621762,0.702593852
3.393,0.003393,16.8676145,0.702615185
3.394,0.003394,16.8730587,0.702645084
3.395,0.003395,16.8784346,0.702670594
3.396,0.003396,16.8837884,0.702691549
3.397,0.003397,16.8891181,0.702717912
3.398,0.003398,16.8944332,0.70275924
3.399,0.003399,16.8997332,0.702808776
3.4,0.0034,16.9050207,0.70284822
3.401,0.003401,16.9103351,0.702880151
3.402,0.003402,16.9157275,0.702925423
3.403,0.003403,16.9212115,0.702982301
3.404,0.003404,16.926746,0.703031401
3.405,0.003405,16.9323256,0.703078577
3.406,0.003406,16.9378724,0.70313018
3.407,0.003407,16.9433573,0.703174897
3.408,0.003408,16.94878,0.703206581
3.409,0.003409,16.954161,0.703217492
3.41,0.00341,16.9595462,0.703221136
3.411,0.003411,16.9649213,0.703233138
3.412,0.003412,16.9702531,0.703251347
3.413,0.003413,16.9755579,0.703266797
3.414,0.003414,16.9808243,0.703280357
3.415,0.003415,16.9860346,0.703285484
3.416,0.003416,16.9912143,0.703287787
3.417,0.003417,16.9962965,0.703274655
3.418,0.003418,17.0013035,0.703260204
3.419,0.003419,17.0062273,0.703257248
3.42,0.00342,17.0110684,0.703255231
3.421,0.003421,17.0158389,0.703274856
3.422,0.003422,17.0206278,0.703293191
3.423,0.003423,17.0254262,0.703297145
3.424,0.003424,17.0302611,0.703292876
3.425,0.003425,17.0351319,0.7032955
3.426,0.003426,17.0400326,0.703296297
3.427,0.003427,17.0449216,0.703287762
3.428,0.003428,17.0497604,0.703269747
3.429,0.003429,17.0545488,0.703257927
3.43,0.00343,17.059349,0.703258514
3.431,0.003431,17.0641826,0.703265396
3.432,0.003432,17.0689862,0.703268556
3.433,0.003433,17.0737122,0.703271027
3.434,0.003434,17.0784122,0.703285942
3.435,0.003435,17.0830693,0.703305951
3.436,0.003436,17.0877077,0.703320769
3.437,0.003437,17.0923096,0.703335973
3.438,0.003438,17.0968661,0.703345448
3.439,0.003439,17.1013657,0.70336489
3.44,0.00344,17.1058228,0.703391615
3.441,0.003441,17.1102152,0.703421745
3.442,0.003442,17.1145603,0.703453083
3.443,0.003443,17.1188942,0.703485328
3.444,0.003444,17.1232182,0.703515253
3.445,0.003445,17.1275609,0.703542149
3.446,0.003446,17.1319475,0.70356643
3.447,0.003447,17.1363538,0.703581688
3.448,0.003448,17.1407937,0.703598183
3.449,0.003449,17.1452246,0.70361729
3.45,0.00345,17.1496022,0.703656726
3.451,0.003451,17.1540042,0.703712698
3.452,0.003452,17.1584088,0.703763135
3.453,0.003453,17.1628059,0.703803358
3.454,0.003454,17.1671742,0.703827241
3.455,0.003455,17.1715081,0.703848639
3.456,0.003456,17.1758459,0.703873627
3.457,0.003457,17.180223,0.703892584
3.458,0.003458,17.1846478,0.703905264
3.459,0.003459,17.1890583,0.703904576
3.46,0.00346,17.1934015,0.703889094
3.461,0.003461,17.1976867,0.70386865
3.462,0.003462,17.2018655,0.703846419
3.463,0.003463,17.2060061,0.703820788
3.464,0.003464,17.2101115,0.703795189
3.465,0.003465,17.2142501,0.703779297
3.466,0.003466,17.2183844,0.703759105
3.467,0.003467,17.2225497,0.703732338
3.468,0.003468,17.2267688,0.703698552
3.469,0.003469,17.2309774,0.703658058
3.47,0.00347,17.2352259,0.703624279
3.471,0.003471,17.2395034,0.703600257
3.472,0.003472,17.2438109,0.703582865
3.473,0.003473,17.2480965,0.70355994
3.474,0.003474,17.2523514,0.703533641
3.475,0.003475,17.2566027,0.703502818
3.476,0.003476,17.260838,0.703473957
3.477,0.003477,17.2650102,0.703435443
3.478,0.003478,17.2691755,0.703382338
3.479,0.003479,17.2733503,0.703326641
3.48,0.00348,17.2774768,0.703265544
3.481,0.003481,17.2815559,0.703203825
3.482,0.003482,17.2856149,0.703152393
3.483,0.003483,17.2896769,0.703099456
3.484,0.003484,17.2936924,0.703049684
3.485,0.003485,17.2976779,0.70300328
3.486,0.003486,17.3015886,0.702960287
3.487,0.003487,17.3054763,0.702926254
3.488,0.003488,17.3093339,0.702894968
3.489,0.003489,17.3131841,0.702859155
3.49,0.00349,17.3170052,0.702819355
3.491,0.003491,17.3207628,0.702770656
3.492,0.003492,17.3245204,0.702723684
3.493,0.003493,17.3283049,0.702680776
3.494,0.003494,17.3320341,0.702639988
3.495,0.003495,17.3357426,0.702610321
3.496,0.003496,17.3394695,0.702594882
3.497,0.003497,17.3432424,0.702604286
3.498,0.003498,17.347029,0.702630155
3.499,0.003499,17.3508195,0.702663623
3.5,0.0035,17.3546865,0.702701629
3.501,0.003501,17.3586367,0.702738241
3.502,0.003502,17.3626282,0.7027681
3.503,0.003503,17.3666072,0.70278889
3.504,0.003504,17.3705195,0.702787589
3.505,0.003505,17.3743824,0.702775644
3.506,0.003506,17.3782274,0.702778834
3.507,0.003507,17.3820811,0.702806464
3.508,0.003508,17.3859734,0.702836994
3.509,0.003509,17.3898585,0.702844964
3.51,0.00351,17.3937318,0.702848907
3.511,0.003511,17.3975969,0.702848257
3.512,0.003512,17.4014548,0.70283749
3.513,0.003513,17.4053288,0.702809703
3.514,0.003514,17.4092315,0.702787247
3.515,0.003515,17.4131492,0.702760719
3.516,0.003516,17.4170749,0.702727684
3.517,0.003517,17.4210275,0.702678396
3.518,0.003518,17.4249503,0.70261929
3.519,0.003519,17.4288596,0.702555778
3.52,0.00352,17.4327194,0.702457585
3.521,0.003521,17.4364777,0.702343626
3.522,0.003522,17.4402199,0.70223208
3.523,0.003523,17.4440634,0.702130379
3.524,0.003524,17.4479298,0.702034548
3.525,0.003525,17.451851,0.701930978
3.526,0.003526,17.4557988,0.701833847
3.527,0.003527,17.459837,0.701753992
3.528,0.003528,17.4638751,0.701690468
3.529,0.003529,17.4678988,0.701626871
3.53,0.00353,17.4719398,0.701554775
3.531,0.003531,17.4760198,0.701469564
3.532,0.003532,17.4801486,0.701372459
3.533,0.003533,17.4842342,0.701271777
3.534,0.003534,17.4882823,0.701169634
3.535,0.003535,17.4923123,0.70105972
3.536,0.003536,17.4963419,0.700952386
3.537,0.003537,17.5003857,0.70085268
3.538,0.003538,17.5044498,0.700764084
3.539,0.003539,17.5085492,0.700689891
3.54,0.00354,17.5126693,0.700607547
3.541,0.003541,17.5168239,0.700529962
3.542,0.003542,17.5210139,0.700461632
3.543,0.003543,17.5252662,0.700408751
3.544,0.003544,17.5295623,0.700361652
3.545,0.003545,17.5339027,0.700313355
3.546,0.003546,17.5382503,0.700250769
3.547,0.003547,17.5425778,0.700178709
3.548,0.003548,17.5468603,0.700107886
3.549,0.003549,17.5511083,0.700060828
3.55,0.00355,17.5553533,0.700032044
3.551,0.003551,17.5596009,0.700004405
3.552,0.003552,17.5637649,0.699963462
3.553,0.003553,17.5678907,0.699928071
3.554,0.003554,17.5719396,0.699904369
3.555,0.003555,17.5759318,0.699876887
3.556,0.003556,17.5799135,0.699846864
3.557,0.003557,17.5838567,0.699814826
3.558,0.003558,17.5877426,0.699780192
3.559,0.003559,17.5916264,0.699743516
3.56,0.00356,17.5955381,0.699718091
3.561,0.003561,17.5994494,0.69970627
3.562,0.003562,17.6033542,0.699698331
3.563,0.003563,17.6072194,0.699697294
3.564,0.003564,17.6110655,0.699686754
3.565,0.003565,17.6149715,0.699669574
3.566,0.003566,17.6189322,0.699649239
3.567,0.003567,17.6229022,0.699620558
3.568,0.003568,17.626875,0.699574771
3.569,0.003569,17.6307681,0.699513744
3.57,0.00357,17.6345926,0.699443684
3.571,0.003571,17.6384121,0.69936604
3.572,0.003572,17.6421899,0.699280313
3.573,0.003573,17.6459607,0.699197776
3.574,0.003574,17.6496942,0.699127864
3.575,0.003575,17.6534534,0.69906776
3.576,0.003576,17.6572526,0.699002833
3.577,0.003577,17.661067,0.698945242
3.578,0.003578,17.6649027,0.698894063
3.579,0.003579,17.6686973,0.698838781
3.58,0.00358,17.6724362,0.698767168
3.581,0.003581,17.676206,0.69868905
3.582,0.003582,17.6799825,0.698609955
3.583,0.003583,17.6836783,0.698519521
3.584,0.003584,17.687382,0.698424568
3.585,0.003585,17.6911348,0.698317031
3.586,0.003586,17.6949602,0.698204026
3.587,0.003587,17.6988016,0.698095339
3.588,0.003588,17.7026602,0.697982504
3.589,0.003589,17.7065164,0.697859795
3.59,0.00359,17.7103977,0.697739693
3.591,0.003591,17.7142556,0.697623314
3.592,0.003592,17.7180378,0.697503981
3.593,0.003593,17.7217685,0.697388431
3.594,0.003594,17.7254705,0.697281694
3.595,0.003595,17.7292125,0.697182858
3.596,0.003596,17.7329935,0.697098442
3.597,0.003597,17.7368124,0.69702426
3.598,0.003598,17.7406453,0.696958748
3.599,0.003599,17.7445103,0.696921021
3.6,0.0036,17.7483705,0.696898836
3.601,0.003601,17.752227,0.696878689
3.602,0.003602,17.756111,0.69686122
3.603,0.003603,17.7599983,0.696841276
3.604,0.003604,17.7638328,0.696826422
3.605,0.003605,17.7675965,0.696799328
3.606,0.003606,17.7712967,0.696769563
3.607,0.003607,17.7749566,0.696725497
3.608,0.003608,17.7786104,0.696679398
3.609,0.003609,17.7822062,0.696639902
3.61,0.00361,17.7857494,0.696600365
3.611,0.003611,17.7891994,0.69655603
3.612,0.003612,17.7926092,0.696513432
3.613,0.003613,17.79597,0.696467736
3.614,0.003614,17.7993095,0.696432133
3.615,0.003615,17.8026424,0.696416511
3.616,0.003616,17.8059929,0.696408945
3.617,0.003617,17.8094151,0.696400076
3.618,0.003618,17.8128711,0.696400868
3.619,0.003619,17.8163592,0.696422739
3.62,0.00362,17.8198374,0.696438634
3.621,0.003621,17.8233176,0.696439964
3.622,0.003622,17.8268121,0.696456705
3.623,0.003623,17.8303045,0.69649207
3.624,0.003624,17.8337507,0.69654119
3.625,0.003625,17.8372084,0.696592583
3.626,0.003626,17.8406955,0.696650977
3.627,0.003627,17.8441857,0.696701787
3.628,0.003628,17.847646,0.696748609
3.629,0.003629,17.8511091,0.696800769
3.63,0.00363,17.8545892,0.696842959
3.631,0.003631,17.8580985,0.696879367
3.632,0.003632,17.8616237,0.696923316
3.633,0.003633,17.8651475,0.69698202
3.634,0.003634,17.8686911,0.697048295
3.635,0.003635,17.872197,0.697125917
3.636,0.003636,17.8756798,0.69721276
3.637,0.003637,17.8791177,0.69730592
3.638,0.003638,17.8824982,0.697409814
3.639,0.003639,17.8858531,0.697510516
3.64,0.00364,17.8892118,0.697605019
3.641,0.003641,17.8925722,0.697707598
3.642,0.003642,17.8959289,0.69779723
3.643,0.003643,17.8992973,0.697892721
3.644,0.003644,17.9026562,0.697983481
3.645,0.003645,17.905961,0.698057052
3.646,0.003646,17.9092764,0.698116101
3.647,0.003647,17.9125754,0.69817006
3.648,0.003648,17.9157718,0.698232518
3.649,0.003649,17.9189461,0.698303431
3.65,0.00365,17.9221511,0.698377098
3.651,0.003651,17.9253505,0.698459133
3.652,0.003652,17.9285137,0.698535645
3.653,0.003653,17.9316006,0.698597826
3.654,0.003654,17.9345792,0.698662081
3.655,0.003655,17.937558,0.698725718
3.656,0.003656,17.9405299,0.698791673
3.657,0.003657,17.9434426,0.698850634
3.658,0.003658,17.9463231,0.698895476
3.659,0.003659,17.9491871,0.698933415
3.66,0.00366,17.9520375,0.698979152
3.661,0.003661,17.9549289,0.699018975
3.662,0.003662,17.9578742,0.699062914
3.663,0.003663,17.9608384,0.699128649
3.664,0.003664,17.9638651,0.699213956
3.665,0.003665,17.9669379,0.699318153
3.666,0.003666,17.9700693,0.699431632
3.667,0.003667,17.9731901,0.699546206
3.668,0.003668,17.9763353,0.699655336
3.669,0.003669,17.9795041,0.699756807
3.67,0.00367,17.9827516,0.699856315
3.671,0.003671,17.9860026,0.69996569
3.672,0.003672,17.9892591,0.700075354
3.673,0.003673,17.9925279,0.700194624
3.674,0.003674,17.9957799,0.700319119
3.675,0.003675,17.9989071,0.700448566
3.676,0.003676,18.0019537,0.700578471
3.677,0.003677,18.0050187,0.700706248
3.678,0.003678,18.0080998,0.700828882
3.679,0.003679,18.0111602,0.700934985
3.68,0.00368,18.0142041,0.70102424
3.681,0.003681,18.0171922,0.70110161
3.682,0.003682,18.0201358,0.701191446
3.683,0.003683,18.0230695,0.701286238
3.684,0.003684,18.0259821,0.701375283
3.685,0.003685,18.0289133,0.701472607
3.686,0.003686,18.0318223,0.701582244
3.687,0.003687,18.0346906,0.701699209
3.688,0.003688,18.0375892,0.701810691
3.689,0.003689,18.0405729,0.701927877
3.69,0.00369,18.0436246,0.702053779
3.691,0.003691,18.0467764,0.702168026
3.692,0.003692,18.0499942,0.702292707
3.693,0.003693,18.0532456,0.70242284
3.694,0.003694,18.0565886,0.70254433
3.695,0.003695,18.0600213,0.70266133
3.696,0.003696,18.0634708,0.702762834
3.697,0.003697,18.0669098,0.702863803
3.698,0.003698,18.0703409,0.702970387
3.699,0.003699,18.0737309,0.703085369
3.7,0.0037,18.0770552,0.703208694
3.701,0.003701,18.0803149,0.703331074
3.702,0.003702,18.083534,0.703461663
3.703,0.003703,18.0867074,0.703592506
3.704,0.003704,18.0898385,0.703729649
3.705,0.003705,18.0930237,0.703888472
3.706,0.003706,18.0962224,0.704050535
3.707,0.003707,18.0994386,0.704201001
3.708,0.003708,18.1026243,0.704350052
3.709,0.003709,18.1057372,0.704494664
3.71,0.00371,18.1087839,0.70462497
3.711,0.003711,18.1117823,0.704740382
3.712,0.003712,18.114743,0.704846432
3.713,0.003713,18.1177158,0.704941974
3.714,0.003714,18.1207014,0.705021841
3.715,0.003715,18.1237227,0.705097627
3.716,0.003716,18.1267957,0.705168905
3.717,0.003717,18.1299316,0.705257244
3.718,0.003718,18.1331086,0.705372147
3.719,0.003719,18.1363194,0.705503079
3.72,0.00372,18.1395296,0.705630153
3.721,0.003721,18.1427352,0.705757252
3.722,0.003722,18.1459584,0.705884901
3.723,0.003723,18.1491983,0.706016433
3.724,0.003724,18.1524502,0.706131324
3.725,0.003725,18.1556952,0.706225122
3.726,0.003726,18.1589709,0.706314205
3.727,0.003727,18.1622971,0.706416563
3.728,0.003728,18.1656462,0.706527968
3.729,0.003729,18.1690018,0.706624075
3.73,0.00373,18.1723378,0.706713664
3.731,0.003731,18.1756544,0.706793069
3.732,0.003732,18.1789644,0.706862556
3.733,0.003733,18.1823035,0.706930423
3.734,0.003734,18.1856782,0.707003355
3.735,0.003735,18.1890458,0.707082497
3.736,0.003736,18.1924139,0.707159974
3.737,0.003737,18.1957654,0.707243748
3.738,0.003738,18.1991197,0.707324872
3.739,0.003739,18.2024597,0.707410816
3.74,0.00374,18.2057827,0.70750761
3.741,0.003741,18.2091276,0.707620057
3.742,0.003742,18.2124784,0.707735486
3.743,0.003743,18.2158937,0.707863
3.744,0.003744,18.2193484,0.707989761
3.745,0.003745,18.2227471,0.708116773
3.746,0.003746,18.2260713,0.708225972
3.747,0.003747,18.2294047,0.708332537
3.748,0.003748,18.2327717,0.708441333
3.749,0.003749,18.2361574,0.708543339
3.75,0.00375,18.2395575,0.708630092
3.751,0.003751,18.2429567,0.708712305
3.752,0.003752,18.2463898,0.708799181
3.753,0.003753,18.2498482,0.708860597
3.754,0.003754,18.2532717,0.708911756
3.755,0.003755,18.2566993,0.708968923
3.756,0.003756,18.2601353,0.709016923
3.757,0.003757,18.2635398,0.709062637
3.758,0.003758,18.2669561,0.709103899
3.759,0.003759,18.2703803,0.709147596
3.76,0.00376,18.2738718,0.709206835
3.761,0.003761,18.2773763,0.709275171
3.762,0.003762,18.2808495,0.70933949
3.763,0.003763,18.2843571,0.709398866
3.764,0.003764,18.2878739,0.709440352
3.765,0.003765,18.2913574,0.709463995
3.766,0.003766,18.2948979,0.709483287
3.767,0.003767,18.2985156,0.709510084
3.768,0.003768,18.3021602,0.709545968
3.769,0.003769,18.3057699,0.709585209
3.77,0.00377,18.3093567,0.709624975
3.771,0.003771,18.3129813,0.70966902
3.772,0.003772,18.3165778,0.709710309
3.773,0.003773,18.3201522,0.70974183
3.774,0.003774,18.3236822,0.709775271
3.775,0.003775,18.3272144,0.709803598
3.776,0.003776,18.3307571,0.709839619
3.777,0.003777,18.334317,0.70987934
3.778,0.003778,18.3379152,0.709915931
3.779,0.003779,18.3414976,0.709963364
3.78,0.00378,18.3450098,0.710024887
3.781,0.003781,18.3485021,0.710105475
3.782,0.003782,18.3519365,0.710186018
3.783,0.003783,18.3553924,0.710262815
3.784,0.003784,18.3588283,0.710338571
3.785,0.003785,18.3622536,0.710410907
3.786,0.003786,18.3656988,0.710478338
3.787,0.003787,18.3692143,0.71053295
3.788,0.003788,18.3727651,0.710582017
3.789,0.003789,18.3762848,0.710645632
3.79,0.00379,18.3797564,0.710706515
3.791,0.003791,18.3832322,0.710755826
3.792,0.003792,18.386709,0.710780767
3.793,0.003793,18.3902326,0.710804792
3.794,0.003794,18.3937634,0.710831554
3.795,0.003795,18.3972425,0.710854305
3.796,0.003796,18.4006682,0.710876078
3.797,0.003797,18.4040505,0.710902208
3.798,0.003798,18.4074203,0.710927564
3.799,0.003799,18.4107482,0.710939686
3.8,0.0038,18.4140613,0.710944483
3.801,0.003801,18.4173776,0.710943707
3.802,0.003802,18.4206719,0.710936459
3.803,0.003803,18.4239894,0.710938395
3.804,0.003804,18.4272993,0.710946924
3.805,0.003805,18.4305785,0.710956901
3.806,0.003806,18.4338374,0.710962331
3.807,0.003807,18.4370344,0.710966718
3.808,0.003808,18.4402014,0.710958609
3.809,0.003809,18.4433457,0.7109346
3.81,0.00381,18.4465303,0.710914548
3.811,0.003811,18.4497618,0.710904577
3.812,0.003812,18.4530199,0.710895498
3.813,0.003813,18.4562375,0.710887555
3.814,0.003814,18.4594094,0.710867556
3.815,0.003815,18.4626297,0.710846157
3.816,0.003816,18.4658883,0.710811438
3.817,0.003817,18.4691325,0.710755102
3.818,0.003818,18.4723529,0.710708455
3.819,0.003819,18.475601,0.710681213
3.82,0.00382,18.4789078,0.710638372
3.821,0.003821,18.4823103,0.710596352
3.822,0.003822,18.4857814,0.71057252
3.823,0.003823,18.4893325,0.710554596
3.824,0.003824,18.4929092,0.710528765
3.825,0.003825,18.4965332,0.710503217
3.826,0.003826,18.5001603,0.710481672
3.827,0.003827,18.5037221,0.710471547
3.828,0.003828,18.507226,0.710466665
3.829,0.003829,18.5107366,0.710460815
3.83,0.00383,18.5142556,0.710446295
3.831,0.003831,18.5177322,0.710424429
3.832,0.003832,18.5211585,0.710384646
3.833,0.003833,18.5245507,0.710320404
3.834,0.003834,18.5279353,0.710244227
3.835,0.003835,18.5313842,0.710168891
3.836,0.003836,18.534906,0.710088574
3.837,0.003837,18.5384885,0.710015223
3.838,0.003838,18.5420798,0.709934365
3.839,0.003839,18.5456741,0.709845354
3.84,0.00384,18.5493385,0.709761587
3.841,0.003841,18.55303,0.709679876
3.842,0.003842,18.5567186,0.709595346
3.843,0.003843,18.5604194,0.709506522
3.844,0.003844,18.5641441,0.709428261
3.845,0.003845,18.5679219,0.70935926
3.846,0.003846,18.5716826,0.709297224
3.847,0.003847,18.5754298,0.709231926
3.848,0.003848,18.5791215,0.709147777
3.849,0.003849,18.5827529,0.709048569
3.85,0.00385,18.5863551,0.70893428
3.851,0.003851,18.589971,0.708808432
3.852,0.003852,18.5935871,0.708693133
3.853,0.003853,18.5972002,0.708577568
3.854,0.003854,18.6008078,0.708459805
3.855,0.003855,18.6043795,0.708336431
3.856,0.003856,18.6079673,0.708218419
3.857,0.003857,18.6115653,0.708085882
3.858,0.003858,18.615177,0.70795193
3.859,0.003859,18.6187718,0.707820188
3.86,0.00386,18.6224008,0.70767109
3.861,0.003861,18.6260997,0.707527221
3.862,0.003862,18.6298168,0.70738106
3.863,0.003863,18.6334837,0.707232733
3.864,0.003864,18.6371116,0.70707256
3.865,0.003865,18.6407207,0.706914393
3.866,0.003866,18.6443295,0.706759017
3.867,0.003867,18.6479702,0.706596941
3.868,0.003868,18.6516329,0.706422225
3.869,0.003869,18.6552639,0.706239344
3.87,0.00387,18.6588063,0.706049205
3.871,0.003871,18.6623172,0.705856695
3.872,0.003872,18.6658279,0.70567293
3.873,0.003873,18.6693475,0.70550212
3.874,0.003874,18.6728742,0.705329918
3.875,0.003875,18.676362,0.705153831
3.876,0.003876,18.6798039,0.704978174
3.877,0.003877,18.6832198,0.704804307
3.878,0.003878,18.6865395,0.70463973
3.879,0.003879,18.6897593,0.704476088
3.88,0.00388,18.6929528,0.704318262
3.881,0.003881,18.6961819,0.704159626
3.882,0.003882,18.6994296,0.70400461
3.883,0.003883,18.7026589,0.7038412
3.884,0.003884,18.7058669,0.703684234
3.885,0.003885,18.7090791,0.703515085
3.886,0.003886,18.712269,0.703331566
3.887,0.003887,18.7154556,0.703158751
3.888,0.003888,18.7186644,0.702979253
3.889,0.003889,18.7218423,0.702793725
3.89,0.00389,18.7249994,0.702601407
3.891,0.003891,18.72814,0.702415532
3.892,0.003892,18.7313239,0.702254353
3.893,0.003893,18.7345323,0.702094229
3.894,0.003894,18.7377312,0.701920671
3.895,0.003895,18.7409349,0.701764503
3.896,0.003896,18.7441426,0.701615212
3.897,0.003897,18.747375,0.701469102
3.898,0.003898,18.7506307,0.701332177
3.899,0.003899,18.7538769,0.70120696
3.9,0.0039,18.7571243,0.701081607
3.901,0.003901,18.7603513,0.700958324
3.902,0.003902,18.7635505,0.700836156
3.903,0.003903,18.7668148,0.700699971
3.904,0.003904,18.7701456,0.700545106
3.905,0.003905,18.7734518,0.700372536
3.906,0.003906,18.776727,0.700191091
3.907,0.003907,18.7799916,0.700008244
3.908,0.003908,18.7832663,0.699838953
3.909,0.003909,18.7864998,0.699657113
3.91,0.00391,18.7896694,0.699462468
3.911,0.003911,18.7928075,0.699256335
3.912,0.003912,18.7959627,0.699044426
3.913,0.003913,18.7991579,0.698837293
3.914,0.003914,18.802395,0.698650428
3.915,0.003915,18.8056627,0.698475371
3.916,0.003916,18.8089478,0.698296426
3.917,0.003917,18.8122326,0.698112257
3.918,0.003918,18.8154836,0.697926474
3.919,0.003919,18.8187212,0.697730848
3.92,0.00392,18.8219009,0.697537155
3.921,0.003921,18.8250359,0.697344291
3.922,0.003922,18.8281284,0.697144089
3.923,0.003923,18.8311511,0.69694655
3.924,0.003924,18.8341396,0.696744131
3.925,0.003925,18.8371315,0.696535176
3.926,0.003926,18.8401627,0.696327399
3.927,0.003927,18.8432014,0.696129798
3.928,0.003928,18.8462373,0.695933728
3.929,0.003929,18.8492898,0.695747381
3.93,0.00393,18.8523505,0.695570351
3.931,0.003931,18.855366,0.695391839
3.932,0.003932,18.8583826,0.695196327
3.933,0.003933,18.861393,0.694995819
3.934,0.003934,18.864423,0.69479511
3.935,0.003935,18.8675277,0.69460272
3.936,0.003936,18.8706599,0.694412245
3.937,0.003937,18.8738099,0.694219875
3.938,0.003938,18.8769692,0.694022141
3.939,0.003939,18.880141,0.693828845
3.94,0.00394,18.8833405,0.693632795
3.941,0.003941,18.8865345,0.693437745
3.942,0.003942,18.8897879,0.693240159
3.943,0.003943,18.893092,0.693047366
3.944,0.003944,18.8964834,0.692860806
3.945,0.003945,18.8999399,0.692682319
3.946,0.003946,18.9034098,0.692497285
3.947,0.003947,18.9068951,0.692319591
3.948,0.003948,18.9104084,0.692167554
3.949,0.003949,18.913907,0.692027873
3.95,0.00395,18.9174373,0.69189244
3.951,0.003951,18.9209629,0.691755215
3.952,0.003952,18.9244157,0.691603668
3.953,0.003953,18.927822,0.691454416
3.954,0.003954,18.9312629,0.691318657
3.955,0.003955,18.9346931,0.691196404
3.956,0.003956,18.9381827,0.691091521
3.957,0.003957,18.9417256,0.690990185
3.958,0.003958,18.9452622,0.690892013
3.959,0.003959,18.948834,0.690796444
3.96,0.00396,18.9523909,0.690698494
3.961,0.003961,18.9559178,0.690586906
3.962,0.003962,18.9593873,0.690460356
3.963,0.003963,18.9628551,0.69033831
3.964,0.003964,18.9663019,0.690207936
3.965,0.003965,18.9697327,0.690066827
3.966,0.003966,18.9731931,0.689928022
3.967,0.003967,18.9766816,0.689783172
3.968,0.003968,18.9801402,0.689628642
3.969,0.003969,18.9836237,0.689464092
3.97,0.00397,18.9870947,0.689301248
3.971,0.003971,18.9905315,0.689136349
3.972,0.003972,18.994029,0.688976688
3.973,0.003973,18.9975092,0.688819188
3.974,0.003974,19.000993,0.688676433
3.975,0.003975,19.004518,0.688540515
3.976,0.003976,19.0080797,0.688412065
3.977,0.003977,19.0116375,0.688299822
3.978,0.003978,19.0151668,0.688171676
3.979,0.003979,19.0186844,0.688036756
3.98,0.00398,19.0221367,0.687910813
3.981,0.003981,19.0255182,0.687789458
3.982,0.003982,19.028856,0.687687657
3.983,0.003983,19.0322241,0.687587953
3.984,0.003984,19.0355099,0.687468016
3.985,0.003985,19.0387466,0.687353682
3.986,0.003986,19.041951,0.68722755
3.987,0.003987,19.0451165,0.687078724
3.988,0.003988,19.048213,0.686931137
3.989,0.003989,19.0513239,0.686800594
3.99,0.00399,19.0544458,0.686679115
3.991,0.003991,19.0575718,0.686558739
3.992,0.003992,19.0607051,0.68645614
3.993,0.003993,19.063855,0.686364829
3.994,0.003994,19.067029,0.686287451
3.995,0.003995,19.0702425,0.686213902
3.996,0.003996,19.0734665,0.686135103
3.997,0.003997,19.0766649,0.686045301
3.998,0.003998,19.0798981,0.6859545
3.999,0.003999,19.0831186,0.685866572
4,0.004,19.0862951,0.685778718
4.001,0.004001,19.0894239,0.68568811
4.002,0.004002,19.0925335,0.685603554
4.003,0.004003,19.0956537,0.685523928
4.004,0.004004,19.0987999,0.685444895
4.005,0.004005,19.1019035,0.685360953
4.006,0.004006,19.1049355,0.685287371
4.007,0.004007,19.1079755,0.685227101
4.008,0.004008,19.1110024,0.685188734
4.009,0.004009,19.1139568,0.685146204
4.01,0.00401,19.1168747,0.685115421
4.011,0.004011,19.1197377,0.685084853
4.012,0.004012,19.1225789,0.685063155
4.013,0.004013,19.1253718,0.685044552
4.014,0.004014,19.1281013,0.685005538
4.015,0.004015,19.1307831,0.684957381
4.016,0.004016,19.1334209,0.684910491
4.017,0.004017,19.1360167,0.684858012
4.018,0.004018,19.1386008,0.684809044
4.019,0.004019,19.1412257,0.684778605
4.02,0.00402,19.1438815,0.684754105
4.021,0.004021,19.1465363,0.684747685
4.022,0.004022,19.1491855,0.684742434
4.023,0.004023,19.1517991,0.684741904
4.024,0.004024,19.1543559,0.684733486
4.025,0.004025,19.1568989,0.684719211
4.026,0.004026,19.1594666,0.684722607
4.027,0.004027,19.1620144,0.684728813
4.028,0.004028,19.1645498,0.684727115
4.029,0.004029,19.1670713,0.684714966
4.03,0.00403,19.169582,0.684698335
4.031,0.004031,19.1721502,0.684670172
4.032,0.004032,19.1747901,0.684652251
4.033,0.004033,19.1774734,0.684643306
4.034,0.004034,19.1801861,0.684653661
4.035,0.004035,19.1829242,0.684690789
4.036,0.004036,19.1856359,0.684732645
4.037,0.004037,19.1883464,0.684759434
4.038,0.004038,19.1910312,0.684790237
4.039,0.004039,19.193734,0.684819644
4.04,0.00404,19.1964228,0.684834979
4.041,0.004041,19.1991522,0.684843862
4.042,0.004042,19.2018822,0.684853723
4.043,0.004043,19.2046193,0.684873298
4.044,0.004044,19.2074017,0.684895663
4.045,0.004045,19.2102257,0.684918751
4.046,0.004046,19.2130919,0.684948929
4.047,0.004047,19.2159584,0.684982672
4.048,0.004048,19.2188262,0.685009504
4.049,0.004049,19.2216744,0.685037505
4.05,0.00405,19.224525,0.685064931
4.051,0.004051,19.2273601,0.685104114
4.052,0.004052,19.2301313,0.685139755
4.053,0.004053,19.2329174,0.685178299
4.054,0.004054,19.2357403,0.685225899
4.055,0.004055,19.2385639,0.685279762
4.056,0.004056,19.2413605,0.685346369
4.057,0.004057,19.2441415,0.685422516
4.058,0.004058,19.2469156,0.685494268
4.059,0.004059,19.2496982,0.685570441
4.06,0.00406,19.2524761,0.68564866
4.061,0.004061,19.2552531,0.685727378
4.062,0.004062,19.2580211,0.68580154
4.063,0.004063,19.2607894,0.685876182
4.064,0.004064,19.2635682,0.68595155
4.065,0.004065,19.2663365,0.686026053
4.066,0.004066,19.2691133,0.6860967
4.067,0.004067,19.2718958,0.686165186
4.068,0.004068,19.2747049,0.686231133
4.069,0.004069,19.2774755,0.686295035
4.07,0.00407,19.2801843,0.686356256
4.071,0.004071,19.2828586,0.686413983
4.072,0.004072,19.2855267,0.686481273
4.073,0.004073,19.2881778,0.686547774
4.074,0.004074,19.2908563,0.686622587
4.075,0.004075,19.2935758,0.68669799
4.076,0.004076,19.2962801,0.686780376
4.077,0.004077,19.2989818,0.68686555
4.078,0.004078,19.3016977,0.686952645
4.079,0.004079,19.3044013,0.687047181
4.08,0.00408,19.307095,0.68716015
4.081,0.004081,19.3097771,0.687274667
4.082,0.004082,19.3124803,0.687411917
4.083,0.004083,19.3151993,0.687558568
4.084,0.004084,19.3179404,0.687699705
4.085,0.004085,19.3206321,0.687847992
4.086,0.004086,19.3233107,0.688023811
4.087,0.004087,19.3259445,0.68820895
4.088,0.004088,19.3286148,0.68838297
4.089,0.004089,19.3312964,0.68855691
4.09,0.00409,19.3340115,0.688720493
4.091,0.004091,19.3368039,0.688886151
4.092,0.004092,19.3396106,0.689052909
4.093,0.004093,19.3424746,0.689221113
4.094,0.004094,19.3453569,0.689400741
4.095,0.004095,19.3482439,0.689574901
4.096,0.004096,19.3511417,0.689737282
4.097,0.004097,19.3540211,0.689890561
4.098,0.004098,19.356839,0.690051503
4.099,0.004099,19.3596502,0.69021592
4.1,0.0041,19.3624666,0.690374284
4.101,0.004101,19.3652961,0.690521455
4.102,0.004102,19.3681464,0.690665832
4.103,0.004103,19.3709933,0.690809036
4.104,0.004104,19.3737973,0.690951641
4.105,0.004105,19.376541,0.691101985
4.106,0.004106,19.3792134,0.691251219
4.107,0.004107,19.3818837,0.691389727
4.108,0.004108,19.384516,0.691537489
4.109,0.004109,19.3871287,0.691688887
4.11,0.00411,19.3897263,0.691841398
4.111,0.004111,19.3923411,0.691994428
4.112,0.004112,19.3949663,0.69213926
4.113,0.004113,19.3976165,0.692285645
4.114,0.004114,19.4002413,0.692433678
4.115,0.004115,19.4028812,0.692592141
4.116,0.004116,19.4056051,0.692757967
4.117,0.004117,19.4084124,0.692945818
4.118,0.004118,19.4112512,0.693168032
4.119,0.004119,19.4140948,0.693413875
4.12,0.00412,19.4169863,0.693669688
4.121,0.004121,19.4198605,0.693928907
4.122,0.004122,19.4227923,0.694172496
4.123,0.004123,19.4257933,0.694408359
4.124,0.004124,19.4287724,0.694645672
4.125,0.004125,19.43172,0.694876624
4.126,0.004126,19.4346355,0.695102955
4.127,0.004127,19.4374908,0.695323315
4.128,0.004128,19.4403044,0.695544115
4.129,0.004129,19.4430463,0.695752175
4.13,0.00413,19.445772,0.695940499
4.131,0.004131,19.4485137,0.696131285
4.132,0.004132,19.4512716,0.696330975
4.133,0.004133,19.4540486,0.696522802
4.134,0.004134,19.456873,0.696732642
4.135,0.004135,19.4596711,0.69694218
4.136,0.004136,19.4624656,0.697158647
4.137,0.004137,19.4652452,0.697369148
4.138,0.004138,19.4679811,0.697577349
4.139,0.004139,19.4707019,0.69779019
4.14,0.00414,19.4734392,0.698012555
4.141,0.004141,19.4761765,0.69824263
4.142,0.004142,19.4788911,0.698487554
4.143,0.004143,19.4816329,0.698753848
4.144,0.004144,19.484395,0.69901155
4.145,0.004145,19.487172,0.699259452
4.146,0.004146,19.4900118,0.699522261
4.147,0.004147,19.4929393,0.699788584
4.148,0.004148,19.4959248,0.700053801
4.149,0.004149,19.4989168,0.700303326
4.15,0.00415,19.5018313,0.700559692
4.151,0.004151,19.5047283,0.700814981
4.152,0.004152,19.5076334,0.701047547
4.153,0.004153,19.5105089,0.701269525
4.154,0.004154,19.5133627,0.701496029
4.155,0.004155,19.5161755,0.701735282
4.156,0.004156,19.5189086,0.701951874
4.157,0.004157,19.5215903,0.70215324
4.158,0.004158,19.5242249,0.702356683
4.159,0.004159,19.526817,0.702554945
4.16,0.00416,19.5293953,0.70273766
4.161,0.004161,19.5319887,0.702922802
4.162,0.004162,19.5345958,0.703108795
4.163,0.004163,19.5372168,0.703321222
4.164,0.004164,19.5398985,0.703553275
4.165,0.004165,19.5426286,0.703802793
4.166,0.004166,19.5453834,0.704063344
4.167,0.004167,19.5481189,0.704307392
4.168,0.004168,19.5508878,0.704543344
4.169,0.004169,19.5537144,0.704765634
4.17,0.00417,19.5565787,0.704978763
4.171,0.004171,19.5595033,0.705182594
4.172,0.004172,19.5624729,0.705385501
4.173,0.004173,19.5654548,0.705581198
4.174,0.004174,19.568449,0.705768754
4.175,0.004175,19.571514,0.705960547
4.176,0.004176,19.5745864,0.706152538
4.177,0.004177,19.5775713,0.706324294
4.178,0.004178,19.5805169,0.706474416
4.179,0.004179,19.5834926,0.706598646
4.18,0.00418,19.5864867,0.706695108
4.181,0.004181,19.5894935,0.706784864
4.182,0.004182,19.5925812,0.706890877
4.183,0.004183,19.5956945,0.70700676
4.184,0.004184,19.5988728,0.707135302
4.185,0.004185,19.6021552,0.707276254
4.186,0.004186,19.6054476,0.707432513
4.187,0.004187,19.6087409,0.707588682
4.188,0.004188,19.6120102,0.707733766
4.189,0.004189,19.6152543,0.707884682
4.19,0.00419,19.6184714,0.708046817
4.191,0.004191,19.6216064,0.708216585
4.192,0.004192,19.6247285,0.708397546
4.193,0.004193,19.6278705,0.708589688
4.194,0.004194,19.6310227,0.708773772
4.195,0.004195,19.6341384,0.708947385
4.196,0.004196,19.6372997,0.709101618
4.197,0.004197,19.6405226,0.709253162
4.198,0.004198,19.6437331,0.709403852
4.199,0.004199,19.6469217,0.709551866
4.2,0.0042,19.650037,0.709694498
4.201,0.004201,19.6530993,0.709832212
4.202,0.004202,19.656083,0.709976612
4.203,0.004203,19.6589603,0.710119543
4.204,0.004204,19.6617477,0.710271376
4.205,0.004205,19.6644891,0.710433081
4.206,0.004206,19.6672214,0.710604384
4.207,0.004207,19.6699318,0.710777631
4.208,0.004208,19.6726808,0.71094502
4.209,0.004209,19.6754804,0.711111952
4.21,0.00421,19.6782851,0.711290943
4.211,0.004211,19.6810925,0.711465485
4.212,0.004212,19.6838851,0.711631046
4.213,0.004213,19.6867073,0.711784134
4.214,0.004214,19.6895779,0.711925836
4.215,0.004215,19.6924922,0.712056513
4.216,0.004216,19.6954556,0.712183502
4.217,0.004217,19.698468,0.712320847
4.218,0.004218,19.7014807,0.712463305
4.219,0.004219,19.704495,0.712604654
4.22,0.00422,19.7075584,0.712744947
4.221,0.004221,19.7106805,0.712896552
4.222,0.004222,19.7138416,0.713047519
4.223,0.004223,19.7169639,0.713206964
4.224,0.004224,19.7200712,0.713376211
4.225,0.004225,19.7231569,0.713551239
4.226,0.004226,19.7262424,0.713717269
4.227,0.004227,19.7293008,0.713873229
4.228,0.004228,19.7323153,0.71402743
4.229,0.004229,19.7353168,0.714185799
4.23,0.00423,19.7382347,0.714338076
4.231,0.004231,19.7411108,0.714485264
4.232,0.004232,19.7439748,0.71463268
4.233,0.004233,19.746783,0.714782529
4.234,0.004234,19.7495602,0.714934223
4.235,0.004235,19.7522879,0.71509037
4.236,0.004236,19.7550267,0.715247996
4.237,0.004237,19.7577598,0.715399959
4.238,0.004238,19.7605214,0.715549003
4.239,0.004239,19.7633565,0.715707624
4.24,0.00424,19.7662365,0.715879163
4.241,0.004241,19.7691541,0.716061398
4.242,0.004242,19.7721,0.71624226
4.243,0.004243,19.7750425,0.716421425
4.244,0.004244,19.7780158,0.716587089
4.245,0.004245,19.7810141,0.716747134
4.246,0.004246,19.7839793,0.716901314
4.247,0.004247,19.7868792,0.717060296
4.248,0.004248,19.7897973,0.717229085
4.249,0.004249,19.7927364,0.717397854
4.25,0.00425,19.7956542,0.717560268
4.251,0.004251,19.7985085,0.717692769
4.252,0.004252,19.8013356,0.717815433
4.253,0.004253,19.8041552,0.717940871
4.254,0.004254,19.8069772,0.718064855
4.255,0.004255,19.809756,0.718176293
4.256,0.004256,19.8125161,0.718292094
4.257,0.004257,19.8153057,0.718423349
4.258,0.004258,19.8180641,0.71856204
4.259,0.004259,19.8207923,0.718706218
4.26,0.00426,19.8234919,0.718832022
4.261,0.004261,19.8261634,0.718928521
4.262,0.004262,19.8288406,0.719009305
4.263,0.004263,19.8314501,0.719092497
4.264,0.004264,19.8340444,0.719172494
4.265,0.004265,19.83661,0.719255769
4.266,0.004266,19.839132,0.719348771
4.267,0.004267,19.8416115,0.719435109
4.268,0.004268,19.8441028,0.719511954
4.269,0.004269,19.8466081,0.719595807
4.27,0.00427,19.8491403,0.719683353
4.271,0.004271,19.8516498,0.719772878
4.272,0.004272,19.8541577,0.719848054
4.273,0.004273,19.8567027,0.71992102
4.274,0.004274,19.8593004,0.720008664
4.275,0.004275,19.8619202,0.720111271
4.276,0.004276,19.8645583,0.720230095
4.277,0.004277,19.8672097,0.720360436
4.278,0.004278,19.8698822,0.720502671
4.279,0.004279,19.872554,0.720634488
4.28,0.00428,19.8752527,0.720760158
4.281,0.004281,19.8780221,0.720893107
4.282,0.004282,19.8807582,0.721036311
4.283,0.004283,19.8834746,0.721176855
4.284,0.004284,19.8861846,0.721314381
4.285,0.004285,19.8888979,0.721445552
4.286,0.004286,19.8916093,0.721586571
4.287,0.004287,19.8943511,0.721736281
4.288,0.004288,19.8970899,0.72187405
4.289,0.004289,19.8998103,0.722002057
4.29,0.00429,19.9024084,0.722124896
4.291,0.004291,19.9049234,0.722240128
4.292,0.004292,19.9073278,0.722366397
4.293,0.004293,19.9096637,0.722507773
4.294,0.004294,19.9119974,0.722666694
4.295,0.004295,19.9143501,0.722822164
4.296,0.004296,19.9167156,0.72295372
4.297,0.004297,19.9190285,0.723064362
4.298,0.004298,19.9213845,0.723177706
4.299,0.004299,19.9237112,0.723289396
4.3,0.0043,19.9259976,0.723391107
4.301,0.004301,19.9282056,0.723498036
4.302,0.004302,19.9303831,0.723617682
4.303,0.004303,19.9325563,0.723753031
4.304,0.004304,19.9347359,0.72389121
4.305,0.004305,19.9369377,0.724038162
4.306,0.004306,19.9391944,0.724192693
4.307,0.004307,19.9414485,0.724361179
4.308,0.004308,19.9436267,0.724529665
4.309,0.004309,19.9458074,0.724692025
4.31,0.00431,19.9479625,0.724849111
4.311,0.004311,19.9501118,0.725004434
4.312,0.004312,19.9522642,0.72516308
4.313,0.004313,19.9544276,0.725320542
4.314,0.004314,19.9566508,0.72548517
4.315,0.004315,19.9589305,0.725640108
4.316,0.004316,19.9612593,0.725798016
4.317,0.004317,19.9636838,0.725957023
4.318,0.004318,19.966139,0.726114026
4.319,0.004319,19.9686315,0.726274675
4.32,0.00432,19.9711259,0.726450149
4.321,0.004321,19.9736573,0.726630189
4.322,0.004322,19.976123,0.726804594
4.323,0.004323,19.9785457,0.726981103
4.324,0.004324,19.9809369,0.727165958
4.325,0.004325,19.9832601,0.727356104
4.326,0.004326,19.9855866,0.72753871
4.327,0.004327,19.987911,0.727731232
4.328,0.004328,19.9902238,0.727922832
4.329,0.004329,19.9924988,0.728116485
4.33,0.00433,19.9947976,0.728320869
4.331,0.004331,19.9970828,0.728532427
4.332,0.004332,19.9993447,0.728743782
4.333,0.004333,20.0015727,0.728947304
4.334,0.004334,20.0037493,0.72914993
4.335,0.004335,20.0059123,0.729346389
4.336,0.004336,20.0080591,0.729530179
4.337,0.004337,20.0101865,0.729703647
4.338,0.004338,20.0123321,0.729868076
4.339,0.004339,20.0145065,0.73003451
4.34,0.00434,20.0166793,0.730204859
4.341,0.004341,20.0188854,0.730376503
4.342,0.004342,20.021086,0.73054042
4.343,0.004343,20.0232814,0.730689928
4.344,0.004344,20.0254671,0.730818275
4.345,0.004345,20.0276749,0.730939674
4.346,0.004346,20.0298932,0.731074109
4.347,0.004347,20.0320958,0.731213449
4.348,0.004348,20.0342184,0.731349184
4.349,0.004349,20.0362585,0.731478042
4.35,0.00435,20.0382397,0.73161902
4.351,0.004351,20.0401403,0.731762554
4.352,0.004352,20.0419922,0.731903234
4.353,0.004353,20.0438389,0.732057411
4.354,0.004354,20.0456882,0.73222126
4.355,0.004355,20.0475212,0.732379982
4.356,0.004356,20.0493576,0.732531752
4.357,0.004357,20.0512176,0.732681911
4.358,0.004358,20.0531823,0.732833569
4.359,0.004359,20.0552614,0.732982292
4.36,0.00436,20.0574448,0.733134285
4.361,0.004361,20.0596827,0.73327874
4.362,0.004362,20.0619732,0.733412172
4.363,0.004363,20.0642912,0.733537993
4.364,0.004364,20.0666576,0.733662171
4.365,0.004365,20.0691028,0.73378413
4.366,0.004366,20.0715357,0.733894842
4.367,0.004367,20.0739606,0.733997132
4.368,0.004368,20.0763886,0.734104355
4.369,0.004369,20.0788384,0.734220749
4.37,0.00437,20.0813079,0.734331834
4.371,0.004371,20.0837448,0.734431241
4.372,0.004372,20.0861049,0.734523285
4.373,0.004373,20.0883894,0.734619451
4.374,0.004374,20.0906445,0.734710931
4.375,0.004375,20.0928755,0.734794428
4.376,0.004376,20.0951273,0.734891099
4.377,0.004377,20.0973981,0.735003494
4.378,0.004378,20.0996872,0.735127805
4.379,0.004379,20.1019729,0.735258469
4.38,0.00438,20.1042862,0.735407076
4.381,0.004381,20.1066123,0.735564288
4.382,0.004382,20.1089349,0.735720678
4.383,0.004383,20.1112552,0.735853413
4.384,0.004384,20.1135512,0.735957952
4.385,0.004385,20.1158298,0.736061405
4.386,0.004386,20.118035,0.736168092
4.387,0.004387,20.1202025,0.736271681
4.388,0.004388,20.1223796,0.736376505
4.389,0.004389,20.1244983,0.736483172
4.39,0.00439,20.1265856,0.73658449
4.391,0.004391,20.1286723,0.736697902
4.392,0.004392,20.1307694,0.736834067
4.393,0.004393,20.132841,0.736977994
4.394,0.004394,20.1348843,0.737123105
4.395,0.004395,20.1368629,0.737269655
4.396,0.004396,20.1388016,0.737406216
4.397,0.004397,20.1407737,0.737532292
4.398,0.004398,20.142774,0.737669184
4.399,0.004399,20.1447588,0.737824322
4.4,0.0044,20.1467496,0.73797902
4.401,0.004401,20.1487848,0.738131409
4.402,0.004402,20.1507896,0.738282694
4.403,0.004403,20.1528184,0.738427049
4.404,0.004404,20.1548198,0.738551934
4.405,0.004405,20.1567921,0.738671128
4.406,0.004406,20.1587932,0.738780024
4.407,0.004407,20.1607887,0.738883687
4.408,0.004408,20.1627747,0.738990132
4.409,0.004409,20.1648138,0.739106073
4.41,0.00441,20.1668663,0.739239132
4.411,0.004411,20.1689368,0.73938146
4.412,0.004412,20.1710476,0.739513375
4.413,0.004413,20.1732042,0.739647815
4.414,0.004414,20.1753448,0.739788695
4.415,0.004415,20.1775326,0.739931554
4.416,0.004416,20.1797079,0.740085216
4.417,0.004417,20.1818365,0.740234269
4.418,0.004418,20.1839573,0.740365654
4.419,0.004419,20.1861141,0.740483889
4.42,0.00442,20.1883351,0.740586349
4.421,0.004421,20.1906518,0.740700991
4.422,0.004422,20.1929762,0.740840647
4.423,0.004423,20.1953361,0.740997755
4.424,0.004424,20.1976771,0.741157142
4.425,0.004425,20.2000112,0.741324286
4.426,0.004426,20.202385,0.741477758
4.427,0.004427,20.2046983,0.741627208
4.428,0.004428,20.2069958,0.741778482
4.429,0.004429,20.2092903,0.741957343
4.43,0.00443,20.2116096,0.742146581
4.431,0.004431,20.2139184,0.742339154
4.432,0.004432,20.2162292,0.742529691
4.433,0.004433,20.2185394,0.742724484
4.434,0.004434,20.2208678,0.742918047
4.435,0.004435,20.2232146,0.743092108
4.436,0.004436,20.225556,0.743248919
4.437,0.004437,20.2278453,0.74338266
4.438,0.004438,20.2300954,0.743507481
4.439,0.004439,20.2323408,0.743634474
4.44,0.00444,20.2346023,0.743760724
4.441,0.004441,20.2368544,0.743885348
4.442,0.004442,20.2391618,0.74400047
4.443,0.004443,20.2414916,0.744119893
4.444,0.004444,20.243857,0.744242513
4.445,0.004445,20.2462667,0.744377547
4.446,0.004446,20.2487021,0.744530385
4.447,0.004447,20.2511046,0.744686028
4.448,0.004448,20.2534616,0.74482871
4.449,0.004449,20.25583,0.744960901
4.45,0.00445,20.2581789,0.745078498
4.451,0.004451,20.2605813,0.745184513
4.452,0.004452,20.2630548,0.745293135
4.453,0.004453,20.2655851,0.745403289
4.454,0.004454,20.2681306,0.745487288
4.455,0.004455,20.2707453,0.745577859
4.456,0.004456,20.273409,0.745684911
4.457,0.004457,20.2761051,0.745814908
4.458,0.004458,20.2787388,0.745941533
4.459,0.004459,20.2813226,0.746069729
4.46,0.00446,20.2838859,0.746205658
4.461,0.004461,20.2864257,0.746355868
4.462,0.004462,20.288984,0.746505322
4.463,0.004463,20.2915333,0.746646804
4.464,0.004464,20.294103,0.74680553
4.465,0.004465,20.2967265,0.746983267
4.466,0.004466,20.2993498,0.747164889
4.467,0.004467,20.3019408,0.747337462
4.468,0.004468,20.3044916,0.747496518
4.469,0.004469,20.3070569,0.747652728
4.47,0.00447,20.3096514,0.747817556
4.471,0.004471,20.3122878,0.747984459
4.472,0.004472,20.3149716,0.748157393
4.473,0.004473,20.3176755,0.748335205
4.474,0.004474,20.3204041,0.74852836
4.475,0.004475,20.3232026,0.748730995
4.476,0.004476,20.3259843,0.748935826
4.477,0.004477,20.3287598,0.749131949
4.478,0.004478,20.331518,0.749315634
4.479,0.004479,20.3342667,0.749495905
4.48,0.00448,20.3370417,0.749680455
4.481,0.004481,20.339812,0.749865731
4.482,0.004482,20.3425645,0.750033424
4.483,0.004483,20.3453872,0.75020787
4.484,0.004484,20.3482671,0.750374552
4.485,0.004485,20.3512314,0.750546123
4.486,0.004486,20.3542665,0.750732581
4.487,0.004487,20.3573637,0.750921473
4.488,0.004488,20.3604519,0.751130818
4.489,0.004489,20.3634963,0.751343671
4.49,0.00449,20.366517,0.751565391
4.491,0.004491,20.3695197,0.751790748
4.492,0.004492,20.3724915,0.75201932
4.493,0.004493,20.375456,0.75224158
4.494,0.004494,20.3784046,0.752450589
4.495,0.004495,20.3813534,0.752655046
4.496,0.004496,20.3843597,0.752862262
4.497,0.004497,20.3874073,0.753071999
4.498,0.004498,20.3904797,0.75328666
4.499,0.004499,20.3936113,0.753503103
4.5,0.0045,20.3967655,0.753735067
4.501,0.004501,20.3999084,0.753969456
4.502,0.004502,20.4030523,0.754200252
4.503,0.004503,20.406216,0.754423374
4.504,0.004504,20.4093985,0.754635742
4.505,0.004505,20.4125124,0.754853925
4.506,0.004506,20.4155442,0.755071889
4.507,0.004507,20.4185313,0.755287391
4.508,0.004508,20.4214867,0.755505987
4.509,0.004509,20.4245159,0.755735564
4.51,0.00451,20.4275941,0.755960572
4.511,0.004511,20.4307293,0.756189853
4.512,0.004512,20.4338862,0.756444053
4.513,0.004513,20.4370754,0.756697844
4.514,0.004514,20.4403368,0.756957742
4.515,0.004515,20.4436204,0.757217011
4.516,0.004516,20.4468822,0.75747379
4.517,0.004517,20.45017,0.757740867
4.518,0.004518,20.4534287,0.758002515
4.519,0.004519,20.4566807,0.758239317
4.52,0.00452,20.4599658,0.758477474
4.521,0.004521,20.4632078,0.758713691
4.522,0.004522,20.4664034,0.758949967
4.523,0.004523,20.4696112,0.759195893
4.524,0.004524,20.4728417,0.759470005
4.525,0.004525,20.4761236,0.759746803
4.526,0.004526,20.4794948,0.760015327
4.527,0.004527,20.4830215,0.760279486
4.528,0.004528,20.4866189,0.760533456
4.529,0.004529,20.4902138,0.760765417
4.53,0.00453,20.4937387,0.760970215
4.531,0.004531,20.4972178,0.761160119
4.532,0.004532,20.5006719,0.761344086
4.533,0.004533,20.5041708,0.761542284
4.534,0.004534,20.5076474,0.761754671
4.535,0.004535,20.5111235,0.761982546
4.536,0.004536,20.5146439,0.762225625
4.537,0.004537,20.5182032,0.762471983
4.538,0.004538,20.5217475,0.762717658
4.539,0.004539,20.5252951,0.762960217
4.54,0.00454,20.5289283,0.763199027
4.541,0.004541,20.5325951,0.763444889
4.542,0.004542,20.5362897,0.763690005
4.543,0.004543,20.5399915,0.76392586
4.544,0.004544,20.5437364,0.764151561
4.545,0.004545,20.5474611,0.764364092
4.546,0.004546,20.5511346,0.764589099
4.547,0.004547,20.5548663,0.764815773
4.548,0.004548,20.558678,0.765047232
4.549,0.004549,20.5625642,0.765279194
4.55,0.00455,20.5664846,0.765507704
4.551,0.004551,20.5704436,0.76572373
4.552,0.004552,20.5743905,0.765936021
4.553,0.004553,20.5784123,0.766159592
4.554,0.004554,20.5824855,0.766402271
4.555,0.004555,20.5865778,0.766649969
4.556,0.004556,20.5906812,0.766889984
4.557,0.004557,20.5947792,0.767139676
4.558,0.004558,20.5988889,0.767382971
4.559,0.004559,20.6030282,0.767626733
4.56,0.00456,20.6071492,0.767880064
4.561,0.004561,20.6112911,0.768145799
4.562,0.004562,20.6154173,0.768424234
4.563,0.004563,20.6195318,0.768683097
4.564,0.004564,20.6236632,0.768929023
4.565,0.004565,20.6278431,0.769174407
4.566,0.004566,20.6320245,0.769422684
4.567,0.004567,20.6361305,0.769682739
4.568,0.004568,20.6402424,0.769943173
4.569,0.004569,20.644264,0.77020174
4.57,0.00457,20.6482442,0.770455922
4.571,0.004571,20.6521698,0.77070114
4.572,0.004572,20.6560962,0.770936547
4.573,0.004573,20.6600273,0.77117697
4.574,0.004574,20.6639654,0.771427094
4.575,0.004575,20.6679481,0.771677372
4.576,0.004576,20.6719683,0.771939667
4.577,0.004577,20.6760174,0.772197354
4.578,0.004578,20.6801067,0.772459482
4.579,0.004579,20.6842886,0.772729939
4.58,0.00458,20.6885527,0.773009515
4.581,0.004581,20.6928132,0.773289857
4.582,0.004582,20.6970269,0.773567701
4.583,0.004583,20.7012465,0.773852223
4.584,0.004584,20.7054647,0.77413063
4.585,0.004585,20.7096708,0.774408092
4.586,0.004586,20.7138799,0.774679702
4.587,0.004587,20.7180847,0.774949289
4.588,0.004588,20.7223109,0.775214055
4.589,0.004589,20.7265487,0.775496284
4.59,0.00459,20.7307985,0.775794042
4.591,0.004591,20.7351304,0.776103349
4.592,0.004592,20.739418,0.7763893
4.593,0.004593,20.7436823,0.776655856
4.594,0.004594,20.7480096,0.776918837
4.595,0.004595,20.7523374,0.777173913
4.596,0.004596,20.7566933,0.777430509
4.597,0.004597,20.7610971,0.77768148
4.598,0.004598,20.7654619,0.777921771
4.599,0.004599,20.7697746,0.778168618
4.6,0.0046,20.773992,0.778409452
4.601,0.004601,20.7781352,0.7786329
4.602,0.004602,20.7822146,0.778850702
4.603,0.004603,20.7862687,0.779062536
4.604,0.004604,20.7903363,0.779272169
4.605,0.004605,20.7943426,0.779479265
4.606,0.004606,20.7983367,0.779693985
4.607,0.004607,20.8023072,0.779905236
4.608,0.004608,20.8062709,0.780132826
4.609,0.004609,20.8102801,0.780376202
4.61,0.00461,20.8143216,0.780615586
4.611,0.004611,20.8183594,0.780848912
4.612,0.004612,20.8223725,0.781086078
4.613,0.004613,20.8263724,0.781326403
4.614,0.004614,20.8303379,0.781559051
4.615,0.004615,20.834275,0.781798624
4.616,0.004616,20.8382204,0.782044114
4.617,0.004617,20.8422031,0.78230476
4.618,0.004618,20.84619,0.782575224
4.619,0.004619,20.8502066,0.782859182
4.62,0.00462,20.8542065,0.783157719
4.621,0.004621,20.8582222,0.783476697
4.622,0.004622,20.8622731,0.783804229
4.623,0.004623,20.8663609,0.784125287
4.624,0.004624,20.8705222,0.78443469
4.625,0.004625,20.8747422,0.784730066
4.626,0.004626,20.8789876,0.78503078
4.627,0.004627,20.8831954,0.785344508
4.628,0.004628,20.8874088,0.785651348
4.629,0.004629,20.8915645,0.785955877
4.63,0.00463,20.8957323,0.786270374
4.631,0.004631,20.8998654,0.786595276
4.632,0.004632,20.9040036,0.786914914
4.633,0.004633,20.9081764,0.78721952
4.634,0.004634,20.9123347,0.787527349
4.635,0.004635,20.9164727,0.787825384
4.636,0.004636,20.9206364,0.788131084
4.637,0.004637,20.9247847,0.78843775
4.638,0.004638,20.9289145,0.788724292
4.639,0.004639,20.9329896,0.788999204
4.64,0.00464,20.9370144,0.789274989
4.641,0.004641,20.9409893,0.789539746
4.642,0.004642,20.9449173,0.789818044
4.643,0.004643,20.9488079,0.790088829
4.644,0.004644,20.9527012,0.79036859
4.645,0.004645,20.9565629,0.790662022
4.646,0.004646,20.9603961,0.790957046
4.647,0.004647,20.9642057,0.791248184
4.648,0.004648,20.9680507,0.791537263
4.649,0.004649,20.9719378,0.791824694
4.65,0.00465,20.9758171,0.792097496
4.651,0.004651,20.9797573,0.792374813
4.652,0.004652,20.9836334,0.792649318
4.653,0.004653,20.9875044,0.792910626
4.654,0.004654,20.9914068,0.793156322
4.655,0.004655,20.995343,0.793398928
4.656,0.004656,20.9993354,0.793649782
4.657,0.004657,21.0034147,0.793909495
4.658,0.004658,21.0074923,0.794185719
4.659,0.004659,21.0115723,0.794475899
4.66,0.00466,21.0156167,0.794750985
4.661,0.004661,21.0196216,0.79499401
4.662,0.004662,21.0235911,0.795229896
4.663,0.004663,21.02753,0.795483794
4.664,0.004664,21.0314976,0.795740676
4.665,0.004665,21.0355101,0.795998794
4.666,0.004666,21.0395117,0.796259786
4.667,0.004667,21.0434694,0.796520675
4.668,0.004668,21.0474241,0.796800728
4.669,0.004669,21.0513555,0.797087265
4.67,0.00467,21.0553204,0.79736655
4.671,0.004671,21.0592647,0.79763677
4.672,0.004672,21.0632225,0.797923678
4.673,0.004673,21.0671826,0.798206156
4.674,0.004674,21.0711726,0.79848193
4.675,0.004675,21.0751681,0.798758949
4.676,0.004676,21.0791292,0.799043527
4.677,0.004677,21.0830824,0.799316725
4.678,0.004678,21.0869706,0.799585177
4.679,0.004679,21.0908029,0.799860097
4.68,0.00468,21.0945927,0.800135287
4.681,0.004681,21.0983198,0.80040902
4.682,0.004682,21.1020629,0.800684713
4.683,0.004683,21.1058172,0.800959409
4.684,0.004684,21.1095798,0.801221836
4.685,0.004685,21.1133182,0.801479879
4.686,0.004686,21.1170719,0.801736549
4.687,0.004687,21.1208072,0.802005849
4.688,0.004688,21.1245425,0.802282333
4.689,0.004689,21.1283244,0.802525111
4.69,0.00469,21.1320756,0.802765796
4.691,0.004691,21.1358336,0.803017779
4.692,0.004692,21.1395951,0.803288534
4.693,0.004693,21.1433464,0.80357258
4.694,0.004694,21.1470761,0.803871024
4.695,0.004695,21.1507967,0.804183491
4.696,0.004696,21.1545362,0.804488289
4.697,0.004697,21.1582768,0.804786492
4.698,0.004698,21.1620022,0.805082603
4.699,0.004699,21.1657393,0.805380098
4.7,0.0047,21.1694859,0.805674954
4.701,0.004701,21.173253,0.805968067
4.702,0.004702,21.1770067,0.806256507
4.703,0.004703,21.1807199,0.806552289
4.704,0.004704,21.1844086,0.806859346
4.705,0.004705,21.1881173,0.807169471
4.706,0.004706,21.1918137,0.807499642
4.707,0.004707,21.1955098,0.807832849
4.708,0.004708,21.1992231,0.808165297
4.709,0.004709,21.2028997,0.808502396
4.71,0.00471,21.2066015,0.808832423
4.711,0.004711,21.2103411,0.809182629
4.712,0.004712,21.2141058,0.809544082
4.713,0.004713,21.2178949,0.80990034
4.714,0.004714,21.2216769,0.81024638
4.715,0.004715,21.2254684,0.810579013
4.716,0.004716,21.2293031,0.810908195
4.717,0.004717,21.2331246,0.811257882
4.718,0.004718,21.2369916,0.811614694
4.719,0.004719,21.2409124,0.811962806
4.72,0.00472,21.2448614,0.812295512
4.721,0.004721,21.2487982,0.812621998
4.722,0.004722,21.2527702,0.812956623
4.723,0.004723,21.2567816,0.813291237
4.724,0.004724,21.2607992,0.813622774
4.725,0.004725,21.2648827,0.813943305
4.726,0.004726,21.2690407,0.814253565
4.727,0.004727,21.2732306,0.814569071
4.728,0.004728,21.2773948,0.814886932
4.729,0.004729,21.2815714,0.815202301
4.73,0.00473,21.2857653,0.815518091
4.731,0.004731,21.2899529,0.815824436
4.732,0.004732,21.2941823,0.816122845
4.733,0.004733,21.2984339,0.816423432
4.734,0.004734,21.3026729,0.816741415
4.735,0.004735,21.3069925,0.817061064
4.736,0.004736,21.3113365,0.817378589
4.737,0.004737,21.315722,0.817691495
4.738,0.004738,21.3201293,0.818002032
4.739,0.004739,21.3245776,0.818307603
4.74,0.00474,21.3291021,0.81861228
4.741,0.004741,21.3336255,0.818915765
4.742,0.004742,21.3381448,0.819205333
4.743,0.004743,21.3425927,0.819478822
4.744,0.004744,21.3469962,0.819746819
4.745,0.004745,21.3513556,0.820008169
4.746,0.004746,21.3557411,0.820279431
4.747,0.004747,21.360144,0.820539786
4.748,0.004748,21.3646172,0.820789629
4.749,0.004749,21.3691292,0.821029307
4.75,0.00475,21.3736569,0.821271521
4.751,0.004751,21.3781563,0.821511778
4.752,0.004752,21.3826725,0.821734698
4.753,0.004753,21.3872589,0.821937894
4.754,0.004754,21.3919038,0.82215547
4.755,0.004755,21.3966379,0.822378553
4.756,0.004756,21.4014488,0.822590136
4.757,0.004757,21.4062969,0.822789486
4.758,0.004758,21.4112112,0.822983446
4.759,0.004759,21.4161441,0.823182687
4.76,0.00476,21.4210845,0.823388069
4.761,0.004761,21.4260349,0.823596251
4.762,0.004762,21.4310217,0.823804715
4.763,0.004763,21.4360955,0.824016481
4.764,0.004764,21.4411466,0.824226822
4.765,0.004765,21.4461974,0.824446612
4.766,0.004766,21.4511945,0.824666338
4.767,0.004767,21.4561545,0.824898197
4.768,0.004768,21.4610595,0.825148309
4.769,0.004769,21.4658928,0.825404134
4.77,0.00477,21.4707079,0.825660156
4.771,0.004771,21.4755272,0.825913582
4.772,0.004772,21.4803165,0.826159524
4.773,0.004773,21.4851095,0.826403807
4.774,0.004774,21.4899086,0.826657314
4.775,0.004775,21.4947611,0.826913343
4.776,0.004776,21.4996517,0.827181268
4.777,0.004777,21.5045419,0.827444866
4.778,0.004778,21.5093844,0.827715349
4.779,0.004779,21.5142256,0.827989222
4.78,0.00478,21.5190075,0.828242851
4.781,0.004781,21.5236992,0.828462519
4.782,0.004782,21.5282893,0.828669855
4.783,0.004783,21.5327865,0.828899158
4.784,0.004784,21.537306,0.829135332
4.785,0.004785,21.5418579,0.829366378
4.786,0.004786,21.5464441,0.829593952
4.787,0.004787,21.5510328,0.829829253
4.788,0.004788,21.555575,0.830066271
4.789,0.004789,21.5600825,0.830310991
4.79,0.00479,21.5646009,0.830556572
4.791,0.004791,21.5690511,0.83078684
4.792,0.004792,21.5735171,0.831000463
4.793,0.004793,21.5780102,0.831194547
4.794,0.004794,21.5825255,0.831382997
4.795,0.004795,21.5870548,0.831571856
4.796,0.004796,21.5915914,0.831744169
4.797,0.004797,21.5961835,0.831915593
4.798,0.004798,21.6008283,0.832107963
4.799,0.004799,21.6054665,0.832299274
4.8,0.0048,21.6101139,0.832487825
4.801,0.004801,21.6147732,0.832674804
4.802,0.004802,21.6194168,0.832855435
4.803,0.004803,21.6240512,0.833036986
4.804,0.004804,21.6287294,0.833241668
4.805,0.004805,21.6334525,0.833447424
4.806,0.004806,21.6381699,0.833643237
4.807,0.004807,21.6428938,0.83384775
4.808,0.004808,21.6475633,0.834050863
4.809,0.004809,21.6521676,0.834250843
4.81,0.00481,21.6567591,0.834445906
4.811,0.004811,21.6613634,0.834628642
4.812,0.004812,21.6659384,0.834811083
4.813,0.004813,21.6705163,0.834997843
4.814,0.004814,21.6750964,0.835191552
4.815,0.004815,21.6796814,0.83540431
4.816,0.004816,21.684276,0.835631246
4.817,0.004817,21.6888432,0.835864341
4.818,0.004818,21.6933682,0.836080689
4.819,0.004819,21.6978631,0.83628707
4.82,0.00482,21.702262,0.836501313
4.821,0.004821,21.7065978,0.836721029
4.822,0.004822,21.7108979,0.836934117
4.823,0.004823,21.7152379,0.83716795
4.824,0.004824,21.719629,0.837414895
4.825,0.004825,21.7240268,0.837667092
4.826,0.004826,21.728493,0.837916005
4.827,0.004827,21.7330382,0.838162796
4.828,0.004828,21.7375752,0.838400178
4.829,0.004829,21.7421504,0.838634215
4.83,0.00483,21.7467089,0.838869892
4.831,0.004831,21.7512645,0.839104534
4.832,0.004832,21.7558082,0.83933771
4.833,0.004833,21.7603633,0.839558684
4.834,0.004834,21.764993,0.839776321
4.835,0.004835,21.7696299,0.840002016
4.836,0.004836,21.7742669,0.840229279
4.837,0.004837,21.7788971,0.840463374
4.838,0.004838,21.78359,0.840709336
4.839,0.004839,21.7882827,0.840951219
4.84,0.00484,21.7929543,0.841201348
4.841,0.004841,21.7976178,0.841455298
4.842,0.004842,21.802291,0.841720217
4.843,0.004843,21.8069716,0.841989383
4.844,0.004844,21.8116209,0.842248849
4.845,0.004845,21.8162381,0.842505362
4.846,0.004846,21.820802,0.842751459
4.847,0.004847,21.8253966,0.842991121
4.848,0.004848,21.8299853,0.843230798
4.849,0.004849,21.8345562,0.843478512
4.85,0.00485,21.8391619,0.84372118
4.851,0.004851,21.8438586,0.84396229
4.852,0.004852,21.8485789,0.844197823
4.853,0.004853,21.8533411,0.844421398
4.854,0.004854,21.8581135,0.844650944
4.855,0.004855,21.8628921,0.844890095
4.856,0.004856,21.8676758,0.845121329
4.857,0.004857,21.8725028,0.845331454
4.858,0.004858,21.8773296,0.845522235
4.859,0.004859,21.8821936,0.845696229
4.86,0.00486,21.8870095,0.845876538
4.861,0.004861,21.8918438,0.846057962
4.862,0.004862,21.8966645,0.846242854
4.863,0.004863,21.9014644,0.846434319
4.864,0.004864,21.9062533,0.846630378
4.865,0.004865,21.9110605,0.846838989
4.866,0.004866,21.9159201,0.847060652
4.867,0.004867,21.9207837,0.847269722
4.868,0.004868,21.9256741,0.847472651
4.869,0.004869,21.9305809,0.847687165
4.87,0.00487,21.9354981,0.847909202
4.871,0.004871,21.9404816,0.848113887
4.872,0.004872,21.9454604,0.848317632
4.873,0.004873,21.9504605,0.84851924
4.874,0.004874,21.9555375,0.848733775
4.875,0.004875,21.9606086,0.848979264
4.876,0.004876,21.9656392,0.849232232
4.877,0.004877,21.9706728,0.849466036
4.878,0.004878,21.9757227,0.849674529
4.879,0.004879,21.9807656,0.849879026
4.88,0.00488,21.9857862,0.850099278
4.881,0.004881,21.9907597,0.85030718
4.882,0.004882,21.99569,0.850506309
4.883,0.004883,22.0005978,0.850711866
4.884,0.004884,22.0055136,0.850933354
4.885,0.004885,22.0105194,0.85115828
4.886,0.004886,22.015552,0.851379079
4.887,0.004887,22.0205858,0.851587682
4.888,0.004888,22.0256896,0.851781193
4.889,0.004889,22.0307821,0.851967052
4.89,0.00489,22.0357923,0.852153578
4.891,0.004891,22.0407322,0.852346924
4.892,0.004892,22.0457204,0.852555418
4.893,0.004893,22.0507026,0.85277834
4.894,0.004894,22.0556752,0.853003698
4.895,0.004895,22.0606618,0.853228362
4.896,0.004896,22.0656456,0.853449889
4.897,0.004897,22.0706016,0.85367922
4.898,0.004898,22.0755112,0.853900987
4.899,0.004899,22.080298,0.85411392
4.9,0.0049,22.0849952,0.854328535
4.901,0.004901,22.089673,0.854537245
4.902,0.004902,22.0943107,0.854738081
4.903,0.004903,22.09896,0.854938609
4.904,0.004904,22.1036261,0.855149228
4.905,0.004905,22.1082529,0.855387949
4.906,0.004906,22.1128673,0.855639968
4.907,0.004907,22.1174995,0.855898487
4.908,0.004908,22.1221048,0.856151996
4.909,0.004909,22.1267043,0.856395039
4.91,0.00491,22.1312403,0.856630513
4.911,0.004911,22.1357638,0.856864325
4.912,0.004912,22.1403079,0.857110178
4.913,0.004913,22.144846,0.857348543
4.914,0.004914,22.1493645,0.857591511
4.915,0.004915,22.1538992,0.85783335
4.916,0.004916,22.158458,0.858072946
4.917,0.004917,22.1630132,0.858306504
4.918,0.004918,22.1675826,0.858536394
4.919,0.004919,22.1721164,0.858753564
4.92,0.00492,22.1766844,0.85896167
4.921,0.004921,22.1812905,0.859174055
4.922,0.004922,22.1859361,0.859395088
4.923,0.004923,22.1905819,0.859628561
4.924,0.004924,22.1952117,0.859872009
4.925,0.004925,22.1998544,0.860118541
4.926,0.004926,22.2045228,0.860359173
4.927,0.004927,22.2091753,0.860607568
4.928,0.004928,22.2139179,0.860854411
4.929,0.004929,22.2187705,0.861101598
4.93,0.00493,22.2236906,0.861357205
4.931,0.004931,22.2286252,0.86162412
4.932,0.004932,22.2335043,0.861878797
4.933,0.004933,22.2383648,0.862106162
4.934,0.004934,22.243218,0.862320572
4.935,0.004935,22.2480679,0.862536898
4.936,0.004936,22.2529619,0.862755205
4.937,0.004937,22.2578762,0.862971331
4.938,0.004938,22.2628432,0.863183892
4.939,0.004939,22.267851,0.863398369
4.94,0.00494,22.2728806,0.863606238
4.941,0.004941,22.2778743,0.863820684
4.942,0.004942,22.2828755,0.864018867
4.943,0.004943,22.287881,0.864206271
4.944,0.004944,22.292913,0.864379463
4.945,0.004945,22.2979638,0.864535833
4.946,0.004946,22.3030178,0.864699138
4.947,0.004947,22.3079575,0.86486047
4.948,0.004948,22.3127861,0.865009763
4.949,0.004949,22.3175841,0.865147712
4.95,0.00495,22.3223662,0.86527383
4.951,0.004951,22.3271673,0.865399946
4.952,0.004952,22.3319765,0.865532322
4.953,0.004953,22.3368043,0.865659585
4.954,0.004954,22.3416147,0.865805913
4.955,0.004955,22.3463746,0.865973865
4.956,0.004956,22.3510878,0.866143288
4.957,0.004957,22.3557981,0.866321197
4.958,0.004958,22.3604911,0.866503955
4.959,0.004959,22.3652013,0.866698055
4.96,0.00496,22.3698955,0.866881669
4.961,0.004961,22.3745567,0.86707069
4.962,0.004962,22.3792088,0.867255526
4.963,0.004963,22.3838541,0.867448134
4.964,0.004964,22.3885076,0.867643445
4.965,0.004965,22.3932025,0.867828706
4.966,0.004966,22.3979156,0.86801603
4.967,0.004967,22.4026167,0.868225128
4.968,0.004968,22.4073632,0.868444439
4.969,0.004969,22.4121509,0.868667383
4.97,0.00497,22.4168805,0.868886709
4.971,0.004971,22.4216076,0.869092813
4.972,0.004972,22.4262937,0.869281845
4.973,0.004973,22.4309754,0.869474776
4.974,0.004974,22.4356647,0.869665692
4.975,0.004975,22.4403037,0.869845481
4.976,0.004976,22.4449155,0.870018687
4.977,0.004977,22.4495856,0.870182487
4.978,0.004978,22.454265,0.870344045
4.979,0.004979,22.4589793,0.870498408
4.98,0.00498,22.4637321,0.870642197
4.981,0.004981,22.4684493,0.870776395
4.982,0.004982,22.473182,0.870905802
4.983,0.004983,22.4779009,0.871023871
4.984,0.004984,22.4826614,0.871139381
4.985,0.004985,22.4874336,0.87127029
4.986,0.004986,22.4922239,0.871411018
4.987,0.004987,22.4970425,0.871547391
4.988,0.004988,22.501919,0.871698858
4.989,0.004989,22.5068156,0.871849229
4.99,0.00499,22.5117442,0.872012316
4.991,0.004991,22.5166572,0.872177566
4.992,0.004992,22.5215432,0.872340532
4.993,0.004993,22.526398,0.872505546
4.994,0.004994,22.5312182,0.872679443
4.995,0.004995,22.5360436,0.872850531
4.996,0.004996,22.5408892,0.873019697
4.997,0.004997,22.5457856,0.873205935
4.998,0.004998,22.5506545,0.873400658
4.999,0.004999,22.5555175,0.873601791
5,0.005,22.5603385,0.873813139
5.001,0.005001,22.5651797,0.874023647
5.002,0.005002,22.5700181,0.874234337
5.003,0.005003,22.5748085,0.874454061
5.004,0.005004,22.5795398,0.874686876
5.005,0.005005,22.5842137,0.874911294
5.006,0.005006,22.588803,0.87513651
5.007,0.005007,22.5933408,0.87535844
5.008,0.005008,22.5977644,0.87557535
5.009,0.005009,22.602184,0.875789317
5.01,0.00501,22.6066029,0.876008308
5.011,0.005011,22.6110419,0.876237856
5.012,0.005012,22.615528,0.876453231
5.013,0.005013,22.6200513,0.876667805
5.014,0.005014,22.6245767,0.876875035
5.015,0.005015,22.6290986,0.877083968
5.016,0.005016,22.6336708,0.877297406
5.017,0.005017,22.63826,0.877510211
5.018,0.005018,22.6428145,0.877729145
5.019,0.005019,22.6473713,0.877959043
5.02,0.00502,22.6519707,0.878181303
5.021,0.005021,22.656634,0.878400031
5.022,0.005022,22.6612431,0.878611362
5.023,0.005023,22.6658584,0.878821087
5.024,0.005024,22.6705352,0.879041886
5.025,0.005025,22.6752568,0.879262231
5.026,0.005026,22.6799784,0.879479945
5.027,0.005027,22.6847356,0.8797072
5.028,0.005028,22.6894774,0.8799358
5.029,0.005029,22.6942247,0.880149902
5.03,0.00503,22.699003,0.880363737
5.031,0.005031,22.7037544,0.880579065
5.032,0.005032,22.7084582,0.880788377
5.033,0.005033,22.7131126,0.881009585
5.034,0.005034,22.7177794,0.881227901
5.035,0.005035,22.7224412,0.881448715
5.036,0.005036,22.7270786,0.881672241
5.037,0.005037,22.7316425,0.881888373
5.038,0.005038,22.7360749,0.882094529
5.039,0.005039,22.7403823,0.882306688
5.04,0.00504,22.7446082,0.882528796
5.041,0.005041,22.7488189,0.882760618
5.042,0.005042,22.753073,0.883010264
5.043,0.005043,22.757282,0.883281572
5.044,0.005044,22.7615082,0.883572315
5.045,0.005045,22.7657823,0.88386694
5.046,0.005046,22.7700418,0.884141176
5.047,0.005047,22.7742462,0.884392416
5.048,0.005048,22.7784145,0.884632328
5.049,0.005049,22.7826174,0.884871201
5.05,0.00505,22.7868603,0.885107265
5.051,0.005051,22.7911915,0.885345277
5.052,0.005052,22.7955328,0.885587977
5.053,0.005053,22.7998861,0.885849725
5.054,0.005054,22.8043142,0.886126059
5.055,0.005055,22.80879,0.886397236
5.056,0.005056,22.8133263,0.886671163
5.057,0.005057,22.8179062,0.886955559
5.058,0.005058,22.8224299,0.887237345
5.059,0.005059,22.8268654,0.887510411
5.06,0.00506,22.8312939,0.887773723
5.061,0.005061,22.8357686,0.888039076
5.062,0.005062,22.8402804,0.888314034
5.063,0.005063,22.8449102,0.888594027
5.064,0.005064,22.8496415,0.888892125
5.065,0.005065,22.8543777,0.889205357
5.066,0.005066,22.8590724,0.889517706
5.067,0.005067,22.8637557,0.889845362
5.068,0.005068,22.8684335,0.890174285
5.069,0.005069,22.8730767,0.890494044
5.07,0.00507,22.8776878,0.890815013
5.071,0.005071,22.8822611,0.891142559
5.072,0.005072,22.8868414,0.891465187
5.073,0.005073,22.8913969,0.891782628
5.074,0.005074,22.8959133,0.892093249
5.075,0.005075,22.9004162,0.892401368
5.076,0.005076,22.9049257,0.892699584
5.077,0.005077,22.9094468,0.892997565
5.078,0.005078,22.9139591,0.89329157
5.079,0.005079,22.9184986,0.893586056
5.08,0.00508,22.9230087,0.893882368
5.081,0.005081,22.9274793,0.894176033
5.082,0.005082,22.9319021,0.894486806
5.083,0.005083,22.9363162,0.894800427
5.084,0.005084,22.9407477,0.895114998
5.085,0.005085,22.945103,0.89541029
5.086,0.005086,22.949379,0.895697042
5.087,0.005087,22.9536318,0.895973625
5.088,0.005088,22.9578537,0.896266494
5.089,0.005089,22.9620399,0.896581684
5.09,0.00509,22.9662217,0.896909447
5.091,0.005091,22.9703896,0.897237104
5.092,0.005092,22.9745428,0.897556312
5.093,0.005093,22.9787545,0.897889587
5.094,0.005094,22.9830512,0.898241695
5.095,0.005095,22.9873989,0.898606376
5.096,0.005096,22.9918446,0.898970566
5.097,0.005097,22.9963891,0.899333059
5.098,0.005098,23.0009662,0.89968714
5.099,0.005099,23.0055328,0.900017594
5.1,0.0051,23.0100929,0.900336586
5.101,0.005101,23.0146481,0.900652991
5.102,0.005102,23.0191178,0.900971139
5.103,0.005103,23.0236137,0.901274589
5.104,0.005104,23.0281491,0.90157419
5.105,0.005105,23.0327239,0.901865913
5.106,0.005106,23.0373983,0.902164698
5.107,0.005107,23.0421728,0.902470535
5.108,0.005108,23.0470603,0.902786981
5.109,0.005109,23.0520345,0.903098383
5.11,0.00511,23.0570784,0.903414302
5.111,0.005111,23.0622115,0.903735119
5.112,0.005112,23.0673958,0.904060653
5.113,0.005113,23.0725944,0.90439685
5.114,0.005114,23.0777212,0.904740807
5.115,0.005115,23.0827854,0.905097517
5.116,0.005116,23.0878179,0.905458484
5.117,0.005117,23.0928262,0.905827036
5.118,0.005118,23.0978571,0.906219122
5.119,0.005119,23.1028713,0.906622958
5.12,0.00512,23.1078507,0.907012669
5.121,0.005121,23.1127851,0.907396584
5.122,0.005122,23.1177565,0.907793156
5.123,0.005123,23.1227282,0.908194509
5.124,0.005124,23.1276429,0.908596837
5.125,0.005125,23.132505,0.909010889
5.126,0.005126,23.1374587,0.909444791
5.127,0.005127,23.1424643,0.909899586
5.128,0.005128,23.1474397,0.910359451
5.129,0.005129,23.1523806,0.91081046
5.13,0.00513,23.1572667,0.911249484
5.131,0.005131,23.1621445,0.91168178
5.132,0.005132,23.1670203,0.912134617
5.133,0.005133,23.1719406,0.912594716
5.134,0.005134,23.1768603,0.913055477
5.135,0.005135,23.181738,0.913528768
5.136,0.005136,23.186618,0.914008725
5.137,0.005137,23.1915457,0.914488341
5.138,0.005138,23.1965165,0.914968866
5.139,0.005139,23.201466,0.915437438
5.14,0.00514,23.206405,0.915896989
5.141,0.005141,23.2113492,0.916361744
5.142,0.005142,23.2162948,0.916817221
5.143,0.005143,23.221188,0.917281012
5.144,0.005144,23.2260256,0.917750768
5.145,0.005145,23.2308416,0.918229081
5.146,0.005146,23.2356019,0.918703836
5.147,0.005147,23.2403347,0.919174797
5.148,0.005148,23.2450488,0.919653455
5.149,0.005149,23.2497821,0.920138605
5.15,0.00515,23.254528,0.92063474
5.151,0.005151,23.2592128,0.921128543
5.152,0.005152,23.2638602,0.921617288
5.153,0.005153,23.2685122,0.922087332
5.154,0.005154,23.2731427,0.922555471
5.155,0.005155,23.2777922,0.923027559
5.156,0.005156,23.2824804,0.923514593
5.157,0.005157,23.2871416,0.924010646
5.158,0.005158,23.2917681,0.924504425
5.159,0.005159,23.2964073,0.92499155
5.16,0.00516,23.3010695,0.925478299
5.161,0.005161,23.3057253,0.925971911
5.162,0.005162,23.3103241,0.926482332
5.163,0.005163,23.3149141,0.926996429
5.164,0.005164,23.3195222,0.927494281
5.165,0.005165,23.3241329,0.927972616
5.166,0.005166,23.3287381,0.928458192
5.167,0.005167,23.333308,0.928967295
5.168,0.005168,23.337879,0.929479688
5.169,0.005169,23.3423826,0.929994039
5.17,0.00517,23.3468692,0.930509173
5.171,0.005171,23.3513008,0.931041353
5.172,0.005172,23.3556344,0.93156842
5.173,0.005173,23.3599147,0.932077383
5.174,0.005174,23.3641506,0.932579551
5.175,0.005175,23.3683818,0.933075447
5.176,0.005176,23.3726145,0.933571158
5.177,0.005177,23.3768491,0.934064587
5.178,0.005178,23.3810857,0.934544228
5.179,0.005179,23.3853514,0.93502257
5.18,0.00518,23.3896489,0.935500187
5.181,0.005181,23.393947,0.935974315
5.182,0.005182,23.3982332,0.936454642
5.183,0.005183,23.4024577,0.936936903
5.184,0.005184,23.40661,0.937423027
5.185,0.005185,23.4107674,0.937915079
5.186,0.005186,23.4149333,0.93842013
5.187,0.005187,23.4190574,0.93894345
5.188,0.005188,23.4231617,0.939469291
5.189,0.005189,23.4273296,0.939998637
5.19,0.00519,23.431583,0.940525797
5.191,0.005191,23.4359243,0.941060994
5.192,0.005192,23.4403257,0.941599254
5.193,0.005193,23.4447012,0.942147374
5.194,0.005194,23.44908,0.942704801
5.195,0.005195,23.4534372,0.943253722
5.196,0.005196,23.4577764,0.94377202
5.197,0.005197,23.4621483,0.944267842
5.198,0.005198,23.4665772,0.94477486
5.199,0.005199,23.4710541,0.945298973
5.2,0.0052,23.4755353,0.945819579
5.201,0.005201,23.4800025,0.946345092
5.202,0.005202,23.4844067,0.946880082
5.203,0.005203,23.4888453,0.947414762
5.204,0.005204,23.4933249,0.947942762
5.205,0.005205,23.4977848,0.9484692
5.206,0.005206,23.5022464,0.948987227
5.207,0.005207,23.5067806,0.949497231
5.208,0.005208,23.5114171,0.950001791
5.209,0.005209,23.5161292,0.950507508
5.21,0.00521,23.5208341,0.951003842
5.211,0.005211,23.5255129,0.951501305
5.212,0.005212,23.530209,0.951995211
5.213,0.005213,23.5349372,0.952494775
5.214,0.005214,23.539676,0.953004485
5.215,0.005215,23.5444642,0.953517415
5.216,0.005216,23.5492912,0.95403421
5.217,0.005217,23.5541252,0.95453166
5.218,0.005218,23.559054,0.955016584
5.219,0.005219,23.5639917,0.955481134
5.22,0.00522,23.568925,0.955930883
5.221,0.005221,23.5738956,0.956387228
5.222,0.005222,23.5789289,0.956848113
5.223,0.005223,23.5840039,0.957313135
5.224,0.005224,23.5891038,0.957804919
5.225,0.005225,23.5941841,0.95831695
5.226,0.005226,23.5991931,0.958842744
5.227,0.005227,23.6042106,0.95936879
5.228,0.005228,23.6092671,0.959875007
5.229,0.005229,23.6143254,0.960373913
5.23,0.00523,23.6194319,0.960871163
5.231,0.005231,23.6245251,0.961356889
5.232,0.005232,23.6295933,0.961838134
5.233,0.005233,23.6346957,0.962336459
5.234,0.005234,23.6398173,0.962831165
5.235,0.005235,23.6449511,0.963324847
5.236,0.005236,23.6500772,0.963822654
5.237,0.005237,23.6552477,0.96431126
5.238,0.005238,23.6604508,0.96479223
5.239,0.005239,23.6656847,0.965268243
5.24,0.00524,23.6709706,0.96575462
5.241,0.005241,23.676321,0.966249356
5.242,0.005242,23.6817745,0.9667441
5.243,0.005243,23.6872608,0.967254422
5.244,0.005244,23.6927344,0.967779433
5.245,0.005245,23.6982372,0.968304406
5.246,0.005246,23.7037272,0.968827234
5.247,0.005247,23.7091735,0.969330352
5.248,0.005248,23.7145551,0.969822259
5.249,0.005249,23.7198236,0.970291738
5.25,0.00525,23.7250255,0.970742961
5.251,0.005251,23.7302309,0.971179724
5.252,0.005252,23.7355127,0.971609918
5.253,0.005253,23.7408284,0.972039647
5.254,0.005254,23.7461099,0.972463254
5.255,0.005255,23.7513829,0.972884334
5.256,0.005256,23.7566781,0.973307878
5.257,0.005257,23.7619791,0.973720319
5.258,0.005258,23.767273,0.97413059
5.259,0.005259,23.7725502,0.974550796
5.26,0.00526,23.7778273,0.974981284
5.261,0.005261,23.7830963,0.975418588
5.262,0.005262,23.7882941,0.975842449
5.263,0.005263,23.7934962,0.976258438
5.264,0.005264,23.7987229,0.976679527
5.265,0.005265,23.8039582,0.9770921
5.266,0.005266,23.8091966,0.977503807
5.267,0.005267,23.8144178,0.977916411
5.268,0.005268,23.8196063,0.978325953
5.269,0.005269,23.8247661,0.978724607
5.27,0.00527,23.8299568,0.979114687
5.271,0.005271,23.8351173,0.979508818
5.272,0.005272,23.8402447,0.979897458
5.273,0.005273,23.8453844,0.980280955
5.274,0.005274,23.850553,0.980673516
5.275,0.005275,23.8557961,0.981078346
5.276,0.005276,23.8610303,0.98148439
5.277,0.005277,23.8662316,0.981896572
5.278,0.005278,23.8714473,0.982316977
5.279,0.005279,23.8767041,0.982744803
5.28,0.00528,23.8820363,0.983194637
5.281,0.005281,23.8874208,0.983639769
5.282,0.005282,23.8928189,0.984055723
5.283,0.005283,23.8983005,0.984449868
5.284,0.005284,23.9038528,0.984848703
5.285,0.005285,23.9093711,0.98525617
5.286,0.005286,23.9148891,0.985668471
5.287,0.005287,23.9203887,0.986092346
5.288,0.005288,23.9258268,0.986512936
5.289,0.005289,23.9312569,0.986927559
5.29,0.00529,23.9367178,0.98735603
5.291,0.005291,23.9423119,0.987797067
5.292,0.005292,23.9479879,0.988240511
5.293,0.005293,23.9537269,0.988674675
5.294,0.005294,23.9595326,0.989111349
5.295,0.005295,23.9653517,0.989554804
5.296,0.005296,23.971209,0.989984036
5.297,0.005297,23.9771058,0.990414039
5.298,0.005298,23.9830153,0.990844045
5.299,0.005299,23.9888554,0.991261701
5.3,0.0053,23.9947408,0.991689803
5.301,0.005301,24.0006514,0.992114563
5.302,0.005302,24.0065526,0.992520362
5.303,0.005303,24.0124192,0.992894877
5.304,0.005304,24.0182158,0.993247443
5.305,0.005305,24.0239194,0.99359085
5.306,0.005306,24.0295923,0.993940005
5.307,0.005307,24.0352779,0.994294856
5.308,0.005308,24.0409531,0.994656861
5.309,0.005309,24.046643,0.995001826
5.31,0.00531,24.0523174,0.995325018
5.311,0.005311,24.0579734,0.995635479
5.312,0.005312,24.0636738,0.995934882
5.313,0.005313,24.0693915,0.996234409
5.314,0.005314,24.0751354,0.996513727
5.315,0.005315,24.0809102,0.996803499
5.316,0.005316,24.0867006,0.997113073
5.317,0.005317,24.0925157,0.997435106
5.318,0.005318,24.0983559,0.997767147
5.319,0.005319,24.1041766,0.998086843
5.32,0.00532,24.1100359,0.998397187
5.321,0.005321,24.1159581,0.998725045
5.322,0.005322,24.1219458,0.999058095
5.323,0.005323,24.1279347,0.99938915
5.324,0.005324,24.133942,0.999724662
5.325,0.005325,24.1399737,1.00006163
5.326,0.005326,24.1459666,1.00040568
5.327,0.005327,24.151989,1.00075144
5.328,0.005328,24.1580044,1.00111081
5.329,0.005329,24.1640226,1.0014672
5.33,0.00533,24.1700708,1.00181861
5.331,0.005331,24.1760993,1.00217897
5.332,0.005332,24.1820976,1.00252579
5.333,0.005333,24.1881043,1.00286301
5.334,0.005334,24.1940658,1.00320465
5.335,0.005335,24.2000257,1.00354309
5.336,0.005336,24.2059862,1.00387656
5.337,0.005337,24.2119469,1.0042025
5.338,0.005338,24.2179076,1.00450939
5.339,0.005339,24.2238743,1.00479443
5.34,0.00534,24.2298617,1.00508372
5.341,0.005341,24.2358137,1.00537542
5.342,0.005342,24.2417722,1.00566204
5.343,0.005343,24.2477617,1.00593684
5.344,0.005344,24.2537161,1.00621943
5.345,0.005345,24.2596167,1.00651982
5.346,0.005346,24.2655251,1.00682556
5.347,0.005347,24.2714442,1.00714395
5.348,0.005348,24.2774187,1.00748188
5.349,0.005349,24.283393,1.00783509
5.35,0.00535,24.2893302,1.00819908
5.351,0.005351,24.2952087,1.00855608
5.352,0.005352,24.301089,1.00891001
5.353,0.005353,24.3069768,1.00927039
5.354,0.005354,24.3128112,1.00962477
5.355,0.005355,24.3186822,1.00997687
5.356,0.005356,24.3245843,1.0103413
5.357,0.005357,24.3305673,1.0107086
5.358,0.005358,24.336531,1.01107606
5.359,0.005359,24.342445,1.01142749
5.36,0.00536,24.3483902,1.01177017
5.361,0.005361,24.3543585,1.01210063
5.362,0.005362,24.3603497,1.0124271
5.363,0.005363,24.366325,1.01274491
5.364,0.005364,24.3723107,1.0130525
5.365,0.005365,24.3783224,1.0133565
5.366,0.005366,24.3843434,1.01366533
5.367,0.005367,24.3903754,1.01397247
5.368,0.005368,24.3964234,1.01426846
5.369,0.005369,24.402454,1.01456948
5.37,0.00537,24.4084924,1.01486901
5.371,0.005371,24.4145463,1.01516571
5.372,0.005372,24.4206353,1.01545634
5.373,0.005373,24.426724,1.01573969
5.374,0.005374,24.4327944,1.0160236
5.375,0.005375,24.4388386,1.01629507
5.376,0.005376,24.4448822,1.01655206
5.377,0.005377,24.4509221,1.01680146
5.378,0.005378,24.4569296,1.01705516
5.379,0.005379,24.4628834,1.01730379
5.38,0.00538,24.4688055,1.01754046
5.381,0.005381,24.4746988,1.0177819
5.382,0.005382,24.4805364,1.01803922
5.383,0.005383,24.4863255,1.01830859
5.384,0.005384,24.4919879,1.01860011
5.385,0.005385,24.4975834,1.0188961
5.386,0.005386,24.5031605,1.01919524
5.387,0.005387,24.5087123,1.01951886
5.388,0.005388,24.514234,1.01986033
5.389,0.005389,24.5197372,1.02019258
5.39,0.00539,24.5252724,1.02050448
5.391,0.005391,24.5308776,1.02080048
5.392,0.005392,24.5364997,1.02108783
5.393,0.005393,24.5420795,1.02135858
5.394,0.005394,24.54765,1.02162963
5.395,0.005395,24.5532471,1.0219188
5.396,0.005396,24.5588718,1.02222635
5.397,0.005397,24.5645202,1.02254834
5.398,0.005398,24.5701539,1.02286957
5.399,0.005399,24.5757722,1.02319274
5.4,0.0054,24.5814306,1.02350787
5.401,0.005401,24.5871439,1.02382617
5.402,0.005402,24.5927984,1.02414116
5.403,0.005403,24.5984533,1.02443134
5.404,0.005404,24.6040964,1.02471011
5.405,0.005405,24.6097104,1.02497579
5.406,0.005406,24.6152722,1.02523728
5.407,0.005407,24.6208432,1.02549883
5.408,0.005408,24.6264763,1.02575303
5.409,0.005409,24.6321294,1.02601178
5.41,0.00541,24.6377608,1.02627204
5.411,0.005411,24.6434194,1.026523
5.412,0.005412,24.6491429,1.0267696
5.413,0.005413,24.6548845,1.02701747
5.414,0.005414,24.6605714,1.0272652
5.415,0.005415,24.6662827,1.02751461
5.416,0.005416,24.672025,1.02776723
5.417,0.005417,24.6777419,1.02799142
5.418,0.005418,24.6834242,1.02821036
5.419,0.005419,24.6890875,1.0284368
5.42,0.00542,24.6947208,1.02866162
5.421,0.005421,24.7003281,1.02888359
5.422,0.005422,24.7058718,1.02908329
5.423,0.005423,24.7114073,1.02927299
5.424,0.005424,24.7169355,1.02946047
5.425,0.005425,24.7224543,1.02964487
5.426,0.005426,24.727949,1.02983005
5.427,0.005427,24.7334432,1.03001826
5.428,0.005428,24.7389156,1.03020549
5.429,0.005429,24.7443813,1.03037081
5.43,0.00543,24.7498424,1.03051664
5.431,0.005431,24.7552874,1.03066531
5.432,0.005432,24.7607392,1.03081662
5.433,0.005433,24.766199,1.03096755
5.434,0.005434,24.771701,1.03112835
5.435,0.005435,24.777241,1.03130447
5.436,0.005436,24.7827964,1.03149833
5.437,0.005437,24.7883414,1.0316861
5.438,0.005438,24.7938659,1.03187314
5.439,0.005439,24.7994075,1.03204715
5.44,0.00544,24.8049966,1.03220585
5.441,0.005441,24.8105981,1.03236195
5.442,0.005442,24.8162414,1.03251758
5.443,0.005443,24.8218802,1.03267996
5.444,0.005444,24.827519,1.03285968
5.445,0.005445,24.8331884,1.03305299
5.446,0.005446,24.8388522,1.033246
5.447,0.005447,24.844486,1.03343021
5.448,0.005448,24.850103,1.0335953
5.449,0.005449,24.8556726,1.03376011
5.45,0.00545,24.8612327,1.03393829
5.451,0.005451,24.866755,1.03411241
5.452,0.005452,24.8722719,1.03427912
5.453,0.005453,24.8777714,1.03444326
5.454,0.005454,24.8832651,1.0346066
5.455,0.005455,24.888756,1.03476992
5.456,0.005456,24.8942826,1.03492937
5.457,0.005457,24.8998039,1.03509023
5.458,0.005458,24.9053106,1.03526551
5.459,0.005459,24.9107713,1.0354395
5.46,0.00546,24.9162531,1.03559637
5.461,0.005461,24.9216753,1.03576706
5.462,0.005462,24.9270852,1.03594391
5.463,0.005463,24.9325032,1.03610422
5.464,0.005464,24.9379512,1.03624826
5.465,0.005465,24.9433508,1.03637642
5.466,0.005466,24.9487562,1.03651025
5.467,0.005467,24.9541918,1.03665568
5.468,0.005468,24.9596693,1.03680695
5.469,0.005469,24.9651738,1.03696258
5.47,0.00547,24.9706845,1.03711312
5.471,0.005471,24.9762796,1.03727046
5.472,0.005472,24.9818599,1.03740086
5.473,0.005473,24.9873468,1.03751031
5.474,0.005474,24.9928197,1.03760137
5.475,0.005475,24.9982908,1.03767574
5.476,0.005476,25.0037673,1.03774415
5.477,0.005477,25.0092919,1.03781206
5.478,0.005478,25.0148158,1.0378713
5.479,0.005479,25.0203836,1.03793752
5.48,0.00548,25.025902,1.03801397
5.481,0.005481,25.0314058,1.03808078
5.482,0.005482,25.0369085,1.03813158
5.483,0.005483,25.0424293,1.03817522
5.484,0.005484,25.0479613,1.0382236
5.485,0.005485,25.0534992,1.03828309
5.486,0.005486,25.0590604,1.03834325
5.487,0.005487,25.0646159,1.0384124
5.488,0.005488,25.0701638,1.03848788
5.489,0.005489,25.075661,1.03854506
5.49,0.00549,25.0811356,1.03859218
5.491,0.005491,25.0866246,1.0386522
5.492,0.005492,25.09214,1.03872275
5.493,0.005493,25.097689,1.03879371
5.494,0.005494,25.1032683,1.0388675
5.495,0.005495,25.1088716,1.0389427
5.496,0.005496,25.1145362,1.03902741
5.497,0.005497,25.1202606,1.03913363
5.498,0.005498,25.1259898,1.03924723
5.499,0.005499,25.1317452,1.03934919
5.5,0.0055,25.1374929,1.0394403
5.501,0.005501,25.1432749,1.03952771
5.502,0.005502,25.1490295,1.03961016
5.503,0.005503,25.1547539,1.03968797
5.504,0.005504,25.1605521,1.03976369
5.505,0.005505,25.1664076,1.03982975
5.506,0.005506,25.1723204,1.03989616
5.507,0.005507,25.1782459,1.03996493
5.508,0.005508,25.1841667,1.04001878
5.509,0.005509,25.1900957,1.04006865
5.51,0.00551,25.1960562,1.04012285
5.511,0.005511,25.2020412,1.0401749
5.512,0.005512,25.2080058,1.04021342
5.513,0.005513,25.2139231,1.04025795
5.514,0.005514,25.219845,1.04031537
5.515,0.005515,25.225787,1.04036413
5.516,0.005516,25.2317417,1.04040148
5.517,0.005517,25.2377514,1.04044715
5.518,0.005518,25.2437954,1.04049533
5.519,0.005519,25.2498795,1.04054805
5.52,0.00552,25.2559968,1.04060775
5.521,0.005521,25.2621919,1.0406666
5.522,0.005522,25.2683911,1.04072013
5.523,0.005523,25.2745715,1.04078257
5.524,0.005524,25.2807262,1.04083827
5.525,0.005525,25.2868938,1.04088758
5.526,0.005526,25.2930706,1.04093418
5.527,0.005527,25.2992416,1.04097446
5.528,0.005528,25.3053967,1.04102881
5.529,0.005529,25.3115088,1.04108332
5.53,0.00553,25.3175196,1.04113401
5.531,0.005531,25.323473,1.04117892
5.532,0.005532,25.3294241,1.04121329
5.533,0.005533,25.3353713,1.04124949
5.534,0.005534,25.3413097,1.04128509
5.535,0.005535,25.3472342,1.0413196
5.536,0.005536,25.3531636,1.04135816
5.537,0.005537,25.3590628,1.04138841
5.538,0.005538,25.3649348,1.04141801
5.539,0.005539,25.370746,1.04143256
5.54,0.00554,25.3764693,1.04144263
5.541,0.005541,25.3822141,1.04144576
5.542,0.005542,25.387962,1.04145441
5.543,0.005543,25.3937521,1.04147804
5.544,0.005544,25.3995259,1.04151429
5.545,0.005545,25.4052737,1.04156489
5.546,0.005546,25.4110145,1.04161323
5.547,0.005547,25.4166832,1.04165927
5.548,0.005548,25.4222587,1.04171167
5.549,0.005549,25.4278078,1.04176099
5.55,0.00555,25.4333368,1.04182987
5.551,0.005551,25.4388976,1.04189938
5.552,0.005552,25.4444932,1.04197011
5.553,0.005553,25.4500455,1.04204742
5.554,0.005554,25.4555656,1.04214318
5.555,0.005555,25.4610174,1.04226584
5.556,0.005556,25.4664456,1.04239281
5.557,0.005557,25.4719392,1.04251444
5.558,0.005558,25.4775,1.04265019
5.559,0.005559,25.4831293,1.04279821
5.56,0.00556,25.4887917,1.04294811
5.561,0.005561,25.4945004,1.04309589
5.562,0.005562,25.5002784,1.04325057
5.563,0.005563,25.5060634,1.04340776
5.564,0.005564,25.5118782,1.04356901
5.565,0.005565,25.5177345,1.0437393
5.566,0.005566,25.5236014,1.04392305
5.567,0.005567,25.5295111,1.04411203
5.568,0.005568,25.5353935,1.04430418
5.569,0.005569,25.5412569,1.04448403
5.57,0.00557,25.54711,1.04465667
5.571,0.005571,25.5529544,1.04481322
5.572,0.005572,25.5588307,1.04496622
5.573,0.005573,25.5647764,1.04514919
5.574,0.005574,25.5707951,1.04535479
5.575,0.005575,25.5768463,1.04556742
5.576,0.005576,25.582932,1.04579163
5.577,0.005577,25.5889609,1.04602455
5.578,0.005578,25.5949206,1.04625217
5.579,0.005579,25.6008043,1.0464749
5.58,0.00558,25.6066046,1.04670176
5.581,0.005581,25.612391,1.04693856
5.582,0.005582,25.6181992,1.04718083
5.583,0.005583,25.6240281,1.04741729
5.584,0.005584,25.6298361,1.04764444
5.585,0.005585,25.6355981,1.0478693
5.586,0.005586,25.64132,1.04809193
5.587,0.005587,25.647038,1.04831385
5.588,0.005588,25.6527759,1.04853752
5.589,0.005589,25.6585102,1.04876975
5.59,0.00559,25.6642397,1.04899456
5.591,0.005591,25.6699668,1.04922971
5.592,0.005592,25.67582,1.04946931
5.593,0.005593,25.6817958,1.04971295
5.594,0.005594,25.6877737,1.04994273
5.595,0.005595,25.6937277,1.05015048
5.596,0.005596,25.6996464,1.050356
5.597,0.005597,25.7054857,1.05056042
5.598,0.005598,25.7113082,1.05075965
5.599,0.005599,25.7171216,1.05096288
5.6,0.0056,25.722932,1.05117125
5.601,0.005601,25.7287816,1.05138708
5.602,0.005602,25.7345438,1.05160251
5.603,0.005603,25.7402545,1.05180596
5.604,0.005604,25.7459324,1.05201765
5.605,0.005605,25.7515815,1.05222729
5.606,0.005606,25.757247,1.05244412
5.607,0.005607,25.7629733,1.0526684
5.608,0.005608,25.7686919,1.05288833
5.609,0.005609,25.7744263,1.05309736
5.61,0.00561,25.7800886,1.05330241
5.611,0.005611,25.78573,1.05350614
5.612,0.005612,25.7913829,1.05370982
5.613,0.005613,25.7970017,1.05391453
5.614,0.005614,25.8025873,1.05411672
5.615,0.005615,25.8081233,1.0543164
5.616,0.005616,25.8136474,1.05450055
5.617,0.005617,25.8191455,1.05465435
5.618,0.005618,25.8246001,1.05478316
5.619,0.005619,25.8300096,1.05490434
5.62,0.00562,25.8354168,1.05502874
5.621,0.005621,25.8407923,1.05514324
5.622,0.005622,25.8461408,1.05524607
5.623,0.005623,25.8514541,1.0553523
5.624,0.005624,25.8567051,1.05547756
5.625,0.005625,25.861913,1.05561829
5.626,0.005626,25.8670726,1.05577366
5.627,0.005627,25.8721947,1.05593127
5.628,0.005628,25.8772947,1.05608408
5.629,0.005629,25.8823746,1.05623625
5.63,0.00563,25.8874161,1.05637983
5.631,0.005631,25.8924716,1.05651402
5.632,0.005632,25.8974599,1.05663959
5.633,0.005633,25.9023872,1.05676671
5.634,0.005634,25.9073242,1.05689618
5.635,0.005635,25.912235,1.05701882
5.636,0.005636,25.9171547,1.05712544
5.637,0.005637,25.922063,1.05722552
5.638,0.005638,25.9269193,1.05731413
5.639,0.005639,25.9317306,1.05741039
5.64,0.00564,25.9364955,1.05752031
5.641,0.005641,25.9411887,1.05764015
5.642,0.005642,25.9458787,1.05775985
5.643,0.005643,25.9505819,1.05787663
5.644,0.005644,25.9552345,1.05799872
5.645,0.005645,25.9598941,1.05811433
5.646,0.005646,25.9645964,1.05821789
5.647,0.005647,25.9693023,1.05831218
5.648,0.005648,25.9740297,1.05842468
5.649,0.005649,25.978749,1.05854822
5.65,0.00565,25.9833568,1.05866299
5.651,0.005651,25.9879309,1.05878226
5.652,0.005652,25.9924848,1.05890678
5.653,0.005653,25.997035,1.05902729
5.654,0.005654,26.0016256,1.0591496
5.655,0.005655,26.0061903,1.05926435
5.656,0.005656,26.0107053,1.05937033
5.657,0.005657,26.0151385,1.0594699
5.658,0.005658,26.0195276,1.05957176
5.659,0.005659,26.0238567,1.05966171
5.66,0.00566,26.0281717,1.05973966
5.661,0.005661,26.0324147,1.05980517
5.662,0.005662,26.0366127,1.05988575
5.663,0.005663,26.0407987,1.05997876
5.664,0.005664,26.0449656,1.06007281
5.665,0.005665,26.0491443,1.06017007
5.666,0.005666,26.0532566,1.06026286
5.667,0.005667,26.0572754,1.06034872
5.668,0.005668,26.0612619,1.06042982
5.669,0.005669,26.0652807,1.06050209
5.67,0.00567,26.069284,1.06058141
5.671,0.005671,26.0732839,1.06065729
5.672,0.005672,26.0771839,1.06073725
5.673,0.005673,26.0809994,1.06081525
5.674,0.005674,26.0847308,1.06090615
5.675,0.005675,26.0884876,1.06100298
5.676,0.005676,26.0921919,1.06109706
5.677,0.005677,26.0959666,1.06119921
5.678,0.005678,26.0997608,1.06131747
5.679,0.005679,26.1036131,1.0614492
5.68,0.00568,26.1075424,1.06158495
5.681,0.005681,26.1114689,1.06172161
5.682,0.005682,26.1153854,1.061868
5.683,0.005683,26.1193316,1.06202622
5.684,0.005684,26.1232861,1.06219157
5.685,0.005685,26.1272795,1.06235371
5.686,0.005686,26.1313071,1.06250876
5.687,0.005687,26.1353028,1.06265789
5.688,0.005688,26.139264,1.06280449
5.689,0.005689,26.143194,1.06294409
5.69,0.00569,26.147109,1.063079
5.691,0.005691,26.150979,1.06321634
5.692,0.005692,26.1547888,1.06334907
5.693,0.005693,26.1586021,1.06345097
5.694,0.005694,26.1624331,1.06352699
5.695,0.005695,26.1663379,1.06359891
5.696,0.005696,26.1703021,1.0636708
5.697,0.005697,26.1743127,1.06374911
5.698,0.005698,26.1782915,1.06382933
5.699,0.005699,26.1822145,1.06389496
5.7,0.0057,26.1861025,1.06394609
5.701,0.005701,26.18994,1.06401115
5.702,0.005702,26.193736,1.06408146
5.703,0.005703,26.1975178,1.06417746
5.704,0.005704,26.2012747,1.0642923
5.705,0.005705,26.2050486,1.06441195
5.706,0.005706,26.2088251,1.06454165
5.707,0.005707,26.212521,1.06466743
5.708,0.005708,26.2162335,1.06478767
5.709,0.005709,26.2199217,1.06490671
5.71,0.00571,26.2235672,1.06500615
5.711,0.005711,26.2272861,1.06510449
5.712,0.005712,26.2311365,1.06519561
5.713,0.005713,26.2351071,1.06528856
5.714,0.005714,26.239095,1.06538843
5.715,0.005715,26.2430893,1.06548602
5.716,0.005716,26.2470863,1.06557073
5.717,0.005717,26.251131,1.06564233
5.718,0.005718,26.2552204,1.06570899
5.719,0.005719,26.259355,1.06578701
5.72,0.00572,26.2635435,1.06586222
5.721,0.005721,26.2677373,1.06593538
5.722,0.005722,26.2718765,1.06599382
5.723,0.005723,26.2760185,1.06604358
5.724,0.005724,26.2801356,1.06607825
5.725,0.005725,26.284183,1.06611066
5.726,0.005726,26.2882409,1.06614626
5.727,0.005727,26.2923152,1.06618417
5.728,0.005728,26.296417,1.0662047
5.729,0.005729,26.3005286,1.06621628
5.73,0.00573,26.3046121,1.06621444
5.731,0.005731,26.3085985,1.06619802
5.732,0.005732,26.3124894,1.06617884
5.733,0.005733,26.3163937,1.06616518
5.734,0.005734,26.3203167,1.0661485
5.735,0.005735,26.3242115,1.0661365
5.736,0.005736,26.3280986,1.06610874
5.737,0.005737,26.3319725,1.06605409
5.738,0.005738,26.3358286,1.0659807
5.739,0.005739,26.3396041,1.06590249
5.74,0.00574,26.3433405,1.06583669
5.741,0.005741,26.3470224,1.06578116
5.742,0.005742,26.3507997,1.06573507
5.743,0.005743,26.3547542,1.0656958
5.744,0.005744,26.3587813,1.06565066
5.745,0.005745,26.3628643,1.06562
5.746,0.005746,26.3669195,1.06559398
5.747,0.005747,26.371003,1.06558279
5.748,0.005748,26.3751224,1.06558304
5.749,0.005749,26.3792093,1.06560618
5.75,0.00575,26.3832611,1.0656479
5.751,0.005751,26.3873358,1.06568682
5.752,0.005752,26.3913738,1.06572062
5.753,0.005753,26.3953419,1.06575689
5.754,0.005754,26.399298,1.06580403
5.755,0.005755,26.4032286,1.06587518
5.756,0.005756,26.4071472,1.06596342
5.757,0.005757,26.4111033,1.0660571
5.758,0.005758,26.4150109,1.06613584
5.759,0.005759,26.4188007,1.06620666
5.76,0.00576,26.4225545,1.06625153
5.761,0.005761,26.4262888,1.06629236
5.762,0.005762,26.4299579,1.06632506
5.763,0.005763,26.4335789,1.06637013
5.764,0.005764,26.4371712,1.06641691
5.765,0.005765,26.4407939,1.06648014
5.766,0.005766,26.4444725,1.06654664
5.767,0.005767,26.448189,1.06659759
5.768,0.005768,26.451949,1.06662979
5.769,0.005769,26.4557422,1.06665757
5.77,0.00577,26.4595715,1.06668903
5.771,0.005771,26.4633386,1.06671197
5.772,0.005772,26.467083,1.06675173
5.773,0.005773,26.4708317,1.06681756
5.774,0.005774,26.4745995,1.06688413
5.775,0.005775,26.4784002,1.06696482
5.776,0.005776,26.4822291,1.06705302
5.777,0.005777,26.4860667,1.06713446
5.778,0.005778,26.4898652,1.06721969
5.779,0.005779,26.4935415,1.06730335
5.78,0.00578,26.4971449,1.06737234
5.781,0.005781,26.5007325,1.06742895
5.782,0.005782,26.5042572,1.06749768
5.783,0.005783,26.5077356,1.06759533
5.784,0.005784,26.5112518,1.06769449
5.785,0.005785,26.5147678,1.06778535
5.786,0.005786,26.51827,1.06787888
5.787,0.005787,26.5217525,1.06798788
5.788,0.005788,26.5252207,1.06811948
5.789,0.005789,26.5287185,1.06824689
5.79,0.00579,26.5322773,1.06837698
5.791,0.005791,26.535868,1.06850028
5.792,0.005792,26.5395142,1.06862737
5.793,0.005793,26.5432357,1.06877598
5.794,0.005794,26.5470682,1.06892989
5.795,0.005795,26.5509682,1.06908605
5.796,0.005796,26.5548717,1.06924435
5.797,0.005797,26.5588022,1.06941614
5.798,0.005798,26.5627151,1.06957267
5.799,0.005799,26.5665842,1.06971634
5.8,0.0058,26.5704625,1.06987692
5.801,0.005801,26.5742971,1.07003608
5.802,0.005802,26.5780222,1.07019796
5.803,0.005803,26.5816558,1.07035289
5.804,0.005804,26.5852771,1.0704997
5.805,0.005805,26.588993,1.07064715
5.806,0.005806,26.59278,1.07078586
5.807,0.005807,26.5964948,1.07093678
5.808,0.005808,26.600153,1.07109789
5.809,0.005809,26.6037513,1.07126497
5.81,0.00581,26.6073184,1.07143031
5.811,0.005811,26.6108277,1.07158957
5.812,0.005812,26.6143515,1.07175372
5.813,0.005813,26.6178903,1.0718926
5.814,0.005814,26.6213495,1.07200186
5.815,0.005815,26.624783,1.07210249
5.816,0.005816,26.6282156,1.07220634
5.817,0.005817,26.6317533,1.07231654
5.818,0.005818,26.635336,1.07243666
5.819,0.005819,26.6389519,1.07256649
5.82,0.00582,26.6425357,1.07270119
5.821,0.005821,26.6460649,1.0728256
5.822,0.005822,26.6496021,1.07294187
5.823,0.005823,26.6531442,1.0730513
5.824,0.005824,26.6566934,1.07317951
5.825,0.005825,26.6602873,1.07332649
5.826,0.005826,26.6638577,1.07348101
5.827,0.005827,26.6673916,1.07362537
5.828,0.005828,26.6710135,1.07374738
5.829,0.005829,26.674697,1.07387292
5.83,0.00583,26.678306,1.07399716
5.831,0.005831,26.6818618,1.07411419
5.832,0.005832,26.6853941,1.07423794
5.833,0.005833,26.6888813,1.07436745
5.834,0.005834,26.6923124,1.07450053
5.835,0.005835,26.6957003,1.07462547
5.836,0.005836,26.6989868,1.07475282
5.837,0.005837,26.7022198,1.07488017
5.838,0.005838,26.7054061,1.07500839
5.839,0.005839,26.7086084,1.07513133
5.84,0.00584,26.7118566,1.07525476
5.841,0.005841,26.715087,1.07536339
5.842,0.005842,26.7183394,1.07546571
5.843,0.005843,26.7216279,1.07556002
5.844,0.005844,26.7249037,1.07564885
5.845,0.005845,26.7281761,1.07574367
5.846,0.005846,26.7314905,1.07585379
5.847,0.005847,26.7348675,1.07595915
5.848,0.005848,26.7382324,1.07605701
5.849,0.005849,26.7415616,1.07616026
5.85,0.00585,26.7448708,1.07626808
5.851,0.005851,26.7480764,1.07638695
5.852,0.005852,26.7511934,1.07649644
5.853,0.005853,26.7542473,1.07660527
5.854,0.005854,26.7573523,1.07671293
5.855,0.005855,26.7604734,1.07682791
5.856,0.005856,26.7635653,1.07695001
5.857,0.005857,26.7666658,1.0770475
5.858,0.005858,26.7698102,1.07712819
5.859,0.005859,26.7729921,1.07718774
5.86,0.00586,26.7762305,1.0772371
5.861,0.005861,26.7795172,1.07729362
5.862,0.005862,26.7828494,1.07735631
5.863,0.005863,26.7861291,1.07741867
5.864,0.005864,26.7893713,1.07749519
5.865,0.005865,26.7925813,1.0775806
5.866,0.005866,26.7958099,1.07767448
5.867,0.005867,26.7990341,1.0777703
5.868,0.005868,26.8022047,1.07787673
5.869,0.005869,26.8053471,1.07797967
5.87,0.00587,26.8084119,1.07806708
5.871,0.005871,26.8114197,1.07814392
5.872,0.005872,26.8144013,1.07822335
5.873,0.005873,26.8173388,1.07830666
5.874,0.005874,26.8202711,1.0783799
5.875,0.005875,26.8231764,1.07845241
5.876,0.005876,26.8261451,1.07852205
5.877,0.005877,26.8291244,1.07857195
5.878,0.005878,26.8321121,1.07861267
5.879,0.005879,26.835088,1.0786487
5.88,0.00588,26.8380409,1.07866304
5.881,0.005881,26.8409491,1.07865822
5.882,0.005882,26.8438757,1.078654
5.883,0.005883,26.846779,1.07863465
5.884,0.005884,26.8496949,1.07860374
5.885,0.005885,26.8526952,1.07857603
5.886,0.005886,26.8556765,1.07857054
5.887,0.005887,26.8586584,1.07857116
5.888,0.005888,26.8616651,1.07858951
5.889,0.005889,26.8646438,1.0786302
5.89,0.00589,26.8676283,1.07867185
5.891,0.005891,26.8706169,1.07871897
5.892,0.005892,26.8736254,1.07876058
5.893,0.005893,26.8766369,1.07878126
5.894,0.005894,26.8796421,1.07879492
5.895,0.005895,26.8825757,1.07881008
5.896,0.005896,26.8854196,1.07882671
5.897,0.005897,26.8882203,1.07883593
5.898,0.005898,26.8910073,1.0788315
5.899,0.005899,26.8937302,1.07880495
5.9,0.0059,26.8963979,1.0787645
5.901,0.005901,26.8990471,1.07870993
5.902,0.005902,26.901755,1.07863507
5.903,0.005903,26.9045356,1.078556
5.904,0.005904,26.9072583,1.07847922
5.905,0.005905,26.9099251,1.07839417
5.906,0.005906,26.9125221,1.07831058
5.907,0.005907,26.915081,1.07822594
5.908,0.005908,26.917597,1.07813438
5.909,0.005909,26.9201033,1.07804165
5.91,0.00591,26.9226796,1.07795563
5.911,0.005911,26.9252524,1.07787388
5.912,0.005912,26.9277774,1.07779448
5.913,0.005913,26.9303075,1.07771662
5.914,0.005914,26.9329031,1.07764808
5.915,0.005915,26.935507,1.07756998
5.916,0.005916,26.9380949,1.07747588
5.917,0.005917,26.9406426,1.07736935
5.918,0.005918,26.9431658,1.07725361
5.919,0.005919,26.9456223,1.07711501
5.92,0.00592,26.9479444,1.07696524
5.921,0.005921,26.9502354,1.07683204
5.922,0.005922,26.9525179,1.0767126
5.923,0.005923,26.9548115,1.07659489
5.924,0.005924,26.9571441,1.07647114
5.925,0.005925,26.959527,1.07632992
5.926,0.005926,26.9619403,1.07618256
5.927,0.005927,26.9643997,1.07603097
5.928,0.005928,26.9668414,1.07587325
5.929,0.005929,26.9692837,1.07570257
5.93,0.00593,26.9716438,1.07553247
5.931,0.005931,26.9738489,1.07535444
5.932,0.005932,26.9760261,1.07517134
5.933,0.005933,26.9782829,1.07499522
5.934,0.005934,26.9805852,1.07484067
5.935,0.005935,26.9829264,1.07469182
5.936,0.005936,26.9852934,1.07455788
5.937,0.005937,26.9876446,1.07444232
5.938,0.005938,26.9899554,1.07433526
5.939,0.005939,26.9922588,1.07424722
5.94,0.00594,26.9945507,1.07415872
5.941,0.005941,26.9968589,1.07407065
5.942,0.005942,26.9992323,1.0739749
5.943,0.005943,27.0016459,1.07387931
5.944,0.005944,27.004059,1.07379434
5.945,0.005945,27.006469,1.07370933
5.946,0.005946,27.0088514,1.07363931
5.947,0.005947,27.0112083,1.07357927
5.948,0.005948,27.0134771,1.07352301
5.949,0.005949,27.0157183,1.0734623
5.95,0.00595,27.0179299,1.07341119
5.951,0.005951,27.0201816,1.07336852
5.952,0.005952,27.0224262,1.07332494
5.953,0.005953,27.0246968,1.07328703
5.954,0.005954,27.0269756,1.07324536
5.955,0.005955,27.0293041,1.07317653
5.956,0.005956,27.0317323,1.07309659
5.957,0.005957,27.0342556,1.07300538
5.958,0.005958,27.0368563,1.0729053
5.959,0.005959,27.0395355,1.07280499
5.96,0.00596,27.0422161,1.07271626
5.961,0.005961,27.0449128,1.07264945
5.962,0.005962,27.0476491,1.07260441
5.963,0.005963,27.0504514,1.07258688
5.964,0.005964,27.0532303,1.07256543
5.965,0.005965,27.0559398,1.07252775
5.966,0.005966,27.0586007,1.0724745
5.967,0.005967,27.0611862,1.07241843
5.968,0.005968,27.0637794,1.07236512
5.969,0.005969,27.0664051,1.07231468
5.97,0.00597,27.0690937,1.0722724
5.971,0.005971,27.0717719,1.07223442
5.972,0.005972,27.0744402,1.07220375
5.973,0.005973,27.0771357,1.07218552
5.974,0.005974,27.0797961,1.07217419
5.975,0.005975,27.0824618,1.07217682
5.976,0.005976,27.0851346,1.0721816
5.977,0.005977,27.0878147,1.072179
5.978,0.005978,27.0904675,1.07217452
5.979,0.005979,27.0930949,1.07216045
5.98,0.00598,27.0957535,1.07214182
5.981,0.005981,27.0984933,1.07212488
5.982,0.005982,27.101282,1.07210563
5.983,0.005983,27.104077,1.07208147
5.984,0.005984,27.1069243,1.07205871
5.985,0.005985,27.1098554,1.07205454
5.986,0.005986,27.1128954,1.07206526
5.987,0.005987,27.115939,1.07207591
5.988,0.005988,27.1189266,1.07208169
5.989,0.005989,27.1219082,1.07208218
5.99,0.00599,27.1248663,1.0720605
5.991,0.005991,27.1278016,1.07201694
5.992,0.005992,27.1307356,1.07196303
5.993,0.005993,27.1336814,1.07191594
5.994,0.005994,27.1366131,1.07187126
5.995,0.005995,27.1395165,1.07182644
5.996,0.005996,27.1424384,1.07178941
5.997,0.005997,27.1453761,1.07174048
5.998,0.005998,27.1483025,1.07167016
5.999,0.005999,27.1512082,1.0715913
6,0.006,27.1539888,1.07150065
6.001,0.006001,27.1566106,1.0714017
6.002,0.006002,27.1591534,1.07129982
6.003,0.006003,27.1616299,1.07117669
6.004,0.006004,27.1640164,1.07104734
6.005,0.006005,27.1663874,1.07091533
6.006,0.006006,27.1688033,1.07078615
6.007,0.006007,27.1712458,1.07064642
6.008,0.006008,27.1736858,1.07050755
6.009,0.006009,27.1761423,1.07037923
6.01,0.00601,27.1786104,1.0702497
6.011,0.006011,27.1811052,1.07013141
6.012,0.006012,27.1836256,1.07001865
6.013,0.006013,27.1861188,1.06990233
6.014,0.006014,27.1885273,1.06977123
6.015,0.006015,27.1909086,1.06963597
6.016,0.006016,27.1932651,1.06949381
6.017,0.006017,27.1956376,1.06934436
6.018,0.006018,27.1980045,1.06919191
6.019,0.006019,27.200453,1.0690512
6.02,0.00602,27.2029366,1.06889323
6.021,0.006021,27.2054315,1.06872612
6.022,0.006022,27.2079413,1.06854978
6.023,0.006023,27.2104319,1.06836785
6.024,0.006024,27.2128795,1.06817892
6.025,0.006025,27.2152319,1.0679956
6.026,0.006026,27.2175786,1.06781425
6.027,0.006027,27.2199409,1.06762028
6.028,0.006028,27.2222923,1.06741342
6.029,0.006029,27.2247126,1.06718783
6.03,0.00603,27.2272381,1.06694593
6.031,0.006031,27.2297851,1.0666895
6.032,0.006032,27.2322719,1.06641563
6.033,0.006033,27.2347647,1.0661409
6.034,0.006034,27.2372745,1.06587266
6.035,0.006035,27.2397464,1.06561391
6.036,0.006036,27.2422064,1.0653404
6.037,0.006037,27.2446814,1.06506216
6.038,0.006038,27.247125,1.06479082
6.039,0.006039,27.2495523,1.06451937
6.04,0.00604,27.2519476,1.06425278
6.041,0.006041,27.2542726,1.06398563
6.042,0.006042,27.2565836,1.06373636
6.043,0.006043,27.2588962,1.06349146
6.044,0.006044,27.2612362,1.06324127
6.045,0.006045,27.263557,1.06298132
6.046,0.006046,27.2658363,1.06270619
6.047,0.006047,27.2680878,1.06242802
6.048,0.006048,27.2703876,1.06214766
6.049,0.006049,27.2727104,1.06185868
6.05,0.00605,27.2750657,1.06158167
6.051,0.006051,27.2774897,1.06128879
6.052,0.006052,27.2799952,1.0609992
6.053,0.006053,27.2825164,1.06071756
6.054,0.006054,27.2850958,1.06043853
6.055,0.006055,27.2877459,1.06016952
6.056,0.006056,27.2904713,1.05990481
6.057,0.006057,27.2932644,1.05963685
6.058,0.006058,27.2960326,1.05938815
6.059,0.006059,27.2987973,1.05914106
6.06,0.00606,27.3016343,1.05890656
6.061,0.006061,27.3045183,1.05868226
6.062,0.006062,27.3074179,1.05845726
6.063,0.006063,27.3103023,1.05823108
6.064,0.006064,27.3131469,1.05800579
6.065,0.006065,27.3160176,1.05778642
6.066,0.006066,27.3189396,1.05756689
6.067,0.006067,27.3219451,1.05733253
6.068,0.006068,27.3249302,1.05708561
6.069,0.006069,27.3278286,1.0568192
6.07,0.00607,27.3307149,1.05656492
6.071,0.006071,27.3336015,1.05630708
6.072,0.006072,27.3364563,1.05603784
6.073,0.006073,27.3392699,1.05576057
6.074,0.006074,27.3420578,1.0554825
6.075,0.006075,27.3448438,1.05521227
6.076,0.006076,27.3476535,1.05493571
6.077,0.006077,27.3504947,1.05464659
6.078,0.006078,27.353383,1.05437103
6.079,0.006079,27.356352,1.05409418
6.08,0.00608,27.3594053,1.05381686
6.081,0.006081,27.3625082,1.05354383
6.082,0.006082,27.3656735,1.05328717
6.083,0.006083,27.3688551,1.05303628
6.084,0.006084,27.3720001,1.05277454
6.085,0.006085,27.3751348,1.052517
6.086,0.006086,27.3782321,1.05227347
6.087,0.006087,27.3812186,1.05203728
6.088,0.006088,27.3841773,1.05180077
6.089,0.006089,27.3871195,1.05155666
6.09,0.00609,27.3900896,1.05130302
6.091,0.006091,27.3930986,1.05105003
6.092,0.006092,27.3961241,1.05079344
6.093,0.006093,27.3991479,1.05052403
6.094,0.006094,27.4022113,1.05025135
6.095,0.006095,27.4053294,1.04997177
6.096,0.006096,27.4084391,1.04969849
6.097,0.006097,27.4114984,1.04941266
6.098,0.006098,27.4145216,1.04910813
6.099,0.006099,27.4174855,1.04878827
6.1,0.0061,27.4204009,1.04843256
6.101,0.006101,27.4233888,1.04806684
6.102,0.006102,27.4264866,1.04769448
6.103,0.006103,27.4296829,1.04732965
6.104,0.006104,27.4329589,1.0469783
6.105,0.006105,27.4362469,1.04664419
6.106,0.006106,27.4394795,1.04632683
6.107,0.006107,27.4426619,1.04601166
6.108,0.006108,27.4458054,1.04571489
6.109,0.006109,27.4490189,1.04542103
6.11,0.00611,27.452257,1.04512465
6.111,0.006111,27.4555625,1.04483525
6.112,0.006112,27.4589235,1.04455295
6.113,0.006113,27.4622641,1.04427054
6.114,0.006114,27.4656567,1.04401173
6.115,0.006115,27.4690793,1.04374847
6.116,0.006116,27.4725155,1.04348261
6.117,0.006117,27.4759685,1.04320397
6.118,0.006118,27.4793896,1.04292254
6.119,0.006119,27.4827727,1.04263917
6.12,0.00612,27.486123,1.04236483
6.121,0.006121,27.489388,1.04208756
6.122,0.006122,27.4926094,1.04182293
6.123,0.006123,27.4957973,1.04155438
6.124,0.006124,27.4989918,1.04127164
6.125,0.006125,27.502202,1.04099224
6.126,0.006126,27.5053768,1.04070726
6.127,0.006127,27.5084819,1.04042085
6.128,0.006128,27.5115659,1.04012142
6.129,0.006129,27.5146683,1.03982878
6.13,0.00613,27.5178361,1.03954097
6.131,0.006131,27.5210161,1.03926653
6.132,0.006132,27.5242256,1.03898118
6.133,0.006133,27.5274899,1.0386842
6.134,0.006134,27.530792,1.03838155
6.135,0.006135,27.5341029,1.03808429
6.136,0.006136,27.5374026,1.03777544
6.137,0.006137,27.5407115,1.03745704
6.138,0.006138,27.5440209,1.03714399
6.139,0.006139,27.5472874,1.03684904
6.14,0.00614,27.5505273,1.03656158
6.141,0.006141,27.553769,1.03628178
6.142,0.006142,27.5570777,1.03600749
6.143,0.006143,27.5603898,1.03575423
6.144,0.006144,27.5637164,1.03551725
6.145,0.006145,27.5671013,1.03529242
6.146,0.006146,27.5705783,1.03508558
6.147,0.006147,27.5740768,1.03489041
6.148,0.006148,27.5775673,1.03470384
6.149,0.006149,27.5811159,1.03451165
6.15,0.00615,27.5847845,1.03432475
6.151,0.006151,27.5885355,1.0341534
6.152,0.006152,27.5923504,1.03398333
6.153,0.006153,27.5962073,1.03381752
6.154,0.006154,27.6000384,1.0336676
6.155,0.006155,27.6038846,1.03353793
6.156,0.006156,27.607692,1.03342226
6.157,0.006157,27.6113922,1.03330289
6.158,0.006158,27.6150095,1.03316843
6.159,0.006159,27.6186126,1.03303726
6.16,0.00616,27.6221483,1.03290691
6.161,0.006161,27.6257023,1.03276552
6.162,0.006162,27.6291892,1.0326198
6.163,0.006163,27.632645,1.03247513
6.164,0.006164,27.6361194,1.03232249
6.165,0.006165,27.6395917,1.0321888
6.166,0.006166,27.6430199,1.03205865
6.167,0.006167,27.646375,1.03192836
6.168,0.006168,27.64969,1.03179923
6.169,0.006169,27.6529871,1.03167223
6.17,0.00617,27.656297,1.03156582
6.171,0.006171,27.6595743,1.03145641
6.172,0.006172,27.6628703,1.03134898
6.173,0.006173,27.666181,1.03124972
6.174,0.006174,27.6694138,1.03114591
6.175,0.006175,27.6726064,1.03103908
6.176,0.006176,27.6758168,1.03092554
6.177,0.006177,27.6790417,1.03082397
6.178,0.006178,27.6823095,1.03073139
6.179,0.006179,27.6856489,1.03064232
6.18,0.00618,27.6889598,1.03055903
6.181,0.006181,27.6922598,1.03048461
6.182,0.006182,27.6956361,1.03041706
6.183,0.006183,27.6990794,1.03034951
6.184,0.006184,27.7025799,1.03029962
6.185,0.006185,27.7060732,1.03026738
6.186,0.006186,27.7095986,1.03024875
6.187,0.006187,27.7131198,1.03022586
6.188,0.006188,27.7166041,1.03019189
6.189,0.006189,27.7200693,1.03015599
6.19,0.00619,27.7235301,1.0301157
6.191,0.006191,27.7270482,1.03006776
6.192,0.006192,27.7305643,1.03001389
6.193,0.006193,27.7340428,1.02996491
6.194,0.006194,27.7375934,1.02990513
6.195,0.006195,27.7411394,1.02983769
6.196,0.006196,27.7447034,1.0297606
6.197,0.006197,27.7482981,1.02969538
6.198,0.006198,27.7519033,1.02965334
6.199,0.006199,27.7555124,1.02962555
6.2,0.0062,27.7591007,1.02960276
6.201,0.006201,27.7627318,1.02958777
6.202,0.006202,27.7664017,1.02957383
6.203,0.006203,27.7700949,1.02956453
6.204,0.006204,27.7737303,1.0295595
6.205,0.006205,27.7773059,1.02955117
6.206,0.006206,27.7808244,1.02954252
6.207,0.006207,27.7843127,1.02953113
6.208,0.006208,27.7878203,1.02950836
6.209,0.006209,27.7913675,1.02946726
6.21,0.00621,27.7949245,1.02943476
6.211,0.006211,27.7985067,1.02941385
6.212,0.006212,27.8021084,1.0293978
6.213,0.006213,27.8057607,1.02937649
6.214,0.006214,27.8094206,1.02935193
6.215,0.006215,27.8131267,1.02933631
6.216,0.006216,27.8168949,1.02932355
6.217,0.006217,27.82071,1.02930245
6.218,0.006218,27.824482,1.02924141
6.219,0.006219,27.8282388,1.02916347
6.22,0.00622,27.8319989,1.02908183
6.221,0.006221,27.8357587,1.02899667
6.222,0.006222,27.8395634,1.0289167
6.223,0.006223,27.8434473,1.02884541
6.224,0.006224,27.8473436,1.02878204
6.225,0.006225,27.8512072,1.0287165
6.226,0.006226,27.8550098,1.02864228
6.227,0.006227,27.8587794,1.02854947
6.228,0.006228,27.8625523,1.02845063
6.229,0.006229,27.8663498,1.02836148
6.23,0.00623,27.8701809,1.02827811
6.231,0.006231,27.8739489,1.0281944
6.232,0.006232,27.877692,1.02812095
6.233,0.006233,27.8814298,1.02806348
6.234,0.006234,27.8852093,1.02800397
6.235,0.006235,27.8890163,1.02793392
6.236,0.006236,27.8928094,1.02784017
6.237,0.006237,27.8966202,1.02775099
6.238,0.006238,27.9004965,1.02767655
6.239,0.006239,27.90442,1.02762578
6.24,0.00624,27.9083453,1.02756829
6.241,0.006241,27.9122129,1.02751726
6.242,0.006242,27.9159778,1.02748299
6.243,0.006243,27.9196979,1.02745784
6.244,0.006244,27.9234167,1.0274244
6.245,0.006245,27.9271617,1.02738508
6.246,0.006246,27.9309257,1.02733807
6.247,0.006247,27.9347368,1.02728272
6.248,0.006248,27.9385211,1.02722641
6.249,0.006249,27.942323,1.02718186
6.25,0.00625,27.946173,1.02714534
6.251,0.006251,27.9500261,1.02711592
6.252,0.006252,27.9539382,1.02709069
6.253,0.006253,27.9578792,1.02707703
6.254,0.006254,27.9618627,1.02705918
6.255,0.006255,27.9658184,1.02703626
6.256,0.006256,27.9697866,1.02701762
6.257,0.006257,27.9737171,1.02701174
6.258,0.006258,27.9775777,1.02701243
6.259,0.006259,27.981358,1.02701011
6.26,0.00626,27.985145,1.02700795
6.261,0.006261,27.9889605,1.02700278
6.262,0.006262,27.9927723,1.02700758
6.263,0.006263,27.9965845,1.02703635
6.264,0.006264,28.0003387,1.02706351
6.265,0.006265,28.0040499,1.02709326
6.266,0.006266,28.0076937,1.02712986
6.267,0.006267,28.0112902,1.02715974
6.268,0.006268,28.014844,1.02720541
6.269,0.006269,28.0184563,1.02726739
6.27,0.00627,28.0221326,1.02733425
6.271,0.006271,28.0258478,1.02740829
6.272,0.006272,28.0295991,1.02748978
6.273,0.006273,28.0333807,1.02756565
6.274,0.006274,28.0372351,1.02765276
6.275,0.006275,28.0411952,1.02773948
6.276,0.006276,28.0452513,1.02783182
6.277,0.006277,28.0493909,1.02792706
6.278,0.006278,28.0535747,1.02801288
6.279,0.006279,28.0577968,1.02808277
6.28,0.00628,28.062026,1.02813171
6.281,0.006281,28.0662238,1.02816263
6.282,0.006282,28.0703982,1.02817094
6.283,0.006283,28.0745717,1.02816179
6.284,0.006284,28.0787411,1.02814892
6.285,0.006285,28.0828797,1.02814586
6.286,0.006286,28.086988,1.02813232
6.287,0.006287,28.0911264,1.02810928
6.288,0.006288,28.0953088,1.02808068
6.289,0.006289,28.099543,1.02806002
6.29,0.00629,28.1037306,1.02803243
6.291,0.006291,28.1079204,1.02800808
6.292,0.006292,28.1121262,1.02799186
6.293,0.006293,28.1163763,1.02797595
6.294,0.006294,28.1206406,1.02796751
6.295,0.006295,28.1249085,1.02794473
6.296,0.006296,28.129233,1.02790049
6.297,0.006297,28.1335836,1.0278539
6.298,0.006298,28.1378756,1.02781226
6.299,0.006299,28.1421374,1.02778016
6.3,0.0063,28.1464261,1.027759
6.301,0.006301,28.1507465,1.02773687
6.302,0.006302,28.1551144,1.02770757
6.303,0.006303,28.1595077,1.02766696
6.304,0.006304,28.1639657,1.02761821
6.305,0.006305,28.1685468,1.02757994
6.306,0.006306,28.1732174,1.02755115
6.307,0.006307,28.1779294,1.02753463
6.308,0.006308,28.1826574,1.02752437
6.309,0.006309,28.1873839,1.02751506
6.31,0.00631,28.1920453,1.02750525
6.311,0.006311,28.1966639,1.02749382
6.312,0.006312,28.2012152,1.02747812
6.313,0.006313,28.2057263,1.02745251
6.314,0.006314,28.210229,1.02742384
6.315,0.006315,28.2147667,1.02740902
6.316,0.006316,28.2193072,1.02739747
6.317,0.006317,28.2238317,1.02740356
6.318,0.006318,28.228376,1.02741496
6.319,0.006319,28.2330548,1.02744123
6.32,0.00632,28.2377757,1.02748192
6.321,0.006321,28.242491,1.02751697
6.322,0.006322,28.2471761,1.02754092
6.323,0.006323,28.2518404,1.02754942
6.324,0.006324,28.2564656,1.0275549
6.325,0.006325,28.2611011,1.02756963
6.326,0.006326,28.2657195,1.02759888
6.327,0.006327,28.2702921,1.02763024
6.328,0.006328,28.2748513,1.02765502
6.329,0.006329,28.2794053,1.02766894
6.33,0.00633,28.2839818,1.02768081
6.331,0.006331,28.2885503,1.02770031
6.332,0.006332,28.2931419,1.02773137
6.333,0.006333,28.2977965,1.02777609
6.334,0.006334,28.3024452,1.02781889
6.335,0.006335,28.3070602,1.02787557
6.336,0.006336,28.3116438,1.02793229
6.337,0.006337,28.3161594,1.02800422
6.338,0.006338,28.3206904,1.02810241
6.339,0.006339,28.325192,1.02822177
6.34,0.00634,28.3297248,1.02835482
6.341,0.006341,28.3342946,1.02850806
6.342,0.006342,28.3388582,1.0286732
6.343,0.006343,28.3434525,1.02883961
6.344,0.006344,28.3480062,1.02900038
6.345,0.006345,28.3525532,1.02915653
6.346,0.006346,28.3571761,1.02930934
6.347,0.006347,28.3618751,1.02945565
6.348,0.006348,28.3666667,1.02958695
6.349,0.006349,28.3715502,1.02972219
6.35,0.00635,28.376527,1.02988416
6.351,0.006351,28.381528,1.03005932
6.352,0.006352,28.3865144,1.03024755
6.353,0.006353,28.3915671,1.03043092
6.354,0.006354,28.3966891,1.03061521
6.355,0.006355,28.4018233,1.03079492
6.356,0.006356,28.4069142,1.030985
6.357,0.006357,28.4119817,1.03118282
6.358,0.006358,28.4170227,1.03139411
6.359,0.006359,28.4220249,1.03160758
6.36,0.00636,28.4270054,1.03184604
6.361,0.006361,28.4319496,1.03208996
6.362,0.006362,28.4368617,1.03232246
6.363,0.006363,28.441728,1.03255254
6.364,0.006364,28.4465164,1.03277436
6.365,0.006365,28.4513165,1.03299295
6.366,0.006366,28.4561454,1.03321696
6.367,0.006367,28.4609774,1.03343438
6.368,0.006368,28.4657881,1.03363909
6.369,0.006369,28.4705717,1.03384044
6.37,0.00637,28.4753374,1.03403957
6.371,0.006371,28.4800747,1.03424459
6.372,0.006372,28.4848701,1.03443661
6.373,0.006373,28.4897474,1.03463378
6.374,0.006374,28.4946249,1.03483543
6.375,0.006375,28.4995057,1.03504186
6.376,0.006376,28.5044618,1.0352495
6.377,0.006377,28.5093832,1.03544797
6.378,0.006378,28.5143504,1.0356496
6.379,0.006379,28.5193852,1.03584541
6.38,0.00638,28.5244334,1.03603469
6.381,0.006381,28.5294873,1.03621843
6.382,0.006382,28.534495,1.03640192
6.383,0.006383,28.539469,1.03658567
6.384,0.006384,28.5443549,1.03677436
6.385,0.006385,28.5491581,1.0369531
6.386,0.006386,28.5539421,1.03713179
6.387,0.006387,28.5586653,1.03733035
6.388,0.006388,28.5633273,1.03750516
6.389,0.006389,28.5679796,1.03766775
6.39,0.00639,28.5726335,1.03783343
6.391,0.006391,28.5773395,1.03801107
6.392,0.006392,28.5820507,1.0381989
6.393,0.006393,28.5866857,1.03839146
6.394,0.006394,28.5912755,1.03859017
6.395,0.006395,28.595781,1.03879229
6.396,0.006396,28.6002322,1.03899011
6.397,0.006397,28.6046415,1.0391816
6.398,0.006398,28.6088835,1.03937597
6.399,0.006399,28.6130389,1.03956658
6.4,0.0064,28.6171559,1.03974352
6.401,0.006401,28.6212294,1.03991305
6.402,0.006402,28.6252937,1.04008865
6.403,0.006403,28.6293343,1.04027124
6.404,0.006404,28.6333219,1.04045901
6.405,0.006405,28.637247,1.04063179
6.406,0.006406,28.6410328,1.04078514
6.407,0.006407,28.644722,1.04091743
6.408,0.006408,28.648439,1.04104322
6.409,0.006409,28.652169,1.04118087
6.41,0.00641,28.6558707,1.04133158
6.411,0.006411,28.6595404,1.04148293
6.412,0.006412,28.663266,1.04164897
6.413,0.006413,28.6670659,1.04182567
6.414,0.006414,28.6708996,1.04198054
6.415,0.006415,28.67475,1.04212445
6.416,0.006416,28.6785994,1.04225728
6.417,0.006417,28.6824608,1.04240329
6.418,0.006418,28.6862342,1.04255486
6.419,0.006419,28.6899211,1.04271408
6.42,0.00642,28.6935403,1.04287444
6.421,0.006421,28.6971829,1.04304252
6.422,0.006422,28.7008826,1.04321181
6.423,0.006423,28.704593,1.04337595
6.424,0.006424,28.7082423,1.043523
6.425,0.006425,28.7118222,1.04364768
6.426,0.006426,28.7153531,1.04375197
6.427,0.006427,28.7188089,1.0438555
6.428,0.006428,28.7222315,1.0439558
6.429,0.006429,28.725599,1.0440613
6.43,0.00643,28.7289739,1.04416548
6.431,0.006431,28.7323459,1.04427363
6.432,0.006432,28.7357983,1.04438601
6.433,0.006433,28.7392182,1.04450668
6.434,0.006434,28.7426262,1.04462848
6.435,0.006435,28.7460369,1.04476196
6.436,0.006436,28.7494834,1.04491198
6.437,0.006437,28.7529533,1.0450772
6.438,0.006438,28.7565108,1.04524211
6.439,0.006439,28.7601162,1.04539262
6.44,0.00644,28.7636834,1.04555208
6.441,0.006441,28.7672319,1.04571789
6.442,0.006442,28.7708707,1.04588093
6.443,0.006443,28.774558,1.04605015
6.444,0.006444,28.7782979,1.04621511
6.445,0.006445,28.782022,1.04637517
6.446,0.006446,28.7856706,1.04652885
6.447,0.006447,28.7892402,1.04668493
6.448,0.006448,28.7927646,1.04682694
6.449,0.006449,28.7963352,1.04696744
6.45,0.00645,28.7999307,1.047116
6.451,0.006451,28.8035918,1.04727604
6.452,0.006452,28.807238,1.04743829
6.453,0.006453,28.8108694,1.04759762
6.454,0.006454,28.8145925,1.04775827
6.455,0.006455,28.8184245,1.04791948
6.456,0.006456,28.8222792,1.04807415
6.457,0.006457,28.8261629,1.04820884
6.458,0.006458,28.8300744,1.04833126
6.459,0.006459,28.8340209,1.04844385
6.46,0.00646,28.8380255,1.04855709
6.461,0.006461,28.8421128,1.04866879
6.462,0.006462,28.8462139,1.04877213
6.463,0.006463,28.8503148,1.04888518
6.464,0.006464,28.8544528,1.04902641
6.465,0.006465,28.8585889,1.04918532
6.466,0.006466,28.8627475,1.04936161
6.467,0.006467,28.8669982,1.04952836
6.468,0.006468,28.8712823,1.04969115
6.469,0.006469,28.8754935,1.04984058
6.47,0.00647,28.8796349,1.04999663
6.471,0.006471,28.8838165,1.05014883
6.472,0.006472,28.8879865,1.05030166
6.473,0.006473,28.8921119,1.05045976
6.474,0.006474,28.8962351,1.05061626
6.475,0.006475,28.9002777,1.05075614
6.476,0.006476,28.9042582,1.05087618
6.477,0.006477,28.9082048,1.05098186
6.478,0.006478,28.9121936,1.05107967
6.479,0.006479,28.9161736,1.05118898
6.48,0.00648,28.920188,1.05129724
6.481,0.006481,28.924248,1.05139176
6.482,0.006482,28.9283865,1.0514826
6.483,0.006483,28.9325615,1.05157414
6.484,0.006484,28.9368516,1.05168076
6.485,0.006485,28.9412396,1.05179363
6.486,0.006486,28.9456259,1.05191268
6.487,0.006487,28.9499881,1.05202479
6.488,0.006488,28.9543416,1.05213918
6.489,0.006489,28.9587341,1.05226086
6.49,0.00649,28.9631291,1.05237622
6.491,0.006491,28.96751,1.05247883
6.492,0.006492,28.9717923,1.05257425
6.493,0.006493,28.9760351,1.05266549
6.494,0.006494,28.9802431,1.05274792
6.495,0.006495,28.9844769,1.05283138
6.496,0.006496,28.9888051,1.05293223
6.497,0.006497,28.9931566,1.0530488
6.498,0.006498,28.9975278,1.05318044
6.499,0.006499,29.0019222,1.05332022
6.5,0.0065,29.0063208,1.05346734
6.501,0.006501,29.0107583,1.05361513
6.502,0.006502,29.0152429,1.05376668
6.503,0.006503,29.0196536,1.0539287
6.504,0.006504,29.0239562,1.05410335
6.505,0.006505,29.0282533,1.05427669
6.506,0.006506,29.0325445,1.05444411
6.507,0.006507,29.0368929,1.0546032
6.508,0.006508,29.0412935,1.05476601
6.509,0.006509,29.0456814,1.05493091
6.51,0.00651,29.050089,1.05509203
6.511,0.006511,29.054504,1.05523237
6.512,0.006512,29.0589983,1.05535445
6.513,0.006513,29.0635374,1.05546339
6.514,0.006514,29.0681321,1.05557199
6.515,0.006515,29.0727576,1.05569156
6.516,0.006516,29.0773485,1.05580362
6.517,0.006517,29.0818758,1.05591656
6.518,0.006518,29.0864221,1.05604393
6.519,0.006519,29.0909569,1.05615966
6.52,0.00652,29.0954493,1.05625291
6.521,0.006521,29.099851,1.0563426
6.522,0.006522,29.1042267,1.05642002
6.523,0.006523,29.1085625,1.05648148
6.524,0.006524,29.1128528,1.05653
6.525,0.006525,29.1172025,1.05660217
6.526,0.006526,29.1215682,1.05668611
6.527,0.006527,29.1258831,1.0567604
6.528,0.006528,29.1302079,1.05683345
6.529,0.006529,29.1344985,1.0569086
6.53,0.00653,29.1387769,1.05696721
6.531,0.006531,29.1431146,1.05699761
6.532,0.006532,29.1474907,1.05702684
6.533,0.006533,29.1518807,1.05705116
6.534,0.006534,29.1563217,1.05706973
6.535,0.006535,29.1607913,1.05708361
6.536,0.006536,29.165186,1.05707362
6.537,0.006537,29.1694934,1.0570444
6.538,0.006538,29.1736534,1.05702187
6.539,0.006539,29.1777082,1.05700889
6.54,0.00654,29.181732,1.05702589
6.541,0.006541,29.1857291,1.0570592
6.542,0.006542,29.1897121,1.05708728
6.543,0.006543,29.1936679,1.05711328
6.544,0.006544,29.1975847,1.05715015
6.545,0.006545,29.2014981,1.05721059
6.546,0.006546,29.2054235,1.0572662
6.547,0.006547,29.2093281,1.05733088
6.548,0.006548,29.2132621,1.05739111
6.549,0.006549,29.2171927,1.05744428
6.55,0.00655,29.2211525,1.05750264
6.551,0.006551,29.2251559,1.05756103
6.552,0.006552,29.2291631,1.0576095
6.553,0.006553,29.2331828,1.05764058
6.554,0.006554,29.2373068,1.05767089
6.555,0.006555,29.2415074,1.05770051
6.556,0.006556,29.2457545,1.05771138
6.557,0.006557,29.2500116,1.05769461
6.558,0.006558,29.2542452,1.05766236
6.559,0.006559,29.2584529,1.05763846
6.56,0.00656,29.26269,1.05759115
6.561,0.006561,29.2669491,1.05752091
6.562,0.006562,29.2711476,1.05744866
6.563,0.006563,29.275217,1.05737914
6.564,0.006564,29.2791035,1.05729525
6.565,0.006565,29.2829206,1.05720797
6.566,0.006566,29.2867476,1.05711985
6.567,0.006567,29.2905821,1.05702545
6.568,0.006568,29.2944348,1.05693809
6.569,0.006569,29.2982928,1.05684896
6.57,0.00657,29.302141,1.05675576
6.571,0.006571,29.3059123,1.05667418
6.572,0.006572,29.309621,1.0566252
6.573,0.006573,29.3132447,1.05659955
6.574,0.006574,29.3168049,1.05657158
6.575,0.006575,29.3202736,1.05654821
6.576,0.006576,29.3236786,1.05652276
6.577,0.006577,29.3270541,1.05650033
6.578,0.006578,29.330374,1.05647127
6.579,0.006579,29.3337054,1.05643866
6.58,0.00658,29.3369884,1.05640111
6.581,0.006581,29.3401871,1.05636177
6.582,0.006582,29.3433522,1.05632821
6.583,0.006583,29.3465653,1.05631838
6.584,0.006584,29.3498686,1.05631662
6.585,0.006585,29.3532247,1.05632448
6.586,0.006586,29.3566814,1.05634106
6.587,0.006587,29.3601996,1.05636009
6.588,0.006588,29.3637875,1.0563955
6.589,0.006589,29.3673689,1.05644037
6.59,0.00659,29.3708738,1.05650283
6.591,0.006591,29.3743396,1.05656061
6.592,0.006592,29.3777742,1.05660823
6.593,0.006593,29.3811843,1.05665767
6.594,0.006594,29.3846071,1.05669979
6.595,0.006595,29.3880128,1.05670705
6.596,0.006596,29.3914222,1.05670415
6.597,0.006597,29.3948591,1.05670732
6.598,0.006598,29.3982992,1.05671208
6.599,0.006599,29.4016943,1.05671511
6.6,0.0066,29.4051332,1.05670459
6.601,0.006601,29.4085494,1.05669525
6.602,0.006602,29.4120286,1.05670552
6.603,0.006603,29.415488,1.05672856
6.604,0.006604,29.4189829,1.05676044
6.605,0.006605,29.4224451,1.0567796
6.606,0.006606,29.4258755,1.05678822
6.607,0.006607,29.4293124,1.05677948
6.608,0.006608,29.4327479,1.05676784
6.609,0.006609,29.4361865,1.05675592
6.61,0.00661,29.4395843,1.05674958
6.611,0.006611,29.4429773,1.05675409
6.612,0.006612,29.4464102,1.05676371
6.613,0.006613,29.4499077,1.05678012
6.614,0.006614,29.4533791,1.05680899
6.615,0.006615,29.4567808,1.05685295
6.616,0.006616,29.4601976,1.05688751
6.617,0.006617,29.4635996,1.05691112
6.618,0.006618,29.4669939,1.05692243
6.619,0.006619,29.4704106,1.05693789
6.62,0.00662,29.4738581,1.05695876
6.621,0.006621,29.4773487,1.05698399
6.622,0.006622,29.4807978,1.05701543
6.623,0.006623,29.4841754,1.05706226
6.624,0.006624,29.4875023,1.05712205
6.625,0.006625,29.4907535,1.05717405
6.626,0.006626,29.4939753,1.05721475
6.627,0.006627,29.4972361,1.05724904
6.628,0.006628,29.5004907,1.05727359
6.629,0.006629,29.5037776,1.05729188
6.63,0.00663,29.5070241,1.05729956
6.631,0.006631,29.5102996,1.057312
6.632,0.006632,29.5136316,1.05732951
6.633,0.006633,29.5169394,1.05735054
6.634,0.006634,29.5201959,1.05735508
6.635,0.006635,29.5233829,1.05734693
6.636,0.006636,29.526563,1.05734144
6.637,0.006637,29.5297412,1.05732944
6.638,0.006638,29.5329198,1.05733098
6.639,0.006639,29.5360755,1.05733136
6.64,0.00664,29.5391304,1.05733851
6.641,0.006641,29.5421526,1.05734878
6.642,0.006642,29.5451746,1.05736223
6.643,0.006643,29.5481959,1.057388
6.644,0.006644,29.551145,1.05742921
6.645,0.006645,29.5540055,1.05746302
6.646,0.006646,29.5568281,1.05749652
6.647,0.006647,29.5595798,1.05752999
6.648,0.006648,29.5622425,1.05755978
6.649,0.006649,29.5648826,1.05757922
6.65,0.00665,29.5675937,1.05759994
6.651,0.006651,29.5703057,1.05761509
6.652,0.006652,29.5730255,1.0576272
6.653,0.006653,29.5758309,1.05763496
6.654,0.006654,29.5786751,1.05763684
6.655,0.006655,29.5815711,1.05764156
6.656,0.006656,29.5845289,1.05763732
6.657,0.006657,29.5874893,1.05764656
6.658,0.006658,29.5904588,1.05766257
6.659,0.006659,29.5934776,1.05767559
6.66,0.00666,29.5965338,1.05767835
6.661,0.006661,29.5995713,1.05766851
6.662,0.006662,29.6026511,1.05766275
6.663,0.006663,29.6057599,1.05765833
6.664,0.006664,29.6089328,1.05766298
6.665,0.006665,29.6121316,1.05766946
6.666,0.006666,29.6153323,1.05767204
6.667,0.006667,29.6185336,1.05767843
6.668,0.006668,29.6217749,1.05768146
6.669,0.006669,29.6250979,1.05768257
6.67,0.00667,29.6284327,1.05769795
6.671,0.006671,29.6317965,1.05773378
6.672,0.006672,29.6351985,1.05776983
6.673,0.006673,29.6386044,1.05779132
6.674,0.006674,29.6420143,1.05782693
6.675,0.006675,29.6454092,1.05787791
6.676,0.006676,29.6488479,1.05793696
6.677,0.006677,29.6523621,1.05798841
6.678,0.006678,29.6558996,1.0580429
6.679,0.006679,29.6595804,1.05811459
6.68,0.00668,29.6633038,1.05820748
6.681,0.006681,29.6670331,1.05828487
6.682,0.006682,29.6707628,1.0583469
6.683,0.006683,29.6745575,1.05842066
6.684,0.006684,29.6782978,1.05849497
6.685,0.006685,29.6819665,1.05857576
6.686,0.006686,29.6856685,1.05865649
6.687,0.006687,29.689388,1.05871837
6.688,0.006688,29.6930869,1.05876497
6.689,0.006689,29.6967663,1.05880884
6.69,0.00669,29.7004832,1.05884985
6.691,0.006691,29.7042144,1.05890788
6.692,0.006692,29.7079865,1.0589644
6.693,0.006693,29.7117605,1.05902781
6.694,0.006694,29.7155888,1.05908505
6.695,0.006695,29.7194544,1.05916167
6.696,0.006696,29.7233468,1.05925086
6.697,0.006697,29.7273101,1.05936296
6.698,0.006698,29.7312854,1.05950042
6.699,0.006699,29.7352574,1.059641
6.7,0.0067,29.7392638,1.05977354
6.701,0.006701,29.7432327,1.05989833
6.702,0.006702,29.7471521,1.06000979
6.703,0.006703,29.751075,1.06011521
6.704,0.006704,29.7549825,1.06020601
6.705,0.006705,29.7588813,1.06029287
6.706,0.006706,29.762863,1.06041243
6.707,0.006707,29.7668511,1.06055449
6.708,0.006708,29.7708258,1.06070115
6.709,0.006709,29.7747804,1.06085815
6.71,0.00671,29.7787001,1.06101454
6.711,0.006711,29.7825844,1.06117285
6.712,0.006712,29.7864303,1.06131736
6.713,0.006713,29.7902668,1.06145434
6.714,0.006714,29.7940662,1.0615892
6.715,0.006715,29.7978595,1.06171838
6.716,0.006716,29.8016194,1.06184356
6.717,0.006717,29.8054006,1.06197542
6.718,0.006718,29.8092468,1.06212724
6.719,0.006719,29.8131152,1.06228057
6.72,0.00672,29.8169765,1.06241554
6.721,0.006721,29.8208468,1.06255518
6.722,0.006722,29.8247255,1.06271964
6.723,0.006723,29.8285691,1.06287928
6.724,0.006724,29.8323733,1.06302824
6.725,0.006725,29.83614,1.06317044
6.726,0.006726,29.8398576,1.06331553
6.727,0.006727,29.8435375,1.06346296
6.728,0.006728,29.8471892,1.0636081
6.729,0.006729,29.8508078,1.06376145
6.73,0.00673,29.8542935,1.06392943
6.731,0.006731,29.8577152,1.06409896
6.732,0.006732,29.8611604,1.06426561
6.733,0.006733,29.8646142,1.06443484
6.734,0.006734,29.868079,1.06459517
6.735,0.006735,29.8715884,1.0647447
6.736,0.006736,29.8750429,1.06490301
6.737,0.006737,29.8784593,1.06506611
6.738,0.006738,29.8818991,1.06522356
6.739,0.006739,29.8853209,1.06537864
6.74,0.00674,29.8886792,1.0655505
6.741,0.006741,29.8919727,1.06573531
6.742,0.006742,29.8951473,1.06593891
6.743,0.006743,29.8983156,1.0661724
6.744,0.006744,29.9014724,1.06643194
6.745,0.006745,29.9046838,1.06668981
6.746,0.006746,29.9078906,1.06695581
6.747,0.006747,29.9110066,1.06721701
6.748,0.006748,29.9141411,1.06747269
6.749,0.006749,29.9172993,1.06771775
6.75,0.00675,29.9203846,1.06796487
6.751,0.006751,29.9234777,1.06821641
6.752,0.006752,29.9265939,1.06846502
6.753,0.006753,29.9297826,1.06871543
6.754,0.006754,29.9330914,1.06897996
6.755,0.006755,29.9364159,1.06926183
6.756,0.006756,29.9397427,1.06955989
6.757,0.006757,29.9431038,1.06986301
6.758,0.006758,29.9464218,1.07015985
6.759,0.006759,29.9497079,1.07045563
6.76,0.00676,29.9530277,1.07074367
6.761,0.006761,29.9563287,1.07105226
6.762,0.006762,29.9595459,1.07135676
6.763,0.006763,29.9626906,1.07166241
6.764,0.006764,29.9657859,1.07197784
6.765,0.006765,29.9687817,1.07229597
6.766,0.006766,29.9717503,1.07260654
6.767,0.006767,29.9747094,1.07290172
6.768,0.006768,29.9776264,1.07320582
6.769,0.006769,29.9805027,1.07352989
6.77,0.00677,29.9833632,1.07385814
6.771,0.006771,29.9861303,1.07418554
6.772,0.006772,29.9888197,1.07451453
6.773,0.006773,29.9914489,1.07485715
6.774,0.006774,29.9940295,1.07521845
6.775,0.006775,29.9965997,1.07558856
6.776,0.006776,29.9992367,1.0759637
6.777,0.006777,30.0019173,1.07632837
6.778,0.006778,30.0045644,1.07668251
6.779,0.006779,30.0072138,1.07702963
6.78,0.00678,30.0098473,1.07736834
6.781,0.006781,30.0125068,1.07769229
6.782,0.006782,30.015197,1.07800101
6.783,0.006783,30.0178739,1.07832111
6.784,0.006784,30.0205544,1.07866813
6.785,0.006785,30.0232207,1.07902258
6.786,0.006786,30.0258549,1.07935333
6.787,0.006787,30.0285409,1.07968092
6.788,0.006788,30.0312131,1.07999743
6.789,0.006789,30.0339627,1.08031582
6.79,0.00679,30.0367924,1.08062924
6.791,0.006791,30.0396384,1.08093366
6.792,0.006792,30.0424011,1.08122177
6.793,0.006793,30.045108,1.08150013
6.794,0.006794,30.0477296,1.08177965
6.795,0.006795,30.0502963,1.08207443
6.796,0.006796,30.0528602,1.08238638
6.797,0.006797,30.0553939,1.08268993
6.798,0.006798,30.0578676,1.08299004
6.799,0.006799,30.0603434,1.0833012
6.8,0.0068,30.0628407,1.0836253
6.801,0.006801,30.0653566,1.083964
6.802,0.006802,30.0678813,1.08431511
6.803,0.006803,30.0704252,1.08465993
6.804,0.006804,30.0730443,1.08500854
6.805,0.006805,30.0756905,1.08537535
6.806,0.006806,30.0782536,1.08574366
6.807,0.006807,30.0807808,1.08611355
6.808,0.006808,30.0833473,1.08648307
6.809,0.006809,30.0859059,1.08685096
6.81,0.00681,30.0884325,1.0872063
6.811,0.006811,30.0908891,1.08754753
6.812,0.006812,30.0933538,1.08788276
6.813,0.006813,30.0958488,1.08822756
6.814,0.006814,30.098416,1.08857739
6.815,0.006815,30.1010232,1.08893163
6.816,0.006816,30.1035794,1.08928247
6.817,0.006817,30.1061499,1.08963351
6.818,0.006818,30.1086989,1.08998804
6.819,0.006819,30.1112526,1.09034259
6.82,0.00682,30.1138643,1.09070231
6.821,0.006821,30.1165182,1.0910741
6.822,0.006822,30.1191382,1.09145755
6.823,0.006823,30.1217332,1.09185859
6.824,0.006824,30.1243325,1.09226792
6.825,0.006825,30.1269253,1.09266508
6.826,0.006826,30.1295055,1.09306423
6.827,0.006827,30.1321098,1.0934571
6.828,0.006828,30.1346847,1.09384192
6.829,0.006829,30.1372081,1.09421189
6.83,0.00683,30.1397241,1.09457782
6.831,0.006831,30.1423,1.09496071
6.832,0.006832,30.1449513,1.09535842
6.833,0.006833,30.1476304,1.09575856
6.834,0.006834,30.1502707,1.09614533
6.835,0.006835,30.1528207,1.09653066
6.836,0.006836,30.1552735,1.09692131
6.837,0.006837,30.1576357,1.09728468
6.838,0.006838,30.1599578,1.09762514
6.839,0.006839,30.162227,1.09795567
6.84,0.00684,30.1644651,1.09827506
6.841,0.006841,30.1666749,1.09859191
6.842,0.006842,30.1688263,1.09892081
6.843,0.006843,30.170989,1.09923508
6.844,0.006844,30.1731948,1.09953583
6.845,0.006845,30.1755316,1.09983564
6.846,0.006846,30.1779309,1.10014403
6.847,0.006847,30.1803812,1.10045868
6.848,0.006848,30.1828245,1.1007621
6.849,0.006849,30.1852906,1.10104921
6.85,0.00685,30.1877839,1.10133839
6.851,0.006851,30.1902737,1.10161226
6.852,0.006852,30.1928282,1.10188296
6.853,0.006853,30.1954647,1.10215522
6.854,0.006854,30.1981696,1.10243979
6.855,0.006855,30.2009211,1.10275153
6.856,0.006856,30.2036875,1.10308009
6.857,0.006857,30.2064308,1.10341702
6.858,0.006858,30.2092023,1.10375839
6.859,0.006859,30.2119421,1.10409259
6.86,0.00686,30.2146331,1.10439534
6.861,0.006861,30.2172285,1.10468227
6.862,0.006862,30.2197874,1.10493895
6.863,0.006863,30.2223928,1.10518689
6.864,0.006864,30.2249793,1.10542399
6.865,0.006865,30.2276846,1.10567119
6.866,0.006866,30.2305179,1.10593648
6.867,0.006867,30.2334213,1.10621499
6.868,0.006868,30.2363128,1.10649627
6.869,0.006869,30.2392531,1.10678566
6.87,0.00687,30.2422468,1.10708927
6.871,0.006871,30.2453149,1.10739963
6.872,0.006872,30.2484374,1.1077159
6.873,0.006873,30.2515071,1.10800609
6.874,0.006874,30.2545172,1.10829332
6.875,0.006875,30.2575494,1.10858634
6.876,0.006876,30.2605815,1.10888979
6.877,0.006877,30.2635927,1.109188
6.878,0.006878,30.2665346,1.10947913
6.879,0.006879,30.2693451,1.10977219
6.88,0.00688,30.272182,1.11005306
6.881,0.006881,30.2750983,1.11034698
6.882,0.006882,30.2779526,1.11063411
6.883,0.006883,30.2807925,1.11090753
6.884,0.006884,30.2836326,1.11117975
6.885,0.006885,30.2865127,1.11146045
6.886,0.006886,30.2894604,1.11173398
6.887,0.006887,30.2924707,1.11201203
6.888,0.006888,30.2955104,1.11230057
6.889,0.006889,30.2985222,1.11259312
6.89,0.00689,30.3014894,1.11288237
6.891,0.006891,30.3043939,1.11315237
6.892,0.006892,30.3072753,1.11342038
6.893,0.006893,30.3101694,1.11369257
6.894,0.006894,30.3130732,1.1139546
6.895,0.006895,30.3159769,1.11421436
6.896,0.006896,30.3187935,1.1144847
6.897,0.006897,30.3215299,1.11475593
6.898,0.006898,30.3242212,1.11502467
6.899,0.006899,30.3269382,1.11530337
6.9,0.0069,30.3296151,1.1155759
6.901,0.006901,30.3323902,1.11583104
6.902,0.006902,30.3351784,1.11609504
6.903,0.006903,30.3380143,1.11638434
6.904,0.006904,30.3409,1.11669211
6.905,0.006905,30.3438609,1.11699636
6.906,0.006906,30.3469247,1.11729676
6.907,0.006907,30.3500635,1.11761039
6.908,0.006908,30.3532823,1.11793072
6.909,0.006909,30.3565089,1.11821094
6.91,0.00691,30.3597095,1.11848404
6.911,0.006911,30.3629769,1.11876205
6.912,0.006912,30.3662375,1.11903278
6.913,0.006913,30.3694693,1.11928336
6.914,0.006914,30.3726759,1.11952193
6.915,0.006915,30.3758911,1.11977512
6.916,0.006916,30.3790688,1.1200542
6.917,0.006917,30.382211,1.12033272
6.918,0.006918,30.3852829,1.12062184
6.919,0.006919,30.388294,1.12090177
6.92,0.00692,30.3912369,1.12115883
6.921,0.006921,30.3941575,1.12140734
6.922,0.006922,30.3970849,1.12164607
6.923,0.006923,30.4000431,1.12189526
6.924,0.006924,30.402981,1.12214245
6.925,0.006925,30.4059593,1.12236532
6.926,0.006926,30.4089582,1.12257096
6.927,0.006927,30.4119202,1.12276955
6.928,0.006928,30.4148139,1.12296088
6.929,0.006929,30.4176179,1.12313383
6.93,0.00693,30.4203498,1.12328654
6.931,0.006931,30.4230649,1.12342954
6.932,0.006932,30.4258003,1.12357283
6.933,0.006933,30.4284796,1.12370948
6.934,0.006934,30.4311171,1.12385423
6.935,0.006935,30.4336722,1.12401619
6.936,0.006936,30.4361073,1.12418483
6.937,0.006937,30.4384869,1.12433375
6.938,0.006938,30.4409059,1.12445721
6.939,0.006939,30.4433766,1.12456552
6.94,0.00694,30.4458269,1.12466823
6.941,0.006941,30.4482465,1.12477834
6.942,0.006942,30.4507509,1.12489143
6.943,0.006943,30.4533333,1.1249964
6.944,0.006944,30.4559275,1.12509279
6.945,0.006945,30.4585565,1.12518935
6.946,0.006946,30.4612023,1.12529238
6.947,0.006947,30.4638588,1.1253975
6.948,0.006948,30.4664243,1.12550427
6.949,0.006949,30.4689736,1.12562245
6.95,0.00695,30.4715546,1.12574643
6.951,0.006951,30.4742225,1.12586664
6.952,0.006952,30.4769051,1.12597903
6.953,0.006953,30.479587,1.12607122
6.954,0.006954,30.4822541,1.12617023
6.955,0.006955,30.4849922,1.12628382
6.956,0.006956,30.48782,1.12637845
6.957,0.006957,30.4907033,1.12646045
6.958,0.006958,30.4935668,1.12653437
6.959,0.006959,30.4964412,1.12660605
6.96,0.00696,30.4992703,1.12667436
6.961,0.006961,30.5020815,1.12674158
6.962,0.006962,30.5048132,1.12682417
6.963,0.006963,30.5075768,1.12692456
6.964,0.006964,30.5103832,1.12703422
6.965,0.006965,30.5132421,1.12713975
6.966,0.006966,30.5161189,1.1272545
6.967,0.006967,30.5190333,1.12736627
6.968,0.006968,30.52196,1.12747569
6.969,0.006969,30.5249099,1.12758064
6.97,0.00697,30.5278762,1.1276852
6.971,0.006971,30.5308094,1.12778362
6.972,0.006972,30.533821,1.12789081
6.973,0.006973,30.5369422,1.1280115
6.974,0.006974,30.5401644,1.12812851
6.975,0.006975,30.5434034,1.12826246
6.976,0.006976,30.546635,1.12840517
6.977,0.006977,30.5497787,1.1285458
6.978,0.006978,30.5529555,1.12870084
6.979,0.006979,30.5561083,1.12888059
6.98,0.00698,30.5592309,1.12905712
6.981,0.006981,30.5624295,1.12924165
6.982,0.006982,30.5656375,1.12943725
6.983,0.006983,30.5687802,1.12962295
6.984,0.006984,30.5719189,1.12980097
6.985,0.006985,30.5750975,1.1299784
6.986,0.006986,30.5783454,1.13016065
6.987,0.006987,30.5816281,1.13034214
6.988,0.006988,30.5849658,1.13053236
6.989,0.006989,30.5883281,1.13073122
6.99,0.00699,30.5916995,1.13093904
6.991,0.006991,30.5950584,1.1311532
6.992,0.006992,30.5984076,1.13135178
6.993,0.006993,30.6017163,1.13154643
6.994,0.006994,30.6049817,1.13176091
6.995,0.006995,30.6082884,1.13197102
6.996,0.006996,30.6116302,1.13217114
6.997,0.006997,30.6150381,1.13237652
6.998,0.006998,30.6184964,1.13259855
6.999,0.006999,30.6219558,1.13282338
7,0.007,30.625406,1.13304537
7.001,0.007001,30.6287963,1.13326331
7.002,0.007002,30.6321977,1.13346475
7.003,0.007003,30.6356294,1.1336682
7.004,0.007004,30.6389838,1.13386088
7.005,0.007005,30.6422469,1.13404607
7.006,0.007006,30.6454827,1.13423919
7.007,0.007007,30.6487138,1.13445039
7.008,0.007008,30.6518945,1.13467425
7.009,0.007009,30.6549977,1.13491046
7.01,0.00701,30.6580597,1.13515909
7.011,0.007011,30.6610934,1.13541783
7.012,0.007012,30.6641237,1.13567072
7.013,0.007013,30.6671535,1.13590362
7.014,0.007014,30.6703158,1.1361383
7.015,0.007015,30.6735281,1.13636903
7.016,0.007016,30.6767189,1.13659116
7.017,0.007017,30.6799268,1.13679938
7.018,0.007018,30.6831778,1.13700486
7.019,0.007019,30.686441,1.13721828
7.02,0.00702,30.6897022,1.13742473
7.021,0.007021,30.692951,1.13764842
7.022,0.007022,30.6962173,1.13788545
7.023,0.007023,30.6994663,1.13812992
7.024,0.007024,30.7026602,1.13837847
7.025,0.007025,30.7058628,1.13864189
7.026,0.007026,30.7090481,1.1388947
7.027,0.007027,30.7121608,1.13913593
7.028,0.007028,30.7152263,1.13936987
7.029,0.007029,30.7183386,1.13960548
7.03,0.00703,30.7214794,1.13983462
7.031,0.007031,30.7246189,1.14006793
7.032,0.007032,30.7277439,1.14030824
7.033,0.007033,30.7308768,1.14052233
7.034,0.007034,30.7340146,1.14073744
7.035,0.007035,30.7371731,1.14096845
7.036,0.007036,30.7403893,1.14121561
7.037,0.007037,30.7437221,1.14146681
7.038,0.007038,30.7471162,1.14172554
7.039,0.007039,30.7504744,1.14200014
7.04,0.00704,30.753875,1.1422689
7.041,0.007041,30.7572475,1.14252636
7.042,0.007042,30.7606348,1.14277669
7.043,0.007043,30.7640077,1.14301732
7.044,0.007044,30.767355,1.1432484
7.045,0.007045,30.7706436,1.14346924
7.046,0.007046,30.77391,1.14368037
7.047,0.007047,30.777171,1.14388716
7.048,0.007048,30.7803755,1.14409435
7.049,0.007049,30.7836106,1.14429448
7.05,0.00705,30.7869321,1.14448983
7.051,0.007051,30.7903109,1.14469216
7.052,0.007052,30.7937629,1.14491564
7.053,0.007053,30.7972851,1.14515014
7.054,0.007054,30.8007646,1.14537755
7.055,0.007055,30.8042524,1.14560179
7.056,0.007056,30.8077482,1.14581768
7.057,0.007057,30.8112709,1.14601606
7.058,0.007058,30.8147982,1.14620547
7.059,0.007059,30.8183008,1.14639742
7.06,0.00706,30.8217607,1.14658896
7.061,0.007061,30.8250623,1.14676966
7.062,0.007062,30.8281828,1.14695076
7.063,0.007063,30.8313303,1.14712072
7.064,0.007064,30.8344986,1.1472807
7.065,0.007065,30.8377566,1.14745374
7.066,0.007066,30.841079,1.1476273
7.067,0.007067,30.8444511,1.14778371
7.068,0.007068,30.8477842,1.1479217
7.069,0.007069,30.8511587,1.14806751
7.07,0.00707,30.854551,1.14822702
7.071,0.007071,30.8579754,1.14839312
7.072,0.007072,30.861326,1.14854514
7.073,0.007073,30.8646984,1.14872314
7.074,0.007074,30.8680524,1.14890815
7.075,0.007075,30.8714299,1.1491075
7.076,0.007076,30.8748549,1.14931467
7.077,0.007077,30.8783065,1.14951432
7.078,0.007078,30.8817162,1.14969998
7.079,0.007079,30.8851317,1.14986684
7.08,0.00708,30.8885792,1.15003215
7.081,0.007081,30.8920329,1.1501999
7.082,0.007082,30.8954632,1.15036139
7.083,0.007083,30.8988493,1.15049876
7.084,0.007084,30.9021072,1.15061281
7.085,0.007085,30.9053457,1.15073471
7.086,0.007086,30.9085427,1.15085351
7.087,0.007087,30.9116556,1.1509584
7.088,0.007088,30.9146391,1.15105092
7.089,0.007089,30.9175124,1.15113218
7.09,0.00709,30.9203203,1.15121292
7.091,0.007091,30.9230541,1.15125551
7.092,0.007092,30.9257851,1.15127589
7.093,0.007093,30.9285345,1.15130033
7.094,0.007094,30.931273,1.15133396
7.095,0.007095,30.9340405,1.15139064
7.096,0.007096,30.9368148,1.15145972
7.097,0.007097,30.9395986,1.1515472
7.098,0.007098,30.9422646,1.15162712
7.099,0.007099,30.9448654,1.15168791
7.1,0.0071,30.9474339,1.15174856
7.101,0.007101,30.9499682,1.15180733
7.102,0.007102,30.9524867,1.15189058
7.103,0.007103,30.95498,1.15196968
7.104,0.007104,30.9573677,1.15204021
7.105,0.007105,30.9597384,1.15210179
7.106,0.007106,30.9620017,1.15215719
7.107,0.007107,30.9642248,1.15221988
7.108,0.007108,30.9664352,1.15228026
7.109,0.007109,30.9685632,1.15231759
7.11,0.00711,30.9706888,1.15235293
7.111,0.007111,30.9726819,1.15237117
7.112,0.007112,30.9745656,1.15238978
7.113,0.007113,30.9763533,1.15240055
7.114,0.007114,30.9780001,1.15242288
7.115,0.007115,30.9795112,1.15244829
7.116,0.007116,30.9810109,1.15246563
7.117,0.007117,30.9824981,1.15248723
7.118,0.007118,30.9839091,1.15252214
7.119,0.007119,30.9852643,1.15256186
7.12,0.00712,30.9866416,1.15262419
7.121,0.007121,30.9880268,1.15268433
7.122,0.007122,30.9893633,1.15275007
7.123,0.007123,30.9907265,1.15281553
7.124,0.007124,30.9921261,1.15288036
7.125,0.007125,30.9935374,1.15294821
7.126,0.007126,30.9949865,1.1530238
7.127,0.007127,30.9964762,1.15309897
7.128,0.007128,30.9980318,1.15317783
7.129,0.007129,30.9997325,1.15325427
7.13,0.00713,31.0014534,1.15333026
7.131,0.007131,31.0030318,1.15339134
7.132,0.007132,31.0045028,1.1534356
7.133,0.007133,31.0059344,1.15348481
7.134,0.007134,31.0073931,1.1535333
7.135,0.007135,31.0087708,1.15358676
7.136,0.007136,31.0100344,1.15363318
7.137,0.007137,31.0112266,1.15368808
7.138,0.007138,31.0123559,1.15374566
7.139,0.007139,31.0134721,1.15380588
7.14,0.00714,31.0145377,1.15386859
7.141,0.007141,31.0154789,1.15390866
7.142,0.007142,31.0163743,1.15393759
7.143,0.007143,31.0172437,1.15396096
7.144,0.007144,31.0180315,1.15396357
7.145,0.007145,31.0187723,1.15393812
7.146,0.007146,31.0195139,1.15393025
7.147,0.007147,31.0203375,1.15394569
7.148,0.007148,31.02121,1.15397189
7.149,0.007149,31.0221028,1.15399276
7.15,0.00715,31.0229799,1.154009
7.151,0.007151,31.0238709,1.15403588
7.152,0.007152,31.0247184,1.15405458
7.153,0.007153,31.0255615,1.15406367
7.154,0.007154,31.0264243,1.15407938
7.155,0.007155,31.0273549,1.15409391
7.156,0.007156,31.0283379,1.15410898
7.157,0.007157,31.0292837,1.15414049
7.158,0.007158,31.030256,1.15418974
7.159,0.007159,31.0312608,1.15424462
7.16,0.00716,31.0322809,1.15431872
7.161,0.007161,31.0333687,1.15438884
7.162,0.007162,31.0344255,1.15445014
7.163,0.007163,31.0353937,1.15451621
7.164,0.007164,31.036343,1.15459349
7.165,0.007165,31.0373787,1.15468422
7.166,0.007166,31.0384064,1.15476877
7.167,0.007167,31.0393578,1.15484619
7.168,0.007168,31.0402887,1.15491953
7.169,0.007169,31.0411904,1.15498915
7.17,0.00717,31.0421042,1.15507422
7.171,0.007171,31.0431053,1.15517567
7.172,0.007172,31.0441334,1.15527798
7.173,0.007173,31.0452171,1.15539514
7.174,0.007174,31.0463828,1.15552231
7.175,0.007175,31.047505,1.15563156
7.176,0.007176,31.0485957,1.15572738
7.177,0.007177,31.0496842,1.15582019
7.178,0.007178,31.0506761,1.15588871
7.179,0.007179,31.0516846,1.15595269
7.18,0.00718,31.0527216,1.15604247
7.181,0.007181,31.0538801,1.15615513
7.182,0.007182,31.0550466,1.15626119
7.183,0.007183,31.0561407,1.15637323
7.184,0.007184,31.057206,1.15648848
7.185,0.007185,31.0581865,1.15661701
7.186,0.007186,31.0591,1.15675819
7.187,0.007187,31.0599873,1.15690612
7.188,0.007188,31.0608704,1.15706615
7.189,0.007189,31.0617927,1.1572372
7.19,0.00719,31.0627265,1.15740731
7.191,0.007191,31.0636408,1.15756024
7.192,0.007192,31.0646913,1.15769961
7.193,0.007193,31.065822,1.15781319
7.194,0.007194,31.0670249,1.15791265
7.195,0.007195,31.0683022,1.15799078
7.196,0.007196,31.0695954,1.15804512
7.197,0.007197,31.0708195,1.15808535
7.198,0.007198,31.0720193,1.15811651
7.199,0.007199,31.0732185,1.158179
7.2,0.0072,31.0744534,1.15824002
7.201,0.007201,31.0756721,1.15830777
7.202,0.007202,31.0768943,1.15837233
7.203,0.007203,31.0780643,1.15842847
7.204,0.007204,31.07923,1.15847714
7.205,0.007205,31.0803208,1.15853545
7.206,0.007206,31.0813365,1.15857906
7.207,0.007207,31.0823039,1.1585997
7.208,0.007208,31.083238,1.15861895
7.209,0.007209,31.0842124,1.15864289
7.21,0.00721,31.0852386,1.15866071
7.211,0.007211,31.0862745,1.15869325
7.212,0.007212,31.0872224,1.15873696
7.213,0.007213,31.08806,1.15877485
7.214,0.007214,31.088783,1.15881071
7.215,0.007215,31.0894988,1.15886718
7.216,0.007216,31.0902271,1.15892175
7.217,0.007217,31.0909893,1.15897526
7.218,0.007218,31.0918645,1.15902687
7.219,0.007219,31.0927474,1.15907138
7.22,0.00722,31.0936181,1.15910829
7.221,0.007221,31.0944896,1.15913317
7.222,0.007222,31.095348,1.15914279
7.223,0.007223,31.0962045,1.159172
7.224,0.007224,31.0970806,1.15921064
7.225,0.007225,31.0979774,1.1592386
7.226,0.007226,31.0988688,1.15927173
7.227,0.007227,31.0997024,1.15930406
7.228,0.007228,31.1005145,1.15932872
7.229,0.007229,31.1013216,1.15935317
7.23,0.00723,31.1021587,1.15938658
7.231,0.007231,31.1030356,1.15940686
7.232,0.007232,31.10395,1.1594093
7.233,0.007233,31.1048831,1.15938864
7.234,0.007234,31.105801,1.15935395
7.235,0.007235,31.1066866,1.15932195
7.236,0.007236,31.1076558,1.15931483
7.237,0.007237,31.1086633,1.1592981
7.238,0.007238,31.1097123,1.15928728
7.239,0.007239,31.1107829,1.15926579
7.24,0.00724,31.1118372,1.15926228
7.241,0.007241,31.1128883,1.15924912
7.242,0.007242,31.1139657,1.15921819
7.243,0.007243,31.1150509,1.15918717
7.244,0.007244,31.1161286,1.15915696
7.245,0.007245,31.117129,1.15913558
7.246,0.007246,31.1180851,1.15911379
7.247,0.007247,31.119087,1.15908828
7.248,0.007248,31.1201281,1.15905615
7.249,0.007249,31.1211877,1.159024
7.25,0.00725,31.1222091,1.15898619
7.251,0.007251,31.1232376,1.15895235
7.252,0.007252,31.1242458,1.15891782
7.253,0.007253,31.1251889,1.15887215
7.254,0.007254,31.1262183,1.15882214
7.255,0.007255,31.1273619,1.15876518
7.256,0.007256,31.1285344,1.15869154
7.257,0.007257,31.1297806,1.15862644
7.258,0.007258,31.1309958,1.1585721
7.259,0.007259,31.132142,1.15852234
7.26,0.00726,31.1332632,1.15846328
7.261,0.007261,31.1343575,1.15839714
7.262,0.007262,31.1352866,1.15830626
7.263,0.007263,31.1361258,1.15821307
7.264,0.007264,31.1370187,1.15811197
7.265,0.007265,31.1379213,1.15801318
7.266,0.007266,31.1387842,1.15792625
7.267,0.007267,31.1396395,1.15784653
7.268,0.007268,31.140485,1.15776435
7.269,0.007269,31.1412706,1.15769637
7.27,0.00727,31.1420369,1.15763341
7.271,0.007271,31.1427202,1.15756347
7.272,0.007272,31.1433695,1.15750483
7.273,0.007273,31.1440773,1.15746125
7.274,0.007274,31.1447874,1.15742809
7.275,0.007275,31.1454875,1.15740438
7.276,0.007276,31.1461955,1.15739402
7.277,0.007277,31.1469196,1.15739246
7.278,0.007278,31.1476429,1.15737421
7.279,0.007279,31.1483416,1.15733603
7.28,0.00728,31.1490335,1.15728429
7.281,0.007281,31.1496663,1.15723575
7.282,0.007282,31.1502622,1.1571634
7.283,0.007283,31.1507378,1.15708625
7.284,0.007284,31.151095,1.15702662
7.285,0.007285,31.1514569,1.1569491
7.286,0.007286,31.1519289,1.15686954
7.287,0.007287,31.1524567,1.15679889
7.288,0.007288,31.1529807,1.15671691
7.289,0.007289,31.1534884,1.15661731
7.29,0.00729,31.1540478,1.15652639
7.291,0.007291,31.1547166,1.15645157
7.292,0.007292,31.155457,1.15638847
7.293,0.007293,31.1562112,1.15632886
7.294,0.007294,31.1569606,1.15627131
7.295,0.007295,31.157696,1.15621844
7.296,0.007296,31.1584144,1.15615624
7.297,0.007297,31.1591374,1.15608701
7.298,0.007298,31.159838,1.15602986
7.299,0.007299,31.1605746,1.15597776
7.3,0.0073,31.1612903,1.15594568
7.301,0.007301,31.1620824,1.15593271
7.302,0.007302,31.1629281,1.15591188
7.303,0.007303,31.1637735,1.15590321
7.304,0.007304,31.1646244,1.15589062
7.305,0.007305,31.165471,1.15585971
7.306,0.007306,31.1662342,1.15583504
7.307,0.007307,31.1670299,1.15580795
7.308,0.007308,31.1678934,1.15577616
7.309,0.007309,31.168917,1.15573406
7.31,0.00731,31.1700453,1.15568255
7.311,0.007311,31.1712121,1.15560985
7.312,0.007312,31.172444,1.15553432
7.313,0.007313,31.1736944,1.15546647
7.314,0.007314,31.1749198,1.15541087
7.315,0.007315,31.1761545,1.15536412
7.316,0.007316,31.1773715,1.1553341
7.317,0.007317,31.1786168,1.15530846
7.318,0.007318,31.1798672,1.15528409
7.319,0.007319,31.18109,1.15524744
7.32,0.00732,31.1822286,1.15521384
7.321,0.007321,31.1833831,1.15518484
7.322,0.007322,31.1845134,1.15516214
7.323,0.007323,31.1856812,1.15515447
7.324,0.007324,31.1868377,1.15515656
7.325,0.007325,31.1879971,1.15516072
7.326,0.007326,31.1891826,1.15515058
7.327,0.007327,31.1904502,1.15512253
7.328,0.007328,31.1917374,1.15509537
7.329,0.007329,31.1930605,1.15508268
7.33,0.00733,31.194445,1.1550629
7.331,0.007331,31.1958616,1.15505106
7.332,0.007332,31.1973195,1.15504681
7.333,0.007333,31.1987669,1.15504463
7.334,0.007334,31.2001451,1.15503827
7.335,0.007335,31.2015274,1.15500853
7.336,0.007336,31.2029905,1.15497378
7.337,0.007337,31.2044711,1.15493405
7.338,0.007338,31.2059379,1.15490242
7.339,0.007339,31.2073425,1.15486894
7.34,0.00734,31.2087816,1.15483687
7.341,0.007341,31.2103047,1.15481732
7.342,0.007342,31.2118393,1.15479984
7.343,0.007343,31.2133994,1.15478706
7.344,0.007344,31.2149808,1.15478996
7.345,0.007345,31.2165795,1.15480991
7.346,0.007346,31.218129,1.154844
7.347,0.007347,31.2196464,1.15487812
7.348,0.007348,31.2211365,1.15490798
7.349,0.007349,31.2226345,1.15494255
7.35,0.00735,31.2242142,1.15497857
7.351,0.007351,31.2258893,1.1549971
7.352,0.007352,31.2276309,1.15499481
7.353,0.007353,31.2293912,1.15497364
7.354,0.007354,31.2311382,1.15493653
7.355,0.007355,31.2328367,1.15491406
7.356,0.007356,31.2344886,1.15490197
7.357,0.007357,31.2361869,1.15488412
7.358,0.007358,31.2378909,1.15486969
7.359,0.007359,31.239668,1.15488215
7.36,0.00736,31.2414611,1.15491403
7.361,0.007361,31.2432401,1.15494465
7.362,0.007362,31.2450026,1.15495756
7.363,0.007363,31.2467443,1.1549827
7.364,0.007364,31.2485292,1.15501862
7.365,0.007365,31.2503086,1.1550629
7.366,0.007366,31.2520453,1.15512448
7.367,0.007367,31.2537756,1.15521161
7.368,0.007368,31.255466,1.15531876
7.369,0.007369,31.2571394,1.15543273
7.37,0.00737,31.2587892,1.15553045
7.371,0.007371,31.2604064,1.15562758
7.372,0.007372,31.2619642,1.15571018
7.373,0.007373,31.2635324,1.15577819
7.374,0.007374,31.2651456,1.15584379
7.375,0.007375,31.2667479,1.15590184
7.376,0.007376,31.2683972,1.15597182
7.377,0.007377,31.2700531,1.15605326
7.378,0.007378,31.2717439,1.15611611
7.379,0.007379,31.2735284,1.15617256
7.38,0.00738,31.2754487,1.15624835
7.381,0.007381,31.277387,1.15630604
7.382,0.007382,31.279374,1.15637813
7.383,0.007383,31.2814726,1.15646727
7.384,0.007384,31.2836614,1.1565537
7.385,0.007385,31.2859263,1.15663449
7.386,0.007386,31.2882315,1.15670057
7.387,0.007387,31.2905519,1.15677268
7.388,0.007388,31.2928899,1.15683699
7.389,0.007389,31.2952414,1.15689668
7.39,0.00739,31.2975749,1.15695681
7.391,0.007391,31.2999123,1.15701805
7.392,0.007392,31.302335,1.15708016
7.393,0.007393,31.3047848,1.15713792
7.394,0.007394,31.3072049,1.15720896
7.395,0.007395,31.3095586,1.15726405
7.396,0.007396,31.3118566,1.15732445
7.397,0.007397,31.3140643,1.15738743
7.398,0.007398,31.3162891,1.15743925
7.399,0.007399,31.3185639,1.15747406
7.4,0.0074,31.3208767,1.15749767
7.401,0.007401,31.3232157,1.15753778
7.402,0.007402,31.3255279,1.1575772
7.403,0.007403,31.3278643,1.15763116
7.404,0.007404,31.3302241,1.15770659
7.405,0.007405,31.3326073,1.1578169
7.406,0.007406,31.335028,1.15795972
7.407,0.007407,31.3374094,1.15810928
7.408,0.007408,31.3398209,1.15825197
7.409,0.007409,31.3423555,1.15838731
7.41,0.00741,31.3449675,1.15853387
7.411,0.007411,31.347639,1.15868489
7.412,0.007412,31.3503758,1.15883966
7.413,0.007413,31.3530868,1.15899686
7.414,0.007414,31.3557932,1.15914112
7.415,0.007415,31.3585144,1.15927172
7.416,0.007416,31.3611917,1.15940517
7.417,0.007417,31.3638701,1.15955312
7.418,0.007418,31.3665282,1.15969364
7.419,0.007419,31.3691525,1.15983566
7.42,0.00742,31.3717586,1.15997458
7.421,0.007421,31.3743063,1.1601183
7.422,0.007422,31.3767931,1.16026256
7.423,0.007423,31.3792207,1.16040928
7.424,0.007424,31.3817218,1.16057613
7.425,0.007425,31.3842614,1.16074004
7.426,0.007426,31.3868432,1.16090969
7.427,0.007427,31.3895034,1.16105229
7.428,0.007428,31.3921968,1.16117658
7.429,0.007429,31.3948412,1.16130135
7.43,0.00743,31.3974477,1.16140916
7.431,0.007431,31.4001021,1.161507
7.432,0.007432,31.4028011,1.16160052
7.433,0.007433,31.4055192,1.1616885
7.434,0.007434,31.4083184,1.16178139
7.435,0.007435,31.4111377,1.16186836
7.436,0.007436,31.4139694,1.16196042
7.437,0.007437,31.41677,1.16204536
7.438,0.007438,31.4195308,1.16210949
7.439,0.007439,31.4223573,1.16216849
7.44,0.00744,31.4252503,1.16222833
7.441,0.007441,31.4282168,1.16230211
7.442,0.007442,31.4311384,1.16235989
7.443,0.007443,31.4339875,1.16241129
7.444,0.007444,31.4368197,1.16247294
7.445,0.007445,31.4396509,1.16253234
7.446,0.007446,31.4424699,1.16258926
7.447,0.007447,31.4452361,1.16262813
7.448,0.007448,31.4479461,1.16266606
7.449,0.007449,31.4506685,1.16269369
7.45,0.00745,31.4534119,1.16270111
7.451,0.007451,31.4561589,1.16270956
7.452,0.007452,31.458887,1.16272197
7.453,0.007453,31.4616221,1.16273846
7.454,0.007454,31.4643266,1.16274751
7.455,0.007455,31.4671136,1.16275454
7.456,0.007456,31.4699448,1.16275885
7.457,0.007457,31.47274,1.16277367
7.458,0.007458,31.4754186,1.16279642
7.459,0.007459,31.4780029,1.16282927
7.46,0.00746,31.4804911,1.16287018
7.461,0.007461,31.4829344,1.16291962
7.462,0.007462,31.4852448,1.16295738
7.463,0.007463,31.4874247,1.16296929
7.464,0.007464,31.4895789,1.16297723
7.465,0.007465,31.4917094,1.16301149
7.466,0.007466,31.493785,1.16304212
7.467,0.007467,31.4958398,1.16307308
7.468,0.007468,31.4979529,1.16311428
7.469,0.007469,31.5000504,1.16314401
7.47,0.00747,31.5021396,1.16313055
7.471,0.007471,31.5042059,1.16309753
7.472,0.007472,31.5063105,1.16306236
7.473,0.007473,31.5085231,1.16303045
7.474,0.007474,31.5107739,1.16298782
7.475,0.007475,31.5130907,1.16296896
7.476,0.007476,31.5155035,1.16295672
7.477,0.007477,31.5179625,1.16294198
7.478,0.007478,31.5204569,1.16293105
7.479,0.007479,31.5229617,1.16290707
7.48,0.00748,31.5254004,1.16286912
7.481,0.007481,31.5278435,1.16282837
7.482,0.007482,31.530308,1.16278533
7.483,0.007483,31.5328482,1.16274942
7.484,0.007484,31.5353843,1.1626942
7.485,0.007485,31.5379457,1.16264492
7.486,0.007486,31.5405765,1.16258271
7.487,0.007487,31.543246,1.16252342
7.488,0.007488,31.5459376,1.16245405
7.489,0.007489,31.548656,1.16239394
7.49,0.00749,31.5513873,1.16233919
7.491,0.007491,31.5540717,1.16227149
7.492,0.007492,31.556709,1.16220182
7.493,0.007493,31.5593712,1.1621353
7.494,0.007494,31.5619762,1.16207859
7.495,0.007495,31.5646108,1.16202966
7.496,0.007496,31.5672904,1.16199122
7.497,0.007497,31.5699884,1.16194553
7.498,0.007498,31.5727329,1.16188572
7.499,0.007499,31.5755836,1.16180471
7.5,0.0075,31.5784514,1.16172021
7.501,0.007501,31.5813937,1.16163808
7.502,0.007502,31.5844357,1.16156136
7.503,0.007503,31.5875331,1.16149103
7.504,0.007504,31.5906649,1.1614335
7.505,0.007505,31.5937804,1.16138239
7.506,0.007506,31.5968747,1.16132048
7.507,0.007507,31.599945,1.16123654
7.508,0.007508,31.6029984,1.16116024
7.509,0.007509,31.6061443,1.16109225
7.51,0.00751,31.6093424,1.16102876
7.511,0.007511,31.6125461,1.16096462
7.512,0.007512,31.6157577,1.1609055
7.513,0.007513,31.6189208,1.16084477
7.514,0.007514,31.6220663,1.1607752
7.515,0.007515,31.6252198,1.16068962
7.516,0.007516,31.6283687,1.16059262
7.517,0.007517,31.6315146,1.16048984
7.518,0.007518,31.6346568,1.16038415
7.519,0.007519,31.6378398,1.16028586
7.52,0.00752,31.6410695,1.16020014
7.521,0.007521,31.6443977,1.16010923
7.522,0.007522,31.647788,1.1600073
7.523,0.007523,31.6511878,1.15989145
7.524,0.007524,31.6545802,1.15977467
7.525,0.007525,31.6580065,1.15965509
7.526,0.007526,31.6615162,1.15953603
7.527,0.007527,31.6650729,1.15940352
7.528,0.007528,31.6687146,1.15928073
7.529,0.007529,31.6724291,1.15916361
7.53,0.00753,31.6760693,1.15904637
7.531,0.007531,31.6797289,1.15892869
7.532,0.007532,31.683498,1.15883303
7.533,0.007533,31.6873038,1.158725
7.534,0.007534,31.6911197,1.15859906
7.535,0.007535,31.694888,1.15845629
7.536,0.007536,31.6985995,1.15829486
7.537,0.007537,31.7023783,1.15814922
7.538,0.007538,31.7062017,1.15801694
7.539,0.007539,31.7099956,1.15789555
7.54,0.00754,31.7137399,1.15776484
7.541,0.007541,31.7174045,1.15762355
7.542,0.007542,31.7210117,1.15747155
7.543,0.007543,31.7246044,1.15731604
7.544,0.007544,31.7282028,1.15715866
7.545,0.007545,31.7317375,1.1569911
7.546,0.007546,31.7352767,1.15680849
7.547,0.007547,31.7388501,1.15662412
7.548,0.007548,31.7424459,1.15645668
7.549,0.007549,31.7460171,1.15630455
7.55,0.00755,31.749504,1.1561619
7.551,0.007551,31.7529667,1.15602028
7.552,0.007552,31.756399,1.15588124
7.553,0.007553,31.7597911,1.15575074
7.554,0.007554,31.7631539,1.15562072
7.555,0.007555,31.7664905,1.1554883
7.556,0.007556,31.7698805,1.15536134
7.557,0.007557,31.7732995,1.15524153
7.558,0.007558,31.776656,1.15511486
7.559,0.007559,31.7799842,1.15498785
7.56,0.00756,31.7832727,1.15485093
7.561,0.007561,31.7865852,1.15471021
7.562,0.007562,31.7898972,1.1545665
7.563,0.007563,31.7932185,1.15443257
7.564,0.007564,31.7966067,1.15430598
7.565,0.007565,31.8000604,1.15417577
7.566,0.007566,31.8035666,1.15402907
7.567,0.007567,31.8071456,1.15387657
7.568,0.007568,31.8107766,1.15373178
7.569,0.007569,31.8144138,1.15357757
7.57,0.00757,31.8180408,1.15339669
7.571,0.007571,31.8216595,1.15318976
7.572,0.007572,31.8252843,1.15299692
7.573,0.007573,31.8288983,1.1528098
7.574,0.007574,31.8325413,1.15261855
7.575,0.007575,31.8362649,1.1524204
7.576,0.007576,31.8400451,1.15219377
7.577,0.007577,31.8438239,1.15194123
7.578,0.007578,31.8477013,1.15167697
7.579,0.007579,31.8515905,1.15141367
7.58,0.00758,31.8553816,1.15115546
7.581,0.007581,31.8590542,1.15089052
7.582,0.007582,31.8626844,1.1506335
7.583,0.007583,31.8663323,1.15038448
7.584,0.007584,31.8700993,1.15016175
7.585,0.007585,31.873953,1.1499362
7.586,0.007586,31.8778975,1.14969374
7.587,0.007587,31.8818933,1.14945236
7.588,0.007588,31.8859059,1.14922144
7.589,0.007589,31.8899042,1.14898134
7.59,0.00759,31.8938375,1.14873049
7.591,0.007591,31.8977669,1.14846738
7.592,0.007592,31.9016795,1.14818148
7.593,0.007593,31.9056199,1.14789153
7.594,0.007594,31.9095722,1.14761205
7.595,0.007595,31.9135046,1.14735135
7.596,0.007596,31.9174172,1.14709607
7.597,0.007597,31.921385,1.14683626
7.598,0.007598,31.925349,1.14656061
7.599,0.007599,31.9293058,1.1462717
7.6,0.0076,31.9332305,1.14597827
7.601,0.007601,31.9371023,1.14567804
7.602,0.007602,31.9409203,1.1453903
7.603,0.007603,31.9447178,1.1451077
7.604,0.007604,31.9484848,1.1448395
7.605,0.007605,31.9521509,1.14457922
7.606,0.007606,31.9558183,1.14431205
7.607,0.007607,31.9595157,1.14402749
7.608,0.007608,31.9632354,1.14373247
7.609,0.007609,31.9669214,1.143457
7.61,0.00761,31.9705609,1.14318532
7.611,0.007611,31.9740967,1.14292195
7.612,0.007612,31.9775484,1.14265178
7.613,0.007613,31.9810041,1.14236819
7.614,0.007614,31.9844784,1.14210595
7.615,0.007615,31.9879944,1.14183278
7.616,0.007616,31.991597,1.14155359
7.617,0.007617,31.9951593,1.1412553
7.618,0.007618,31.9986992,1.14095637
7.619,0.007619,32.0022115,1.14065256
7.62,0.00762,32.0057107,1.14035791
7.621,0.007621,32.0091686,1.14007317
7.622,0.007622,32.012593,1.13980722
7.623,0.007623,32.0160613,1.13955082
7.624,0.007624,32.0196017,1.13930348
7.625,0.007625,32.023222,1.13904619
7.626,0.007626,32.0268909,1.13880306
7.627,0.007627,32.0306078,1.13856412
7.628,0.007628,32.034314,1.13832621
7.629,0.007629,32.0380001,1.13808399
7.63,0.00763,32.0416267,1.13784334
7.631,0.007631,32.0452374,1.13759754
7.632,0.007632,32.0487697,1.13733763
7.633,0.007633,32.0522974,1.13707272
7.634,0.007634,32.0559007,1.13681171
7.635,0.007635,32.0596073,1.13655273
7.636,0.007636,32.0633218,1.13630866
7.637,0.007637,32.0669684,1.13606308
7.638,0.007638,32.0705528,1.13581238
7.639,0.007639,32.0740966,1.13555066
7.64,0.00764,32.0775845,1.13528214
7.641,0.007641,32.0810041,1.13504505
7.642,0.007642,32.0844329,1.13482794
7.643,0.007643,32.0878877,1.1346235
7.644,0.007644,32.0913336,1.13442222
7.645,0.007645,32.0947446,1.13422964
7.646,0.007646,32.0981908,1.13405216
7.647,0.007647,32.1016523,1.13385793
7.648,0.007648,32.1050955,1.13364492
7.649,0.007649,32.1085368,1.13342105
7.65,0.00765,32.1120123,1.1332091
7.651,0.007651,32.115402,1.13301575
7.652,0.007652,32.1187062,1.13283254
7.653,0.007653,32.1218752,1.13265218
7.654,0.007654,32.1250181,1.1324836
7.655,0.007655,32.128201,1.13232788
7.656,0.007656,32.1314627,1.13217653
7.657,0.007657,32.1347997,1.13201563
7.658,0.007658,32.1381291,1.13184892
7.659,0.007659,32.1413829,1.13167149
7.66,0.00766,32.1445857,1.13150691
7.661,0.007661,32.1477831,1.13133133
7.662,0.007662,32.1509211,1.1311401
7.663,0.007663,32.1540255,1.13095663
7.664,0.007664,32.1570461,1.13078742
7.665,0.007665,32.1599608,1.13062893
7.666,0.007666,32.1628307,1.13047723
7.667,0.007667,32.1657035,1.13034017
7.668,0.007668,32.168555,1.13021973
7.669,0.007669,32.1714492,1.1300934
7.67,0.00767,32.1743587,1.12995201
7.671,0.007671,32.1772567,1.12981015
7.672,0.007672,32.1801357,1.12966533
7.673,0.007673,32.182947,1.12952424
7.674,0.007674,32.1856495,1.12938855
7.675,0.007675,32.1883763,1.12926759
7.676,0.007676,32.1911773,1.12914487
7.677,0.007677,32.1940863,1.12900569
7.678,0.007678,32.1970186,1.12884838
7.679,0.007679,32.1998218,1.12868761
7.68,0.00768,32.2025568,1.12853398
7.681,0.007681,32.2052414,1.12838295
7.682,0.007682,32.2078797,1.1282247
7.683,0.007683,32.210496,1.12806426
7.684,0.007684,32.213104,1.12789934
7.685,0.007685,32.215726,1.12774719
7.686,0.007686,32.2183723,1.12758145
7.687,0.007687,32.2210085,1.12741829
7.688,0.007688,32.2236015,1.12725782
7.689,0.007689,32.2262861,1.12711177
7.69,0.00769,32.2290314,1.12697316
7.691,0.007691,32.2318215,1.12684398
7.692,0.007692,32.2345883,1.12673307
7.693,0.007693,32.2373559,1.12663297
7.694,0.007694,32.2401586,1.12654228
7.695,0.007695,32.2429808,1.12645367
7.696,0.007696,32.2457801,1.12635934
7.697,0.007697,32.2485344,1.12624075
7.698,0.007698,32.2512807,1.12609429
7.699,0.007699,32.2540101,1.12595282
7.7,0.0077,32.2566816,1.12580746
7.701,0.007701,32.2592541,1.1256739
7.702,0.007702,32.2617255,1.12553973
7.703,0.007703,32.2641849,1.12540383
7.704,0.007704,32.2666201,1.12526251
7.705,0.007705,32.2690205,1.12512209
7.706,0.007706,32.2714461,1.1249677
7.707,0.007707,32.2739445,1.12482082
7.708,0.007708,32.2764563,1.12467201
7.709,0.007709,32.278957,1.12452245
7.71,0.00771,32.2813936,1.12437866
7.711,0.007711,32.2837857,1.12424564
7.712,0.007712,32.2861591,1.12411366
7.713,0.007713,32.2884954,1.12399024
7.714,0.007714,32.2907835,1.12387932
7.715,0.007715,32.2930631,1.12377615
7.716,0.007716,32.295384,1.12368515
7.717,0.007717,32.2976635,1.12359956
7.718,0.007718,32.2998571,1.12351468
7.719,0.007719,32.3019883,1.123429
7.72,0.00772,32.3040317,1.12332691
7.721,0.007721,32.3060286,1.12320875
7.722,0.007722,32.3080196,1.12309141
7.723,0.007723,32.309918,1.1229597
7.724,0.007724,32.3117463,1.12280407
7.725,0.007725,32.3135857,1.12265227
7.726,0.007726,32.3153846,1.12249667
7.727,0.007727,32.3171759,1.12233917
7.728,0.007728,32.3189737,1.12218045
7.729,0.007729,32.3207234,1.12202711
7.73,0.00773,32.3224873,1.12186589
7.731,0.007731,32.3242623,1.12169459
7.732,0.007732,32.3260171,1.12150886
7.733,0.007733,32.3278138,1.12131734
7.734,0.007734,32.3295439,1.12113398
7.735,0.007735,32.3311593,1.12095194
7.736,0.007736,32.3327417,1.12077792
7.737,0.007737,32.3343571,1.12061415
7.738,0.007738,32.3359578,1.12046927
7.739,0.007739,32.3375927,1.12032639
7.74,0.00774,32.3392157,1.12020135
7.741,0.007741,32.3408434,1.12008593
7.742,0.007742,32.3424819,1.11997947
7.743,0.007743,32.3441848,1.11987002
7.744,0.007744,32.3459214,1.11975451
7.745,0.007745,32.3477554,1.11963545
7.746,0.007746,32.3495858,1.11950835
7.747,0.007747,32.3514595,1.11939066
7.748,0.007748,32.3532777,1.11928789
7.749,0.007749,32.3550908,1.11918339
7.75,0.00775,32.3569249,1.11906963
7.751,0.007751,32.3588644,1.11894849
7.752,0.007752,32.3607192,1.1188322
7.753,0.007753,32.3625665,1.11872415
7.754,0.007754,32.3644142,1.11861485
7.755,0.007755,32.366384,1.11851778
7.756,0.007756,32.368404,1.11842012
7.757,0.007757,32.3704338,1.11833555
7.758,0.007758,32.3724709,1.1182849
7.759,0.007759,32.3744642,1.11823477
7.76,0.00776,32.3764293,1.11818309
7.761,0.007761,32.3783139,1.11811913
7.762,0.007762,32.3801722,1.1180482
7.763,0.007763,32.3820933,1.1179687
7.764,0.007764,32.3840684,1.11789364
7.765,0.007765,32.3860551,1.11782047
7.766,0.007766,32.388026,1.1177607
7.767,0.007767,32.3899913,1.11771799
7.768,0.007768,32.3919824,1.11770179
7.769,0.007769,32.3939913,1.11771513
7.77,0.00777,32.3960833,1.1177445
7.771,0.007771,32.398283,1.11779725
7.772,0.007772,32.4005722,1.11784147
7.773,0.007773,32.4028416,1.11787279
7.774,0.007774,32.4050419,1.11790854
7.775,0.007775,32.4072217,1.11794387
7.776,0.007776,32.4094561,1.11797264
7.777,0.007777,32.4117374,1.11802295
7.778,0.007778,32.4140289,1.11809388
7.779,0.007779,32.416337,1.11817743
7.78,0.00778,32.4186956,1.11825827
7.781,0.007781,32.4210977,1.11834121
7.782,0.007782,32.4234935,1.11843216
7.783,0.007783,32.4259004,1.11853946
7.784,0.007784,32.4282941,1.11865231
7.785,0.007785,32.4306486,1.11877831
7.786,0.007786,32.4329806,1.11891726
7.787,0.007787,32.435311,1.11906294
7.788,0.007788,32.4376747,1.11919469
7.789,0.007789,32.4400122,1.11931732
7.79,0.00779,32.4424183,1.11943885
7.791,0.007791,32.4448427,1.11955397
7.792,0.007792,32.4472695,1.11966797
7.793,0.007793,32.449736,1.11977901
7.794,0.007794,32.4522371,1.11990935
7.795,0.007795,32.4547543,1.12005045
7.796,0.007796,32.4572949,1.12018516
7.797,0.007797,32.4597881,1.12031007
7.798,0.007798,32.462247,1.12043166
7.799,0.007799,32.4646451,1.12056735
7.8,0.0078,32.4670161,1.12071606
7.801,0.007801,32.4692903,1.12086377
7.802,0.007802,32.4715019,1.12101358
7.803,0.007803,32.4736913,1.12114025
7.804,0.007804,32.4758495,1.12125361
7.805,0.007805,32.4779328,1.12137195
7.806,0.007806,32.480052,1.12149946
7.807,0.007807,32.4821762,1.12162976
7.808,0.007808,32.4842912,1.12175019
7.809,0.007809,32.4863159,1.12187826
7.81,0.00781,32.4883348,1.12200833
7.811,0.007811,32.4904063,1.12213926
7.812,0.007812,32.4924834,1.12229611
7.813,0.007813,32.4945455,1.12245649
7.814,0.007814,32.4966253,1.12262297
7.815,0.007815,32.4987534,1.12278622
7.816,0.007816,32.5009394,1.12292842
7.817,0.007817,32.5031218,1.12305597
7.818,0.007818,32.5051969,1.12318613
7.819,0.007819,32.5071053,1.1233016
7.82,0.00782,32.5089508,1.1233974
7.821,0.007821,32.5108554,1.12346848
7.822,0.007822,32.51284,1.12354595
7.823,0.007823,32.5149223,1.12365418
7.824,0.007824,32.5170101,1.12379938
7.825,0.007825,32.5191598,1.12395174
7.826,0.007826,32.5213361,1.12410059
7.827,0.007827,32.5234908,1.12423758
7.828,0.007828,32.5255862,1.12437394
7.829,0.007829,32.5275115,1.12452367
7.83,0.00783,32.5292994,1.12468345
7.831,0.007831,32.5310681,1.12484143
7.832,0.007832,32.5328608,1.12500212
7.833,0.007833,32.5345947,1.12517274
7.834,0.007834,32.5362691,1.12534566
7.835,0.007835,32.5379429,1.12551694
7.836,0.007836,32.5396172,1.12567752
7.837,0.007837,32.541372,1.12582002
7.838,0.007838,32.543086,1.12594898
7.839,0.007839,32.5447748,1.12606971
7.84,0.00784,32.5464747,1.12617828
7.841,0.007841,32.5481319,1.12626181
7.842,0.007842,32.5498232,1.12634857
7.843,0.007843,32.5515344,1.12643125
7.844,0.007844,32.5532173,1.12650688
7.845,0.007845,32.5548645,1.12656729
7.846,0.007846,32.5564214,1.12660975
7.847,0.007847,32.5579574,1.1266315
7.848,0.007848,32.5594447,1.1266411
7.849,0.007849,32.5609149,1.12667465
7.85,0.00785,32.5623643,1.12673632
7.851,0.007851,32.5637834,1.12680173
7.852,0.007852,32.5652321,1.12688048
7.853,0.007853,32.5666622,1.12697323
7.854,0.007854,32.5680499,1.12707211
7.855,0.007855,32.5694005,1.12715948
7.856,0.007856,32.5706789,1.12724559
7.857,0.007857,32.5719213,1.12734695
7.858,0.007858,32.5732368,1.12746645
7.859,0.007859,32.5745742,1.12758505
7.86,0.00786,32.5759764,1.12769521
7.861,0.007861,32.5774671,1.12779726
7.862,0.007862,32.578967,1.12789527
7.863,0.007863,32.580528,1.12797885
7.864,0.007864,32.5821818,1.12803178
7.865,0.007865,32.583908,1.12807873
7.866,0.007866,32.5856883,1.12813194
7.867,0.007867,32.5874568,1.12816906
7.868,0.007868,32.5892823,1.12818115
7.869,0.007869,32.5911345,1.12818709
7.87,0.00787,32.5929915,1.12817298
7.871,0.007871,32.5948242,1.12814163
7.872,0.007872,32.5966859,1.12811615
7.873,0.007873,32.5986682,1.12810395
7.874,0.007874,32.600767,1.12808957
7.875,0.007875,32.6028936,1.12806315
7.876,0.007876,32.6050422,1.12803197
7.877,0.007877,32.607238,1.12798604
7.878,0.007878,32.6094605,1.12794655
7.879,0.007879,32.6116704,1.12791454
7.88,0.00788,32.613817,1.12788445
7.881,0.007881,32.6158976,1.12786398
7.882,0.007882,32.617978,1.1278504
7.883,0.007883,32.6200692,1.12781912
7.884,0.007884,32.6221597,1.12777014
7.885,0.007885,32.6242617,1.12773125
7.886,0.007886,32.6263716,1.12769389
7.887,0.007887,32.6285148,1.12765533
7.888,0.007888,32.6307104,1.12761763
7.889,0.007889,32.6328929,1.12760031
7.89,0.00789,32.6350333,1.12760687
7.891,0.007891,32.6370732,1.12762695
7.892,0.007892,32.6391131,1.12765429
7.893,0.007893,32.6411848,1.12769144
7.894,0.007894,32.6432258,1.12772424
7.895,0.007895,32.645268,1.12773075
7.896,0.007896,32.6472172,1.12772658
7.897,0.007897,32.6491255,1.12771664
7.898,0.007898,32.6511324,1.12770605
7.899,0.007899,32.6532544,1.12771275
7.9,0.0079,32.6554716,1.12772837
7.901,0.007901,32.6577051,1.12776756
7.902,0.007902,32.6599681,1.12780927
7.903,0.007903,32.6622648,1.12784705
7.904,0.007904,32.6645976,1.12787719
7.905,0.007905,32.6669397,1.12792388
7.906,0.007906,32.6692648,1.12797796
7.907,0.007907,32.6715255,1.12804111
7.908,0.007908,32.6737432,1.12807978
7.909,0.007909,32.675954,1.12811603
7.91,0.00791,32.678221,1.12814101
7.911,0.007911,32.6804906,1.12816261
7.912,0.007912,32.6827537,1.1281745
7.913,0.007913,32.6850735,1.12819173
7.914,0.007914,32.6873958,1.12820492
7.915,0.007915,32.6897231,1.12820913
7.916,0.007916,32.6920414,1.12822926
7.917,0.007917,32.6944041,1.12825771
7.918,0.007918,32.6967425,1.12826903
7.919,0.007919,32.6991092,1.12827154
7.92,0.00792,32.7015483,1.12830081
7.921,0.007921,32.7040588,1.12835065
7.922,0.007922,32.7065998,1.12841173
7.923,0.007923,32.7091528,1.12847639
7.924,0.007924,32.7117239,1.12854359
7.925,0.007925,32.7142894,1.12861882
7.926,0.007926,32.7168197,1.12870086
7.927,0.007927,32.7192715,1.12877129
7.928,0.007928,32.7216926,1.12882324
7.929,0.007929,32.7241731,1.12887167
7.93,0.00793,32.7266131,1.12891773
7.931,0.007931,32.7290405,1.12894881
7.932,0.007932,32.731466,1.12896219
7.933,0.007933,32.7338981,1.12896539
7.934,0.007934,32.7363577,1.12897049
7.935,0.007935,32.7387868,1.12897605
7.936,0.007936,32.7411274,1.12898469
7.937,0.007937,32.7434198,1.12900158
7.938,0.007938,32.7457851,1.12902455
7.939,0.007939,32.7481431,1.12904845
7.94,0.00794,32.750424,1.12907859
7.941,0.007941,32.7526779,1.12910293
7.942,0.007942,32.7549918,1.12911443
7.943,0.007943,32.7572429,1.12913093
7.944,0.007944,32.7593919,1.12914652
7.945,0.007945,32.7614583,1.12916537
7.946,0.007946,32.7635525,1.12920505
7.947,0.007947,32.7657347,1.12927331
7.948,0.007948,32.7679099,1.12935743
7.949,0.007949,32.7700615,1.12943518
7.95,0.00795,32.772187,1.12950904
7.951,0.007951,32.7743632,1.1295679
7.952,0.007952,32.7765202,1.12960727
7.953,0.007953,32.7786159,1.12964499
7.954,0.007954,32.7807349,1.12968749
7.955,0.007955,32.7828421,1.12973349
7.956,0.007956,32.7849629,1.12978495
7.957,0.007957,32.7871255,1.1298359
7.958,0.007958,32.7893377,1.12987116
7.959,0.007959,32.7915155,1.12989601
7.96,0.00796,32.7937272,1.12990767
7.961,0.007961,32.7959583,1.12991874
7.962,0.007962,32.7981979,1.12994486
7.963,0.007963,32.8005316,1.12998492
7.964,0.007964,32.8029879,1.13003493
7.965,0.007965,32.8054852,1.13009097
7.966,0.007966,32.8080183,1.13014615
7.967,0.007967,32.8105849,1.13019346
7.968,0.007968,32.8131786,1.13023961
7.969,0.007969,32.8158401,1.13029055
7.97,0.00797,32.818461,1.13034293
7.971,0.007971,32.8210686,1.13039522
7.972,0.007972,32.8236294,1.13045632
7.973,0.007973,32.8261953,1.13051894
7.974,0.007974,32.8287508,1.13059405
7.975,0.007975,32.8312565,1.13069245
7.976,0.007976,32.8338236,1.13079099
7.977,0.007977,32.836353,1.13089066
7.978,0.007978,32.8387838,1.13101867
7.979,0.007979,32.8411516,1.13114172
7.98,0.00798,32.8433472,1.13125277
7.981,0.007981,32.8454242,1.13135805
7.982,0.007982,32.8475239,1.13146163
7.983,0.007983,32.8496312,1.13158428
7.984,0.007984,32.8516912,1.13172935
7.985,0.007985,32.8537424,1.13187117
7.986,0.007986,32.8557992,1.13201876
7.987,0.007987,32.8579037,1.13218553
7.988,0.007988,32.8599999,1.13234905
7.989,0.007989,32.8621862,1.13251467
7.99,0.00799,32.864411,1.1326707
7.991,0.007991,32.8666168,1.13281247
7.992,0.007992,32.8688107,1.13293359
7.993,0.007993,32.8710357,1.1330321
7.994,0.007994,32.8733284,1.13314222
7.995,0.007995,32.8755916,1.13325777
7.996,0.007996,32.8778608,1.13336712
7.997,0.007997,32.88024,1.13347385
7.998,0.007998,32.8826878,1.13357431
7.999,0.007999,32.8851922,1.1336828
8,0.008,32.8876538,1.13379881
8.001,0.008001,32.8900796,1.13392073
8.002,0.008002,32.8924056,1.13406612
8.003,0.008003,32.8946859,1.13421664
8.004,0.008004,32.8969321,1.13438272
8.005,0.008005,32.899206,1.13454337
8.006,0.008006,32.9015351,1.13469783
8.007,0.008007,32.9038785,1.13484819
8.008,0.008008,32.9062006,1.13502596
8.009,0.008009,32.9085487,1.13519983
8.01,0.00801,32.9108571,1.13538331
8.011,0.008011,32.9131812,1.13558056
8.012,0.008012,32.9154945,1.13579693
8.013,0.008013,32.9177766,1.13601791
8.014,0.008014,32.9200106,1.13625215
8.015,0.008015,32.9221976,1.13651209
8.016,0.008016,32.9243613,1.13677624
8.017,0.008017,32.9265527,1.13704888
8.018,0.008018,32.9288387,1.13732087
8.019,0.008019,32.9312139,1.13759467
8.02,0.00802,32.9337777,1.13787202
8.021,0.008021,32.9364364,1.13814411
8.022,0.008022,32.9391567,1.13841728
8.023,0.008023,32.9419495,1.13870806
8.024,0.008024,32.9447703,1.13901317
8.025,0.008025,32.9476304,1.13933287
8.026,0.008026,32.9504953,1.13963613
8.027,0.008027,32.9534068,1.13991965
8.028,0.008028,32.9563422,1.1402006
8.029,0.008029,32.9592353,1.14048193
8.03,0.00803,32.9620525,1.14076016
8.031,0.008031,32.9648504,1.14103288
8.032,0.008032,32.9676791,1.14130107
8.033,0.008033,32.9704986,1.1415711
8.034,0.008034,32.9732533,1.1418453
8.035,0.008035,32.9759712,1.14211678
8.036,0.008036,32.9786568,1.14236299
8.037,0.008037,32.9813266,1.14261099
8.038,0.008038,32.9839043,1.14285584
8.039,0.008039,32.9864311,1.14309425
8.04,0.00804,32.9890422,1.14331185
8.041,0.008041,32.9917042,1.14352674
8.042,0.008042,32.9944425,1.14373883
8.043,0.008043,32.9971732,1.14393822
8.044,0.008044,32.9999156,1.14414662
8.045,0.008045,33.0026041,1.14437478
8.046,0.008046,33.0053331,1.14460812
8.047,0.008047,33.008085,1.14483624
8.048,0.008048,33.0108903,1.14506594
8.049,0.008049,33.0137326,1.14528739
8.05,0.00805,33.0164786,1.14550214
8.051,0.008051,33.01923,1.14571573
8.052,0.008052,33.0219489,1.14594238
8.053,0.008053,33.0246255,1.14619645
8.054,0.008054,33.0272853,1.1464782
8.055,0.008055,33.0299805,1.14677451
8.056,0.008056,33.0326346,1.14708241
8.057,0.008057,33.0352615,1.14738588
8.058,0.008058,33.0379101,1.14769973
8.059,0.008059,33.0406053,1.14802204
8.06,0.00806,33.0433181,1.14835091
8.061,0.008061,33.0461451,1.14868833
8.062,0.008062,33.0490369,1.14902765
8.063,0.008063,33.0518775,1.14936757
8.064,0.008064,33.0546223,1.14971191
8.065,0.008065,33.0573242,1.15005264
8.066,0.008066,33.0600891,1.15038525
8.067,0.008067,33.0629005,1.15071494
8.068,0.008068,33.0657553,1.15103817
8.069,0.008069,33.0685186,1.15134486
8.07,0.00807,33.0712398,1.1516514
8.071,0.008071,33.0739607,1.15197347
8.072,0.008072,33.0767359,1.15230526
8.073,0.008073,33.0795348,1.15263347
8.074,0.008074,33.0823468,1.1529482
8.075,0.008075,33.085178,1.15326065
8.076,0.008076,33.0880982,1.15357062
8.077,0.008077,33.0909966,1.15386993
8.078,0.008078,33.0938545,1.1541591
8.079,0.008079,33.0966322,1.15444941
8.08,0.00808,33.0993537,1.15474052
8.081,0.008081,33.1019553,1.15502848
8.082,0.008082,33.104493,1.15532058
8.083,0.008083,33.1070454,1.15561766
8.084,0.008084,33.1096423,1.15592248
8.085,0.008085,33.1121725,1.15621921
8.086,0.008086,33.1146338,1.15651164
8.087,0.008087,33.1170944,1.15680741
8.088,0.008088,33.1196128,1.15711678
8.089,0.008089,33.1222218,1.15741892
8.09,0.00809,33.1249218,1.1577268
8.091,0.008091,33.1276995,1.1580394
8.092,0.008092,33.1305274,1.15835782
8.093,0.008093,33.1333563,1.15866809
8.094,0.008094,33.1360843,1.1589857
8.095,0.008095,33.1387379,1.15930927
8.096,0.008096,33.1413865,1.15963311
8.097,0.008097,33.1440417,1.15995955
8.098,0.008098,33.1467497,1.16029308
8.099,0.008099,33.1494295,1.16063369
8.1,0.0081,33.1520325,1.16096846
8.101,0.008101,33.1545273,1.16130046
8.102,0.008102,33.156956,1.16163297
8.103,0.008103,33.1593518,1.16197513
8.104,0.008104,33.1617304,1.16231062
8.105,0.008105,33.1640813,1.16262822
8.106,0.008106,33.1665051,1.16291628
8.107,0.008107,33.168999,1.16319537
8.108,0.008108,33.1715293,1.16347392
8.109,0.008109,33.174062,1.16373991
8.11,0.00811,33.1766559,1.16397209
8.111,0.008111,33.1793066,1.16419469
8.112,0.008112,33.1819922,1.16442145
8.113,0.008113,33.1848,1.16464202
8.114,0.008114,33.1876095,1.16485113
8.115,0.008115,33.190395,1.1650638
8.116,0.008116,33.1932517,1.16528501
8.117,0.008117,33.1961042,1.16551694
8.118,0.008118,33.1988323,1.1657691
8.119,0.008119,33.2015688,1.16604942
8.12,0.00812,33.204383,1.1663433
8.121,0.008121,33.2072831,1.16660442
8.122,0.008122,33.2101535,1.1668412
8.123,0.008123,33.2131118,1.16708274
8.124,0.008124,33.2161082,1.16732753
8.125,0.008125,33.2190714,1.16756412
8.126,0.008126,33.2219399,1.16779667
8.127,0.008127,33.2247058,1.1680294
8.128,0.008128,33.2274477,1.16826935
8.129,0.008129,33.2302052,1.16850383
8.13,0.00813,33.2330072,1.16870569
8.131,0.008131,33.2358088,1.1689063
8.132,0.008132,33.2385373,1.16909548
8.133,0.008133,33.2412085,1.16926586
8.134,0.008134,33.243859,1.16944059
8.135,0.008135,33.246522,1.16962386
8.136,0.008136,33.249223,1.16980628
8.137,0.008137,33.2518906,1.16997769
8.138,0.008138,33.2544935,1.170139
8.139,0.008139,33.2571408,1.17030822
8.14,0.00814,33.2597645,1.17046874
8.141,0.008141,33.2623156,1.17063169
8.142,0.008142,33.2649396,1.17080617
8.143,0.008143,33.2675735,1.17097004
8.144,0.008144,33.2701585,1.1711422
8.145,0.008145,33.2727355,1.17132841
8.146,0.008146,33.2753383,1.17152288
8.147,0.008147,33.2779255,1.17172704
8.148,0.008148,33.2805372,1.17195724
8.149,0.008149,33.2831491,1.17219694
8.15,0.00815,33.2857383,1.17243062
8.151,0.008151,33.2882469,1.1726767
8.152,0.008152,33.2906844,1.17292382
8.153,0.008153,33.2931383,1.17315885
8.154,0.008154,33.2956784,1.17337938
8.155,0.008155,33.2983048,1.17359345
8.156,0.008156,33.3009232,1.17379964
8.157,0.008157,33.3035425,1.17400918
8.158,0.008158,33.3061048,1.17422627
8.159,0.008159,33.3086433,1.17444216
8.16,0.00816,33.3111241,1.17465514
8.161,0.008161,33.3135673,1.17486215
8.162,0.008162,33.3160205,1.1750627
8.163,0.008163,33.3184211,1.17526565
8.164,0.008164,33.3207942,1.17546557
8.165,0.008165,33.3232034,1.17565778
8.166,0.008166,33.3256411,1.1758648
8.167,0.008167,33.3280955,1.17608624
8.168,0.008168,33.3305183,1.17632163
8.169,0.008169,33.3329489,1.1765576
8.17,0.00817,33.3354431,1.17679557
8.171,0.008171,33.3378963,1.17701881
8.172,0.008172,33.3403909,1.17721808
8.173,0.008173,33.3429027,1.17740139
8.174,0.008174,33.3455173,1.17758166
8.175,0.008175,33.3482239,1.17775036
8.176,0.008176,33.3509442,1.17791626
8.177,0.008177,33.3536906,1.17806952
8.178,0.008178,33.3564377,1.1782168
8.179,0.008179,33.3592506,1.17837041
8.18,0.00818,33.3620675,1.17852387
8.181,0.008181,33.3649001,1.17866384
8.182,0.008182,33.3677516,1.17879119
8.183,0.008183,33.3705397,1.17891413
8.184,0.008184,33.3733761,1.1790558
8.185,0.008185,33.3762685,1.17922287
8.186,0.008186,33.3791784,1.17940099
8.187,0.008187,33.3822156,1.17958415
8.188,0.008188,33.3852872,1.17976518
8.189,0.008189,33.3884158,1.17994953
8.19,0.00819,33.3916645,1.18013447
8.191,0.008191,33.3949761,1.18032601
8.192,0.008192,33.3983362,1.18051712
8.193,0.008193,33.4016786,1.18070116
8.194,0.008194,33.404894,1.18088094
8.195,0.008195,33.4080295,1.18105226
8.196,0.008196,33.4112149,1.18121649
8.197,0.008197,33.4143925,1.18140297
8.198,0.008198,33.4175208,1.1815831
8.199,0.008199,33.420599,1.18175454
8.2,0.0082,33.4235895,1.18192299
8.201,0.008201,33.4265712,1.18208883
8.202,0.008202,33.4295966,1.1822479
8.203,0.008203,33.4326357,1.18242268
8.204,0.008204,33.4356656,1.18259423
8.205,0.008205,33.4385847,1.18276631
8.206,0.008206,33.4413912,1.18293401
8.207,0.008207,33.4441203,1.18309513
8.208,0.008208,33.4467873,1.18325251
8.209,0.008209,33.4493559,1.18341604
8.21,0.00821,33.4518566,1.18356776
8.211,0.008211,33.4543005,1.18370955
8.212,0.008212,33.4566967,1.18386148
8.213,0.008213,33.4590312,1.18403208
8.214,0.008214,33.4613245,1.18419418
8.215,0.008215,33.4636268,1.18436221
8.216,0.008216,33.4658981,1.18454622
8.217,0.008217,33.4681966,1.18472365
8.218,0.008218,33.4704804,1.18490509
8.219,0.008219,33.4727236,1.18509392
8.22,0.00822,33.4749537,1.18528207
8.221,0.008221,33.4771794,1.18545891
8.222,0.008222,33.479318,1.18564538
8.223,0.008223,33.4813958,1.18583817
8.224,0.008224,33.4834037,1.18602686
8.225,0.008225,33.4853581,1.18623251
8.226,0.008226,33.4873113,1.18643431
8.227,0.008227,33.4892862,1.18662376
8.228,0.008228,33.4912646,1.18680376
8.229,0.008229,33.4931407,1.18698387
8.23,0.00823,33.4949152,1.18716022
8.231,0.008231,33.4966175,1.18732964
8.232,0.008232,33.498318,1.18751384
8.233,0.008233,33.5000435,1.1876929
8.234,0.008234,33.5017416,1.18788617
8.235,0.008235,33.5033666,1.18810779
8.236,0.008236,33.5050379,1.18834975
8.237,0.008237,33.506756,1.18859728
8.238,0.008238,33.5084978,1.18883835
8.239,0.008239,33.5102159,1.18905136
8.24,0.00824,33.5119322,1.18923672
8.241,0.008241,33.5136851,1.18940896
8.242,0.008242,33.5154458,1.1895588
8.243,0.008243,33.5171671,1.18970505
8.244,0.008244,33.5188716,1.18982935
8.245,0.008245,33.5206339,1.18992771
8.246,0.008246,33.5224256,1.19001218
8.247,0.008247,33.5242152,1.19008803
8.248,0.008248,33.5260579,1.19017371
8.249,0.008249,33.5278868,1.19027821
8.25,0.00825,33.529613,1.19038915
8.251,0.008251,33.5312426,1.19050262
8.252,0.008252,33.5328067,1.19062129
8.253,0.008253,33.5343007,1.19074333
8.254,0.008254,33.5357796,1.19085345
8.255,0.008255,33.5372099,1.1909485
8.256,0.008256,33.5385369,1.19102355
8.257,0.008257,33.5398383,1.19109042
8.258,0.008258,33.5411286,1.19113751
8.259,0.008259,33.5423403,1.19116526
8.26,0.00826,33.5433592,1.19118622
8.261,0.008261,33.5442032,1.19118381
8.262,0.008262,33.5449963,1.19115982
8.263,0.008263,33.5458517,1.19113151
8.264,0.008264,33.5466867,1.19109969
8.265,0.008265,33.5474571,1.1910732
8.266,0.008266,33.5481919,1.19104928
8.267,0.008267,33.5489991,1.19103082
8.268,0.008268,33.5498313,1.19101839
8.269,0.008269,33.5506625,1.19101445
8.27,0.00827,33.5514222,1.19100505
8.271,0.008271,33.552053,1.19099209
8.272,0.008272,33.5525917,1.19096373
8.273,0.008273,33.5531403,1.19093852
8.274,0.008274,33.5537303,1.19089572
8.275,0.008275,33.5544217,1.1908226
8.276,0.008276,33.5551688,1.19074538
8.277,0.008277,33.5560097,1.19066592
8.278,0.008278,33.5568758,1.19060322
8.279,0.008279,33.5577235,1.19056509
8.28,0.00828,33.5586212,1.19055897
8.281,0.008281,33.5595703,1.19059373
8.282,0.008282,33.560445,1.19062648
8.283,0.008283,33.5611671,1.19062921
8.284,0.008284,33.5618087,1.19063194
8.285,0.008285,33.5624003,1.19063502
8.286,0.008286,33.5628921,1.19062932
8.287,0.008287,33.5633459,1.19063047
8.288,0.008288,33.5638106,1.19065494
8.289,0.008289,33.5642206,1.19069942
8.29,0.00829,33.5646212,1.19075015
8.291,0.008291,33.5649687,1.19080899
8.292,0.008292,33.5653794,1.19088046
8.293,0.008293,33.5658737,1.19095683
8.294,0.008294,33.5663882,1.19105128
8.295,0.008295,33.5668819,1.19115474
8.296,0.008296,33.5673725,1.19123533
8.297,0.008297,33.5678391,1.19130204
8.298,0.008298,33.5683581,1.19135316
8.299,0.008299,33.5688383,1.19141508
8.3,0.0083,33.5693355,1.19147784
8.301,0.008301,33.5698878,1.19154615
8.302,0.008302,33.5704432,1.19162003
8.303,0.008303,33.5709805,1.19170148
8.304,0.008304,33.5715207,1.19179512
8.305,0.008305,33.5721535,1.19189438
8.306,0.008306,33.5728562,1.19197749
8.307,0.008307,33.5735661,1.19204794
8.308,0.008308,33.5743082,1.19210519
8.309,0.008309,33.5750154,1.19216593
8.31,0.00831,33.5756478,1.19221543
8.311,0.008311,33.576245,1.19226079
8.312,0.008312,33.5768302,1.19231781
8.313,0.008313,33.5774061,1.19238075
8.314,0.008314,33.5779903,1.19244094
8.315,0.008315,33.578605,1.19249806
8.316,0.008316,33.5792732,1.19256114
8.317,0.008317,33.5799614,1.1926166
8.318,0.008318,33.5806994,1.19266004
8.319,0.008319,33.5814423,1.19269406
8.32,0.00832,33.5821644,1.19274124
8.321,0.008321,33.5828948,1.19278977
8.322,0.008322,33.5837201,1.19283011
8.323,0.008323,33.5846426,1.19287273
8.324,0.008324,33.5856174,1.19292557
8.325,0.008325,33.5867051,1.19297981
8.326,0.008326,33.5879113,1.19303903
8.327,0.008327,33.5890959,1.1930996
8.328,0.008328,33.5902985,1.19314462
8.329,0.008329,33.5915583,1.19318646
8.33,0.00833,33.5928793,1.19325473
8.331,0.008331,33.5942612,1.19330825
8.332,0.008332,33.5956797,1.19335423
8.333,0.008333,33.5970127,1.19338515
8.334,0.008334,33.5983661,1.19339906
8.335,0.008335,33.5997791,1.19342123
8.336,0.008336,33.6011721,1.19344767
8.337,0.008337,33.6025944,1.19347167
8.338,0.008338,33.6040401,1.19347741
8.339,0.008339,33.6054749,1.19346958
8.34,0.00834,33.6069065,1.19345169
8.341,0.008341,33.6083308,1.19344145
8.342,0.008342,33.6098273,1.19342624
8.343,0.008343,33.6113583,1.19340312
8.344,0.008344,33.612838,1.19338285
8.345,0.008345,33.6143047,1.19336597
8.346,0.008346,33.615788,1.19336532
8.347,0.008347,33.6172418,1.19337873
8.348,0.008348,33.6186721,1.19338545
8.349,0.008349,33.620147,1.19341498
8.35,0.00835,33.6216276,1.19346165
8.351,0.008351,33.6231071,1.1935088
8.352,0.008352,33.6245648,1.19356552
8.353,0.008353,33.6260176,1.1936244
8.354,0.008354,33.6275258,1.19369146
8.355,0.008355,33.6290646,1.19376202
8.356,0.008356,33.6305348,1.19383721
8.357,0.008357,33.6319754,1.19391801
8.358,0.008358,33.6334505,1.19401024
8.359,0.008359,33.6349532,1.19409113
8.36,0.00836,33.6364919,1.19415654
8.361,0.008361,33.6380862,1.19422039
8.362,0.008362,33.6397043,1.19429055
8.363,0.008363,33.641302,1.19435335
8.364,0.008364,33.6429512,1.19441089
8.365,0.008365,33.6446277,1.19446573
8.366,0.008366,33.6462798,1.19452723
8.367,0.008367,33.6479517,1.19458553
8.368,0.008368,33.6495769,1.19463753
8.369,0.008369,33.6511918,1.19467807
8.37,0.00837,33.6527354,1.19471731
8.371,0.008371,33.6542391,1.19477653
8.372,0.008372,33.6557233,1.19485786
8.373,0.008373,33.6571854,1.19493881
8.374,0.008374,33.6586043,1.19500726
8.375,0.008375,33.6600355,1.19504914
8.376,0.008376,33.6614804,1.1950852
8.377,0.008377,33.6629368,1.19511094
8.378,0.008378,33.6643161,1.19513442
8.379,0.008379,33.6657225,1.19513655
8.38,0.00838,33.6670475,1.19513253
8.381,0.008381,33.668341,1.19514303
8.382,0.008382,33.6695885,1.19515641
8.383,0.008383,33.6709035,1.19517111
8.384,0.008384,33.6722395,1.19518254
8.385,0.008385,33.6735273,1.19519764
8.386,0.008386,33.6747662,1.19521872
8.387,0.008387,33.6760075,1.19525812
8.388,0.008388,33.6772075,1.19530451
8.389,0.008389,33.6784514,1.19532753
8.39,0.00839,33.6798157,1.19534285
8.391,0.008391,33.6812394,1.19535755
8.392,0.008392,33.6826537,1.19536695
8.393,0.008393,33.6840412,1.19536292
8.394,0.008394,33.6853561,1.19535566
8.395,0.008395,33.6865949,1.19534869
8.396,0.008396,33.6878633,1.19532632
8.397,0.008397,33.6891729,1.19527943
8.398,0.008398,33.6904657,1.19520918
8.399,0.008399,33.6917856,1.19514493
8.4,0.0084,33.6930829,1.19509049
8.401,0.008401,33.6943248,1.19504563
8.402,0.008402,33.6954973,1.19500254
8.403,0.008403,33.6966784,1.1949536
8.404,0.008404,33.6979193,1.19490404
8.405,0.008405,33.6992092,1.19483847
8.406,0.008406,33.7005821,1.19475508
8.407,0.008407,33.7020373,1.19466816
8.408,0.008408,33.7034789,1.19457126
8.409,0.008409,33.7049796,1.1944847
8.41,0.00841,33.7065128,1.1944168
8.411,0.008411,33.7080579,1.19436403
8.412,0.008412,33.7095819,1.19432508
8.413,0.008413,33.7110446,1.19427258
8.414,0.008414,33.7124867,1.19419988
8.415,0.008415,33.7139754,1.19413021
8.416,0.008416,33.7155051,1.19407649
8.417,0.008417,33.7170129,1.19401505
8.418,0.008418,33.7185786,1.19395328
8.419,0.008419,33.720183,1.19390137
8.42,0.00842,33.7217995,1.19385483
8.421,0.008421,33.723424,1.19383077
8.422,0.008422,33.7250861,1.19382452
8.423,0.008423,33.7267847,1.19383083
8.424,0.008424,33.7284127,1.1938315
8.425,0.008425,33.7299056,1.19382245
8.426,0.008426,33.7312493,1.19381422
8.427,0.008427,33.7325895,1.19379906
8.428,0.008428,33.7339355,1.19378094
8.429,0.008429,33.7352603,1.19375059
8.43,0.00843,33.736537,1.19370796
8.431,0.008431,33.7378325,1.19365701
8.432,0.008432,33.7392122,1.19360367
8.433,0.008433,33.7406374,1.19357468
8.434,0.008434,33.7420196,1.19355091
8.435,0.008435,33.7433837,1.19354351
8.436,0.008436,33.7447379,1.19354427
8.437,0.008437,33.7460243,1.19353918
8.438,0.008438,33.747237,1.19352082
8.439,0.008439,33.7483571,1.19349118
8.44,0.00844,33.7494323,1.19347505
8.441,0.008441,33.7504509,1.19347254
8.442,0.008442,33.751417,1.19347825
8.443,0.008443,33.7523234,1.19348585
8.444,0.008444,33.7532383,1.19349709
8.445,0.008445,33.754234,1.19351109
8.446,0.008446,33.7553464,1.19352926
8.447,0.008447,33.7564886,1.19355282
8.448,0.008448,33.7577007,1.19356361
8.449,0.008449,33.7589603,1.19356887
8.45,0.00845,33.7602458,1.19357017
8.451,0.008451,33.7615111,1.19357706
8.452,0.008452,33.7627249,1.19359697
8.453,0.008453,33.7639124,1.19361703
8.454,0.008454,33.7651167,1.19365934
8.455,0.008455,33.7662944,1.19371187
8.456,0.008456,33.7673855,1.19377356
8.457,0.008457,33.7683476,1.19383565
8.458,0.008458,33.7692129,1.19388449
8.459,0.008459,33.7700165,1.1939238
8.46,0.00846,33.7708084,1.1939515
8.461,0.008461,33.7715812,1.19399195
8.462,0.008462,33.7723215,1.19404108
8.463,0.008463,33.7730229,1.19409097
8.464,0.008464,33.773749,1.19415411
8.465,0.008465,33.7744895,1.19424265
8.466,0.008466,33.7752451,1.19431102
8.467,0.008467,33.7760042,1.19436978
8.468,0.008468,33.776663,1.19441068
8.469,0.008469,33.7771718,1.19444409
8.47,0.00847,33.7776389,1.19448853
8.471,0.008471,33.7781431,1.19453227
8.472,0.008472,33.7787486,1.19457149
8.473,0.008473,33.7793907,1.19460172
8.474,0.008474,33.7799975,1.19462717
8.475,0.008475,33.7805722,1.19464943
8.476,0.008476,33.7810926,1.19466257
8.477,0.008477,33.7815846,1.19466556
8.478,0.008478,33.7820378,1.19467237
8.479,0.008479,33.7824368,1.19468328
8.48,0.00848,33.7828186,1.19469627
8.481,0.008481,33.7831945,1.19470749
8.482,0.008482,33.7835379,1.19471426
8.483,0.008483,33.7838646,1.19470263
8.484,0.008484,33.7842246,1.19468731
8.485,0.008485,33.7845443,1.19468504
8.486,0.008486,33.7848244,1.1946585
8.487,0.008487,33.7850427,1.19462723
8.488,0.008488,33.7852062,1.19458642
8.489,0.008489,33.7853021,1.19453712
8.49,0.00849,33.7852508,1.19447964
8.491,0.008491,33.7851887,1.1944324
8.492,0.008492,33.7851687,1.19439377
8.493,0.008493,33.7851633,1.19435039
8.494,0.008494,33.7851439,1.1943001
8.495,0.008495,33.7851268,1.19424631
8.496,0.008496,33.7851228,1.19422497
8.497,0.008497,33.7851532,1.19423846
8.498,0.008498,33.7852667,1.19425792
8.499,0.008499,33.7853812,1.19427072
8.5,0.0085,33.7854867,1.19425105
8.501,0.008501,33.7855544,1.19421526
8.502,0.008502,33.7855749,1.19417121
8.503,0.008503,33.7854757,1.19411273
8.504,0.008504,33.7852832,1.19405697
8.505,0.008505,33.7850535,1.19399083
8.506,0.008506,33.7848887,1.19392896
8.507,0.008507,33.7847184,1.19387326
8.508,0.008508,33.7846062,1.19381625
8.509,0.008509,33.7845754,1.1937664
8.51,0.00851,33.7845379,1.19370312
8.511,0.008511,33.7844596,1.19364815
8.512,0.008512,33.7843945,1.19358903
8.513,0.008513,33.784378,1.19352695
8.514,0.008514,33.7844499,1.19349913
8.515,0.008515,33.784552,1.19349245
8.516,0.008516,33.7846726,1.19350727
8.517,0.008517,33.7847625,1.19351577
8.518,0.008518,33.7847867,1.19351365
8.519,0.008519,33.7847144,1.19350757
8.52,0.00852,33.7845348,1.19348171
8.521,0.008521,33.7843128,1.19345564
8.522,0.008522,33.7841345,1.1934318
8.523,0.008523,33.7839883,1.19341361
8.524,0.008524,33.7838337,1.19339768
8.525,0.008525,33.7836736,1.19338833
8.526,0.008526,33.7835574,1.19337947
8.527,0.008527,33.7834374,1.19337198
8.528,0.008528,33.7832427,1.1933863
8.529,0.008529,33.783063,1.19341971
8.53,0.00853,33.7829722,1.19347599
8.531,0.008531,33.7828533,1.19355225
8.532,0.008532,33.7826418,1.19367199
8.533,0.008533,33.7822989,1.1938066
8.534,0.008534,33.7819544,1.19395465
8.535,0.008535,33.7816013,1.19410546
8.536,0.008536,33.7811774,1.19424122
8.537,0.008537,33.7807027,1.19437389
8.538,0.008538,33.7801772,1.1945071
8.539,0.008539,33.7796253,1.19465392
8.54,0.00854,33.7790858,1.19481856
8.541,0.008541,33.7786058,1.19499545
8.542,0.008542,33.7782015,1.19519049
8.543,0.008543,33.7778298,1.19537656
8.544,0.008544,33.7774907,1.19553847
8.545,0.008545,33.7771476,1.19569672
8.546,0.008546,33.7767548,1.19585956
8.547,0.008547,33.7763172,1.19602081
8.548,0.008548,33.7759171,1.19618366
8.549,0.008549,33.775498,1.1963455
8.55,0.00855,33.7750051,1.19652859
8.551,0.008551,33.774408,1.19673023
8.552,0.008552,33.7736905,1.1969448
8.553,0.008553,33.772928,1.19714378
8.554,0.008554,33.7722315,1.19733295
8.555,0.008555,33.7716186,1.19755142
8.556,0.008556,33.7710937,1.19776846
8.557,0.008557,33.7706053,1.19798461
8.558,0.008558,33.7701462,1.19819925
8.559,0.008559,33.7697198,1.19839402
8.56,0.00856,33.7692763,1.1985738
8.561,0.008561,33.7688388,1.19876741
8.562,0.008562,33.7684081,1.19896813
8.563,0.008563,33.7680245,1.19918108
8.564,0.008564,33.7676761,1.19939947
8.565,0.008565,33.7673327,1.19961
8.566,0.008566,33.7669691,1.1998038
8.567,0.008567,33.7665387,1.19998
8.568,0.008568,33.7660273,1.20013932
8.569,0.008569,33.7654715,1.20026875
8.57,0.00857,33.7648566,1.20038633
8.571,0.008571,33.7642487,1.20050861
8.572,0.008572,33.7635521,1.20063055
8.573,0.008573,33.7628218,1.20076099
8.574,0.008574,33.7620948,1.20090647
8.575,0.008575,33.7614577,1.20105453
8.576,0.008576,33.7608318,1.20120334
8.577,0.008577,33.7602674,1.20135702
8.578,0.008578,33.7597742,1.20151066
8.579,0.008579,33.759178,1.20166419
8.58,0.00858,33.7585486,1.20181704
8.581,0.008581,33.7579886,1.20195347
8.582,0.008582,33.7574722,1.20208286
8.583,0.008583,33.7570029,1.20219869
8.584,0.008584,33.7566553,1.20232072
8.585,0.008585,33.756389,1.20244647
8.586,0.008586,33.7560665,1.20257034
8.587,0.008587,33.7557401,1.20269422
8.588,0.008588,33.7552859,1.20281671
8.589,0.008589,33.7547233,1.20295105
8.59,0.00859,33.754131,1.20308922
8.591,0.008591,33.7536118,1.20321824
8.592,0.008592,33.7531243,1.20335059
8.593,0.008593,33.7526947,1.20348501
8.594,0.008594,33.7523353,1.20362024
8.595,0.008595,33.7520548,1.20375513
8.596,0.008596,33.7517919,1.20389314
8.597,0.008597,33.7516185,1.20406989
8.598,0.008598,33.7515616,1.20427923
8.599,0.008599,33.7515172,1.20447603
8.6,0.0086,33.7514589,1.20467963
8.601,0.008601,33.7513042,1.20490226
8.602,0.008602,33.7510339,1.2051281
8.603,0.008603,33.7507314,1.20536472
8.604,0.008604,33.7504368,1.20560079
8.605,0.008605,33.7502072,1.2058364
8.606,0.008606,33.7499255,1.20607148
8.607,0.008607,33.7496017,1.20630659
8.608,0.008608,33.7491603,1.20655549
8.609,0.008609,33.7487626,1.20682478
8.61,0.00861,33.7483596,1.20712214
8.611,0.008611,33.7478995,1.20743367
8.612,0.008612,33.7473523,1.20774377
8.613,0.008613,33.7467344,1.20805268
8.614,0.008614,33.7460522,1.20834728
8.615,0.008615,33.7453797,1.20863375
8.616,0.008616,33.744732,1.208937
8.617,0.008617,33.7441082,1.20925229
8.618,0.008618,33.7435027,1.20959871
8.619,0.008619,33.742881,1.20994529
8.62,0.00862,33.7422877,1.21026445
8.621,0.008621,33.7417656,1.2105804
8.622,0.008622,33.7412729,1.21089253
8.623,0.008623,33.740808,1.21119831
8.624,0.008624,33.7403476,1.21148947
8.625,0.008625,33.7399132,1.2117702
8.626,0.008626,33.739485,1.21205414
8.627,0.008627,33.7391495,1.21232141
8.628,0.008628,33.738935,1.21257277
8.629,0.008629,33.7387849,1.2128154
8.63,0.00863,33.7387161,1.21304945
8.631,0.008631,33.7386859,1.21328391
8.632,0.008632,33.7386809,1.21350247
8.633,0.008633,33.7387541,1.21372315
8.634,0.008634,33.7388965,1.21395861
8.635,0.008635,33.7390578,1.21419004
8.636,0.008636,33.7392615,1.21442373
8.637,0.008637,33.7394369,1.21466674
8.638,0.008638,33.7395024,1.21489152
8.639,0.008639,33.7394716,1.21510048
8.64,0.00864,33.7393959,1.21529288
8.641,0.008641,33.7392834,1.21548462
8.642,0.008642,33.7390973,1.21566187
8.643,0.008643,33.7389017,1.21584393
8.644,0.008644,33.7387469,1.21602881
8.645,0.008645,33.7386988,1.21619895
8.646,0.008646,33.7386765,1.2163823
8.647,0.008647,33.7386508,1.21657844
8.648,0.008648,33.738696,1.21678402
8.649,0.008649,33.7388875,1.21698551
8.65,0.00865,33.7391288,1.21718833
8.651,0.008651,33.7393799,1.21739043
8.652,0.008652,33.7396067,1.2175768
8.653,0.008653,33.7398851,1.21777477
8.654,0.008654,33.7402622,1.21797343
8.655,0.008655,33.7407197,1.21814959
8.656,0.008656,33.7411394,1.21831419
8.657,0.008657,33.7415077,1.21846472
8.658,0.008658,33.7419671,1.21862522
8.659,0.008659,33.7424145,1.21880708
8.66,0.00866,33.7428162,1.21897921
8.661,0.008661,33.7432049,1.21913809
8.662,0.008662,33.7436158,1.21930017
8.663,0.008663,33.7440369,1.21947038
8.664,0.008664,33.7444677,1.21963774
8.665,0.008665,33.7450183,1.21982344
8.666,0.008666,33.7456423,1.21999328
8.667,0.008667,33.7462389,1.22015142
8.668,0.008668,33.7467719,1.22031045
8.669,0.008669,33.7472526,1.22047697
8.67,0.00867,33.7476313,1.22063413
8.671,0.008671,33.7479763,1.22079182
8.672,0.008672,33.7482904,1.22094083
8.673,0.008673,33.7485544,1.22107569
8.674,0.008674,33.7487559,1.22118879
8.675,0.008675,33.7489701,1.22129813
8.676,0.008676,33.7492129,1.2214052
8.677,0.008677,33.7495261,1.22151753
8.678,0.008678,33.7499151,1.22163138
8.679,0.008679,33.7503012,1.2217544
8.68,0.00868,33.7506553,1.22188864
8.681,0.008681,33.7510064,1.22203463
8.682,0.008682,33.7513909,1.22219904
8.683,0.008683,33.7517312,1.22236819
8.684,0.008684,33.7520597,1.22255563
8.685,0.008685,33.7524716,1.22275292
8.686,0.008686,33.7528937,1.22295262
8.687,0.008687,33.7532881,1.22314493
8.688,0.008688,33.7537043,1.22334667
8.689,0.008689,33.7541639,1.22355227
8.69,0.00869,33.7546784,1.22375352
8.691,0.008691,33.7552561,1.22395969
8.692,0.008692,33.755857,1.22417851
8.693,0.008693,33.7564982,1.22439674
8.694,0.008694,33.7571545,1.22460864
8.695,0.008695,33.757841,1.22481851
8.696,0.008696,33.7585721,1.22502877
8.697,0.008697,33.7592947,1.22522677
8.698,0.008698,33.760055,1.22545409
8.699,0.008699,33.7607768,1.22568919
8.7,0.0087,33.7614648,1.22593331
8.701,0.008701,33.7621263,1.22617672
8.702,0.008702,33.7626823,1.22640112
8.703,0.008703,33.7631677,1.22662399
8.704,0.008704,33.7635336,1.22684639
8.705,0.008705,33.7638092,1.2270623
8.706,0.008706,33.7640463,1.22728023
8.707,0.008707,33.764208,1.22749258
8.708,0.008708,33.7642899,1.2276922
8.709,0.008709,33.7643491,1.22788318
8.71,0.00871,33.7644758,1.22806904
8.711,0.008711,33.7646189,1.22826312
8.712,0.008712,33.7647445,1.22845844
8.713,0.008713,33.7648932,1.22867474
8.714,0.008714,33.7650365,1.22890691
8.715,0.008715,33.7652127,1.22914747
8.716,0.008716,33.7653496,1.22938071
8.717,0.008717,33.7654849,1.22961456
8.718,0.008718,33.7655466,1.22985583
8.719,0.008719,33.7654899,1.23010472
8.72,0.00872,33.7653415,1.23035953
8.721,0.008721,33.7651701,1.23060477
8.722,0.008722,33.7650289,1.23084112
8.723,0.008723,33.7649317,1.23106937
8.724,0.008724,33.7648688,1.23130801
8.725,0.008725,33.764902,1.23157349
8.726,0.008726,33.764992,1.23184154
8.727,0.008727,33.7650756,1.23211184
8.728,0.008728,33.7652249,1.23239317
8.729,0.008729,33.7654082,1.23266556
8.73,0.00873,33.765521,1.23292552
8.731,0.008731,33.7655947,1.23318479
8.732,0.008732,33.7656537,1.23345136
8.733,0.008733,33.7657062,1.23372988
8.734,0.008734,33.7657728,1.23401294
8.735,0.008735,33.7657477,1.23430676
8.736,0.008736,33.7656451,1.23459941
8.737,0.008737,33.7654274,1.23490274
8.738,0.008738,33.765199,1.2352046
8.739,0.008739,33.7649468,1.2355107
8.74,0.00874,33.7647226,1.23582162
8.741,0.008741,33.7646385,1.23612285
8.742,0.008742,33.764596,1.23642314
8.743,0.008743,33.7645288,1.23672142
8.744,0.008744,33.7645235,1.23701766
8.745,0.008745,33.7645127,1.23731496
8.746,0.008746,33.7645021,1.23760823
8.747,0.008747,33.7643728,1.2379048
8.748,0.008748,33.7641724,1.2382118
8.749,0.008749,33.7639488,1.23850494
8.75,0.00875,33.7637086,1.23878282
8.751,0.008751,33.7635207,1.23906508
8.752,0.008752,33.7634207,1.23934755
8.753,0.008753,33.7633584,1.23963481
8.754,0.008754,33.7633136,1.23990803
8.755,0.008755,33.7632871,1.24017339
8.756,0.008756,33.7631384,1.24043634
8.757,0.008757,33.7629236,1.24068714
8.758,0.008758,33.7626649,1.24093993
8.759,0.008759,33.7623945,1.24120377
8.76,0.00876,33.762035,1.24146191
8.761,0.008761,33.7616295,1.24173272
8.762,0.008762,33.7611898,1.24201107
8.763,0.008763,33.7606866,1.24227584
8.764,0.008764,33.7601394,1.24252989
8.765,0.008765,33.7595192,1.24278623
8.766,0.008766,33.7589002,1.24304824
8.767,0.008767,33.7582665,1.24333303
8.768,0.008768,33.7576116,1.24361554
8.769,0.008769,33.7569787,1.24388363
8.77,0.00877,33.7564378,1.24415466
8.771,0.008771,33.7558775,1.24442665
8.772,0.008772,33.755199,1.24472148
8.773,0.008773,33.7543592,1.24500544
8.774,0.008774,33.7534792,1.24528308
8.775,0.008775,33.7526024,1.24555642
8.776,0.008776,33.7517651,1.24582737
8.777,0.008777,33.7509978,1.24610303
8.778,0.008778,33.7502948,1.24637503
8.779,0.008779,33.74962,1.24665647
8.78,0.00878,33.7489851,1.24693245
8.781,0.008781,33.7483881,1.24721177
8.782,0.008782,33.747835,1.24748263
8.783,0.008783,33.7472679,1.2477412
8.784,0.008784,33.7465956,1.24801065
8.785,0.008785,33.7458876,1.24829843
8.786,0.008786,33.7452201,1.24856998
8.787,0.008787,33.7445596,1.24882465
8.788,0.008788,33.7439384,1.2490922
8.789,0.008789,33.7433936,1.24935961
8.79,0.00879,33.7428126,1.24960941
8.791,0.008791,33.7422226,1.24983999
8.792,0.008792,33.7416745,1.25006108
8.793,0.008793,33.7411903,1.25026517
8.794,0.008794,33.740661,1.25046494
8.795,0.008795,33.7401853,1.25066561
8.796,0.008796,33.7396999,1.2508511
8.797,0.008797,33.739173,1.25102334
8.798,0.008798,33.7387476,1.25118302
8.799,0.008799,33.7384119,1.25132733
8.8,0.0088,33.7380534,1.25145356
8.801,0.008801,33.7377088,1.25156465
8.802,0.008802,33.7374301,1.25166756
8.803,0.008803,33.7371838,1.25176533
8.804,0.008804,33.7368714,1.25187105
8.805,0.008805,33.736446,1.25198852
8.806,0.008806,33.7359038,1.25211672
8.807,0.008807,33.7353031,1.25225043
8.808,0.008808,33.7346546,1.25237762
8.809,0.008809,33.7339737,1.25250402
8.81,0.00881,33.7333053,1.25262268
8.811,0.008811,33.732625,1.25274841
8.812,0.008812,33.7318994,1.25286301
8.813,0.008813,33.7312303,1.25298563
8.814,0.008814,33.7306146,1.2531402
8.815,0.008815,33.7299939,1.25330254
8.816,0.008816,33.7293813,1.25347713
8.817,0.008817,33.7287955,1.25365119
8.818,0.008818,33.7282914,1.253822
8.819,0.008819,33.727702,1.25397312
8.82,0.00882,33.7270283,1.25412256
8.821,0.008821,33.7263714,1.25425552
8.822,0.008822,33.7257378,1.25440099
8.823,0.008823,33.7251458,1.25456309
8.824,0.008824,33.7245412,1.25471958
8.825,0.008825,33.7239722,1.25486814
8.826,0.008826,33.7234514,1.25500713
8.827,0.008827,33.7229517,1.25513043
8.828,0.008828,33.7224744,1.25525188
8.829,0.008829,33.7220228,1.25534995
8.83,0.00883,33.721547,1.25544062
8.831,0.008831,33.720981,1.25552366
8.832,0.008832,33.7203792,1.2555833
8.833,0.008833,33.7197962,1.25563986
8.834,0.008834,33.7191629,1.25568348
8.835,0.008835,33.7185812,1.25574678
8.836,0.008836,33.7180667,1.25581206
8.837,0.008837,33.7177177,1.25587429
8.838,0.008838,33.7173576,1.25595592
8.839,0.008839,33.7170108,1.25604182
8.84,0.00884,33.7166979,1.25612434
8.841,0.008841,33.7164144,1.25620447
8.842,0.008842,33.7161277,1.25628093
8.843,0.008843,33.7158328,1.25634332
8.844,0.008844,33.7156112,1.25641075
8.845,0.008845,33.7153948,1.25648063
8.846,0.008846,33.7151503,1.25652884
8.847,0.008847,33.7149349,1.2565823
8.848,0.008848,33.7148013,1.25661936
8.849,0.008849,33.7146064,1.25663331
8.85,0.00885,33.7144094,1.25662955
8.851,0.008851,33.7142142,1.25660807
8.852,0.008852,33.7139814,1.25657858
8.853,0.008853,33.7136793,1.25653957
8.854,0.008854,33.7132132,1.25652426
8.855,0.008855,33.7127959,1.25652639
8.856,0.008856,33.7123875,1.25653407
8.857,0.008857,33.7119745,1.25655189
8.858,0.008858,33.7114527,1.25658219
8.859,0.008859,33.710826,1.25660305
8.86,0.00886,33.7101301,1.25661804
8.861,0.008861,33.709449,1.2566323
8.862,0.008862,33.7087701,1.2566469
8.863,0.008863,33.7081484,1.25666954
8.864,0.008864,33.707554,1.25668271
8.865,0.008865,33.7069757,1.25670157
8.866,0.008866,33.7064311,1.25672146
8.867,0.008867,33.7058839,1.25674596
8.868,0.008868,33.7053353,1.25678955
8.869,0.008869,33.7048619,1.25681056
8.87,0.00887,33.7044638,1.25683172
8.871,0.008871,33.704121,1.25684549
8.872,0.008872,33.7038518,1.25684819
8.873,0.008873,33.7035539,1.25684663
8.874,0.008874,33.7032168,1.25683637
8.875,0.008875,33.7028555,1.25682533
8.876,0.008876,33.7024849,1.25681069
8.877,0.008877,33.702144,1.25679993
8.878,0.008878,33.7017499,1.25676849
8.879,0.008879,33.7014771,1.25673436
8.88,0.00888,33.7011467,1.25671033
8.881,0.008881,33.7007308,1.25669631
8.882,0.008882,33.7002724,1.25668974
8.883,0.008883,33.6998543,1.25670772
8.884,0.008884,33.6994722,1.25671392
8.885,0.008885,33.6991495,1.25672404
8.886,0.008886,33.698888,1.25674803
8.887,0.008887,33.6985838,1.25678034
8.888,0.008888,33.6982498,1.25684434
8.889,0.008889,33.6978819,1.25692646
8.89,0.00889,33.6975249,1.25702276
8.891,0.008891,33.6971974,1.25712441
8.892,0.008892,33.6968362,1.25723572
8.893,0.008893,33.6965188,1.25734675
8.894,0.008894,33.696172,1.2574585
8.895,0.008895,33.6958373,1.25757303
8.896,0.008896,33.695558,1.25770514
8.897,0.008897,33.6953669,1.2578579
8.898,0.008898,33.6951367,1.25801085
8.899,0.008899,33.6947854,1.25816669
8.9,0.0089,33.6943832,1.25831673
8.901,0.008901,33.6939614,1.25843847
8.902,0.008902,33.6935734,1.25854581
8.903,0.008903,33.6932133,1.25866779
8.904,0.008904,33.6929222,1.25878825
8.905,0.008905,33.6925859,1.2588964
8.906,0.008906,33.692204,1.25902059
8.907,0.008907,33.6917961,1.25913985
8.908,0.008908,33.6913624,1.25926095
8.909,0.008909,33.6908878,1.25937786
8.91,0.00891,33.690413,1.25950149
8.911,0.008911,33.6898512,1.25962868
8.912,0.008912,33.6891864,1.25975062
8.913,0.008913,33.6884934,1.25986958
8.914,0.008914,33.6878859,1.25998568
8.915,0.008915,33.6872965,1.26011692
8.916,0.008916,33.6866634,1.26024638
8.917,0.008917,33.6860308,1.26037442
8.918,0.008918,33.6854489,1.26050662
8.919,0.008919,33.6849136,1.26063933
8.92,0.00892,33.6843214,1.26076601
8.921,0.008921,33.6837399,1.26090344
8.922,0.008922,33.6830954,1.26103262
8.923,0.008923,33.6824675,1.26115808
8.924,0.008924,33.6818529,1.26128517
8.925,0.008925,33.6813268,1.26141833
8.926,0.008926,33.6809012,1.26154378
8.927,0.008927,33.6805516,1.26168497
8.928,0.008928,33.6802128,1.26183944
8.929,0.008929,33.6798308,1.26197993
8.93,0.00893,33.6794476,1.26212297
8.931,0.008931,33.6790609,1.2622728
8.932,0.008932,33.6786512,1.26242562
8.933,0.008933,33.6782563,1.26257383
8.934,0.008934,33.6778999,1.2627163
8.935,0.008935,33.6774539,1.26283637
8.936,0.008936,33.6769636,1.26295347
8.937,0.008937,33.6764084,1.26305112
8.938,0.008938,33.6758982,1.26314502
8.939,0.008939,33.6755,1.26324337
8.94,0.00894,33.6751264,1.26334126
8.941,0.008941,33.6747755,1.26343294
8.942,0.008942,33.6744158,1.26350222
8.943,0.008943,33.6739233,1.26358373
8.944,0.008944,33.6733199,1.26366853
8.945,0.008945,33.672657,1.26375107
8.946,0.008946,33.6719191,1.26381617
8.947,0.008947,33.6711571,1.26390276
8.948,0.008948,33.6703459,1.26402193
8.949,0.008949,33.6696184,1.26415296
8.95,0.00895,33.6689021,1.26427023
8.951,0.008951,33.6681325,1.26439126
8.952,0.008952,33.6672181,1.26448962
8.953,0.008953,33.6661868,1.26457443
8.954,0.008954,33.6650469,1.26465505
8.955,0.008955,33.6638281,1.26474066
8.956,0.008956,33.66249,1.26484361
8.957,0.008957,33.6611041,1.26493566
8.958,0.008958,33.6598059,1.26503361
8.959,0.008959,33.6585432,1.26512837
8.96,0.00896,33.6572886,1.26521864
8.961,0.008961,33.6560945,1.26531251
8.962,0.008962,33.6549196,1.26540949
8.963,0.008963,33.6537164,1.26548739
8.964,0.008964,33.6524776,1.26555894
8.965,0.008965,33.6512168,1.26562103
8.966,0.008966,33.6499342,1.26566833
8.967,0.008967,33.6486107,1.2656887
8.968,0.008968,33.6472639,1.26570421
8.969,0.008969,33.6459557,1.26572727
8.97,0.00897,33.6446928,1.26575204
8.971,0.008971,33.6435166,1.26579303
8.972,0.008972,33.6422605,1.26583715
8.973,0.008973,33.6409788,1.2658688
8.974,0.008974,33.6396939,1.2658904
8.975,0.008975,33.638407,1.26589839
8.976,0.008976,33.6371818,1.26591123
8.977,0.008977,33.6359858,1.26593459
8.978,0.008978,33.6348003,1.26598206
8.979,0.008979,33.6336729,1.26604412
8.98,0.00898,33.632513,1.26611237
8.981,0.008981,33.6313186,1.26617343
8.982,0.008982,33.6301633,1.26623416
8.983,0.008983,33.6290714,1.26628483
8.984,0.008984,33.6279087,1.26634082
8.985,0.008985,33.6267419,1.26638201
8.986,0.008986,33.6256333,1.26641886
8.987,0.008987,33.624646,1.26645893
8.988,0.008988,33.6237348,1.26650323
8.989,0.008989,33.622812,1.26655446
8.99,0.00899,33.621885,1.26662316
8.991,0.008991,33.620945,1.26668388
8.992,0.008992,33.6199964,1.26674183
8.993,0.008993,33.6189881,1.26678766
8.994,0.008994,33.6178797,1.26684307
8.995,0.008995,33.6166964,1.26687247
8.996,0.008996,33.6154578,1.26690388
8.997,0.008997,33.6141356,1.2669357
8.998,0.008998,33.6127706,1.26697742
8.999,0.008999,33.611404,1.26702688
9,0.009,33.6100774,1.26707886
9.001,0.009001,33.6087525,1.2671268
9.002,0.009002,33.60746,1.26716372
9.003,0.009003,33.6062033,1.26718786
9.004,0.009004,33.6049676,1.26719683
9.005,0.009005,33.6038418,1.26719201
9.006,0.009006,33.602822,1.26719117
9.007,0.009007,33.6018349,1.26719123
9.008,0.009008,33.6009298,1.26719492
9.009,0.009009,33.6001075,1.26719931
9.01,0.00901,33.5992418,1.26718019
9.011,0.009011,33.5982557,1.26714472
9.012,0.009012,33.5971583,1.26710096
9.013,0.009013,33.5959415,1.26705669
9.014,0.009014,33.5946646,1.26701616
9.015,0.009015,33.5933292,1.26695816
9.016,0.009016,33.5919785,1.26691092
9.017,0.009017,33.5906438,1.26687337
9.018,0.009018,33.5892918,1.26683899
9.019,0.009019,33.587914,1.26682303
9.02,0.00902,33.5866591,1.26681709
9.021,0.009021,33.5854908,1.26682778
9.022,0.009022,33.5843249,1.26685421
9.023,0.009023,33.583155,1.26688698
9.024,0.009024,33.5820318,1.26690984
9.025,0.009025,33.5809529,1.26691872
9.026,0.009026,33.5799105,1.26691537
9.027,0.009027,33.5789372,1.26691423
9.028,0.009028,33.5779336,1.26690863
9.029,0.009029,33.5767853,1.26687391
9.03,0.00903,33.5755611,1.26682842
9.031,0.009031,33.5744003,1.26676051
9.032,0.009032,33.5732514,1.2666698
9.033,0.009033,33.5721417,1.26657922
9.034,0.009034,33.5710488,1.26649591
9.035,0.009035,33.5699169,1.26640984
9.036,0.009036,33.5687705,1.26630945
9.037,0.009037,33.5675042,1.26618942
9.038,0.009038,33.5660946,1.2660998
9.039,0.009039,33.5646101,1.26601014
9.04,0.00904,33.562999,1.26590025
9.041,0.009041,33.5614505,1.2657872
9.042,0.009042,33.5598829,1.26568399
9.043,0.009043,33.5582928,1.26560715
9.044,0.009044,33.556785,1.26554354
9.045,0.009045,33.5554228,1.26549766
9.046,0.009046,33.554142,1.26545135
9.047,0.009047,33.5528341,1.26539291
9.048,0.009048,33.5516259,1.26533906
9.049,0.009049,33.5503808,1.26527205
9.05,0.00905,33.5491785,1.26518809
9.051,0.009051,33.5480068,1.26509021
9.052,0.009052,33.546934,1.26498751
9.053,0.009053,33.5458977,1.26486651
9.054,0.009054,33.5447192,1.2647265
9.055,0.009055,33.5436001,1.26459065
9.056,0.009056,33.5423888,1.26445357
9.057,0.009057,33.5411178,1.26433838
9.058,0.009058,33.5398445,1.26422506
9.059,0.009059,33.5385624,1.26410636
9.06,0.00906,33.5372802,1.26400066
9.061,0.009061,33.5360767,1.2639084
9.062,0.009062,33.534977,1.26382333
9.063,0.009063,33.5339282,1.26372475
9.064,0.009064,33.5329313,1.26363527
9.065,0.009065,33.5319414,1.26354908
9.066,0.009066,33.53094,1.26345716
9.067,0.009067,33.5299175,1.26334991
9.068,0.009068,33.5288876,1.26322193
9.069,0.009069,33.5278656,1.26310169
9.07,0.00907,33.5268308,1.26299423
9.071,0.009071,33.5256971,1.2628818
9.072,0.009072,33.5245916,1.26274741
9.073,0.009073,33.5235378,1.26259264
9.074,0.009074,33.5224695,1.26242564
9.075,0.009075,33.5214645,1.26225551
9.076,0.009076,33.5204589,1.2621059
9.077,0.009077,33.5193548,1.26193839
9.078,0.009078,33.5181169,1.2617716
9.079,0.009079,33.5166851,1.2616247
9.08,0.00908,33.5152483,1.26147846
9.081,0.009081,33.5137791,1.26135079
9.082,0.009082,33.5123057,1.26123481
9.083,0.009083,33.5107676,1.26111808
9.084,0.009084,33.5091569,1.2610082
9.085,0.009085,33.5074694,1.26089269
9.086,0.009086,33.5057776,1.26078861
9.087,0.009087,33.5041074,1.26068374
9.088,0.009088,33.5024391,1.26054581
9.089,0.009089,33.5008701,1.26040817
9.09,0.00909,33.4993926,1.26025562
9.091,0.009091,33.4980095,1.2600718
9.092,0.009092,33.4966472,1.25988202
9.093,0.009093,33.4952865,1.25968032
9.094,0.009094,33.4939873,1.25947663
9.095,0.009095,33.4927931,1.2592575
9.096,0.009096,33.4916924,1.25902556
9.097,0.009097,33.4907823,1.25878279
9.098,0.009098,33.4899968,1.25851591
9.099,0.009099,33.4892836,1.25825485
9.1,0.0091,33.4887776,1.25801214
9.101,0.009101,33.4883621,1.25777105
9.102,0.009102,33.4879201,1.25753042
9.103,0.009103,33.4874903,1.25728103
9.104,0.009104,33.4870241,1.25702243
9.105,0.009105,33.4865875,1.25676712
9.106,0.009106,33.4862608,1.25650898
9.107,0.009107,33.4859927,1.2562389
9.108,0.009108,33.485661,1.25595227
9.109,0.009109,33.4851976,1.2556688
9.11,0.00911,33.4846045,1.25537031
9.111,0.009111,33.4839156,1.25503987
9.112,0.009112,33.4832594,1.25468544
9.113,0.009113,33.4826983,1.25434638
9.114,0.009114,33.4821799,1.25401105
9.115,0.009115,33.4816498,1.25368224
9.116,0.009116,33.4811561,1.25335523
9.117,0.009117,33.4806268,1.25305217
9.118,0.009118,33.4800583,1.25275762
9.119,0.009119,33.4794215,1.2524707
9.12,0.00912,33.4786473,1.25219153
9.121,0.009121,33.4777746,1.25188014
9.122,0.009122,33.4769107,1.25156763
9.123,0.009123,33.4761137,1.25126634
9.124,0.009124,33.475287,1.25095013
9.125,0.009125,33.4745043,1.25061684
9.126,0.009126,33.4738354,1.25028619
9.127,0.009127,33.4731936,1.24995401
9.128,0.009128,33.4725855,1.24961177
9.129,0.009129,33.4718782,1.24925554
9.13,0.00913,33.4711256,1.24888423
9.131,0.009131,33.4703651,1.24849419
9.132,0.009132,33.4695861,1.24808962
9.133,0.009133,33.4688568,1.24769233
9.134,0.009134,33.4681672,1.24732071
9.135,0.009135,33.4675215,1.24696439
9.136,0.009136,33.4668871,1.24663033
9.137,0.009137,33.4663108,1.24630067
9.138,0.009138,33.4656053,1.24596246
9.139,0.009139,33.4648507,1.24564478
9.14,0.00914,33.463998,1.24531337
9.141,0.009141,33.463087,1.24497934
9.142,0.009142,33.4621431,1.24466267
9.143,0.009143,33.4612762,1.2443567
9.144,0.009144,33.4604501,1.24405774
9.145,0.009145,33.4597109,1.24376404
9.146,0.009146,33.4590274,1.24347057
9.147,0.009147,33.4584355,1.24317991
9.148,0.009148,33.4577876,1.24286987
9.149,0.009149,33.4571554,1.2425498
9.15,0.00915,33.4564547,1.24220191
9.151,0.009151,33.4556585,1.2418203
9.152,0.009152,33.4548396,1.2414191
9.153,0.009153,33.4539503,1.24099983
9.154,0.009154,33.4530922,1.24058234
9.155,0.009155,33.4522193,1.24017257
9.156,0.009156,33.4514928,1.23977846
9.157,0.009157,33.4508409,1.23938004
9.158,0.009158,33.4502678,1.23898697
9.159,0.009159,33.4497811,1.23857152
9.16,0.00916,33.4492532,1.23814874
9.161,0.009161,33.4487105,1.23770861
9.162,0.009162,33.4481597,1.23725141
9.163,0.009163,33.4476067,1.23677194
9.164,0.009164,33.4470159,1.23628141
9.165,0.009165,33.4464567,1.23579275
9.166,0.009166,33.4460315,1.23530811
9.167,0.009167,33.4458056,1.23485058
9.168,0.009168,33.4457442,1.23439259
9.169,0.009169,33.445791,1.23392996
9.17,0.00917,33.4459261,1.23347013
9.171,0.009171,33.4460084,1.23301475
9.172,0.009172,33.4459207,1.2325595
9.173,0.009173,33.4457631,1.23211037
9.174,0.009174,33.4455862,1.23167531
9.175,0.009175,33.4453972,1.23125453
9.176,0.009176,33.445181,1.23084612
9.177,0.009177,33.4450263,1.23042427
9.178,0.009178,33.4449472,1.22999779
9.179,0.009179,33.4448979,1.22956391
9.18,0.00918,33.4448251,1.22911856
9.181,0.009181,33.4446787,1.22865524
9.182,0.009182,33.4443866,1.22819415
9.183,0.009183,33.4440119,1.22775043
9.184,0.009184,33.4436973,1.2273188
9.185,0.009185,33.4434094,1.2269018
9.186,0.009186,33.4431974,1.22649856
9.187,0.009187,33.4430623,1.22608991
9.188,0.009188,33.4430138,1.22566775
9.189,0.009189,33.443032,1.2252442
9.19,0.00919,33.4432227,1.22482298
9.191,0.009191,33.4434693,1.22440457
9.192,0.009192,33.4437126,1.22399108
9.193,0.009193,33.4439474,1.22357085
9.194,0.009194,33.4442525,1.22316877
9.195,0.009195,33.4444796,1.22276824
9.196,0.009196,33.4447385,1.22239357
9.197,0.009197,33.4450181,1.2220517
9.198,0.009198,33.4453215,1.22173789
9.199,0.009199,33.4456007,1.22145641
9.2,0.0092,33.4459033,1.22118882
9.201,0.009201,33.4462355,1.22091638
9.202,0.009202,33.4465136,1.22065278
9.203,0.009203,33.4468308,1.22038342
9.204,0.009204,33.4471818,1.22012257
9.205,0.009205,33.4475328,1.21987572
9.206,0.009206,33.44789,1.21963879
9.207,0.009207,33.4482697,1.21940807
9.208,0.009208,33.4486567,1.2191796
9.209,0.009209,33.4490956,1.21897602
9.21,0.00921,33.4495538,1.21876531
9.211,0.009211,33.4500875,1.21856662
9.212,0.009212,33.4506775,1.21838843
9.213,0.009213,33.451331,1.21821978
9.214,0.009214,33.4520077,1.21803732
9.215,0.009215,33.4525897,1.21785012
9.216,0.009216,33.4531536,1.2176505
9.217,0.009217,33.4537564,1.21745634
9.218,0.009218,33.4543782,1.21726168
9.219,0.009219,33.4550161,1.21704669
9.22,0.00922,33.4556846,1.21683896
9.221,0.009221,33.4563316,1.21662715
9.222,0.009222,33.4568738,1.21641849
9.223,0.009223,33.4572991,1.21621429
9.224,0.009224,33.4577119,1.21601782
9.225,0.009225,33.4581945,1.21583998
9.226,0.009226,33.4586602,1.21567021
9.227,0.009227,33.4591245,1.2154992
9.228,0.009228,33.4596175,1.21533003
9.229,0.009229,33.460097,1.21515569
9.23,0.00923,33.4606425,1.21497129
9.231,0.009231,33.4612073,1.21475846
9.232,0.009232,33.4618538,1.21456841
9.233,0.009233,33.4625268,1.21438964
9.234,0.009234,33.4633056,1.21419892
9.235,0.009235,33.4641396,1.21399706
9.236,0.009236,33.4648104,1.21378893
9.237,0.009237,33.4653522,1.21358842
9.238,0.009238,33.4658426,1.2134172
9.239,0.009239,33.4662064,1.21326905
9.24,0.00924,33.4664486,1.21312535
9.241,0.009241,33.4666701,1.21297404
9.242,0.009242,33.4668802,1.21282399
9.243,0.009243,33.467096,1.21269009
9.244,0.009244,33.4672416,1.21256914
9.245,0.009245,33.4674,1.21243479
9.246,0.009246,33.4675433,1.21226169
9.247,0.009247,33.4676973,1.21207054
9.248,0.009248,33.467845,1.21188689
9.249,0.009249,33.4679772,1.21169632
9.25,0.00925,33.4680992,1.21148845
9.251,0.009251,33.4682138,1.21126532
9.252,0.009252,33.4684069,1.21104296
9.253,0.009253,33.4686334,1.21082468
9.254,0.009254,33.4688583,1.2106175
9.255,0.009255,33.4691103,1.21041826
9.256,0.009256,33.4694778,1.21022977
9.257,0.009257,33.4697897,1.21002003
9.258,0.009258,33.4700132,1.20979631
9.259,0.009259,33.4701125,1.20957454
9.26,0.00926,33.4702399,1.20938015
9.261,0.009261,33.4704167,1.20920786
9.262,0.009262,33.470627,1.20904995
9.263,0.009263,33.4708441,1.20890788
9.264,0.009264,33.4709972,1.20875873
9.265,0.009265,33.4711309,1.20862409
9.266,0.009266,33.4712808,1.20848373
9.267,0.009267,33.4714693,1.20835184
9.268,0.009268,33.4716302,1.20822511
9.269,0.009269,33.4717047,1.20808247
9.27,0.00927,33.4717775,1.20793276
9.271,0.009271,33.4719069,1.20780021
9.272,0.009272,33.4720068,1.20767907
9.273,0.009273,33.4720802,1.20758006
9.274,0.009274,33.4721344,1.20749293
9.275,0.009275,33.4721529,1.20744024
9.276,0.009276,33.4722,1.20740927
9.277,0.009277,33.4721454,1.20736524
9.278,0.009278,33.47206,1.2073354
9.279,0.009279,33.4719076,1.20731539
9.28,0.00928,33.471711,1.20730027
9.281,0.009281,33.4715555,1.20728723
9.282,0.009282,33.4714388,1.20725516
9.283,0.009283,33.4713544,1.20720978
9.284,0.009284,33.4712526,1.20716051
9.285,0.009285,33.4712563,1.2071153
9.286,0.009286,33.4713179,1.20705549
9.287,0.009287,33.4713947,1.20701434
9.288,0.009288,33.4715013,1.20699529
9.289,0.009289,33.4715669,1.20697658
9.29,0.00929,33.4715124,1.20694333
9.291,0.009291,33.4714237,1.20689735
9.292,0.009292,33.4713247,1.20683159
9.293,0.009293,33.4712327,1.20676149
9.294,0.009294,33.4711007,1.20669321
9.295,0.009295,33.4710006,1.20664107
9.296,0.009296,33.4709739,1.20659625
9.297,0.009297,33.4710473,1.20655227
9.298,0.009298,33.4710782,1.20650241
9.299,0.009299,33.4711313,1.20646446
9.3,0.0093,33.4712145,1.20644703
9.301,0.009301,33.4712037,1.20643848
9.302,0.009302,33.4712141,1.20645713
9.303,0.009303,33.4713557,1.20648659
9.304,0.009304,33.4715846,1.20653546
9.305,0.009305,33.4717357,1.20659525
9.306,0.009306,33.4718099,1.20667221
9.307,0.009307,33.4716376,1.20673443
9.308,0.009308,33.4713176,1.2067765
9.309,0.009309,33.4709773,1.20681624
9.31,0.00931,33.4706041,1.20684377
9.311,0.009311,33.4701245,1.20685236
9.312,0.009312,33.4696308,1.20683358
9.313,0.009313,33.4692785,1.20682171
9.314,0.009314,33.4689543,1.2068143
9.315,0.009315,33.4686531,1.20681539
9.316,0.009316,33.4683439,1.20681719
9.317,0.009317,33.4680226,1.20681298
9.318,0.009318,33.4677666,1.2068119
9.319,0.009319,33.4675391,1.20681363
9.32,0.00932,33.4672974,1.20682224
9.321,0.009321,33.4671068,1.20681634
9.322,0.009322,33.4670958,1.20679497
9.323,0.009323,33.4672148,1.2067593
9.324,0.009324,33.4673678,1.2067396
9.325,0.009325,33.4675088,1.2067162
9.326,0.009326,33.4676477,1.20668983
9.327,0.009327,33.467838,1.20665659
9.328,0.009328,33.4680907,1.20661194
9.329,0.009329,33.4683037,1.20656005
9.33,0.00933,33.4685196,1.2065226
9.331,0.009331,33.4688312,1.20649204
9.332,0.009332,33.4692386,1.20645292
9.333,0.009333,33.469671,1.2064049
9.334,0.009334,33.4701301,1.20637116
9.335,0.009335,33.4705373,1.206361
9.336,0.009336,33.4709293,1.20636604
9.337,0.009337,33.4713198,1.20635109
9.338,0.009338,33.4717396,1.20632749
9.339,0.009339,33.4720919,1.20630007
9.34,0.00934,33.4723751,1.20625441
9.341,0.009341,33.4726027,1.20618293
9.342,0.009342,33.4729448,1.20609931
9.343,0.009343,33.4733918,1.20601453
9.344,0.009344,33.4739495,1.20593965
9.345,0.009345,33.4744741,1.20587687
9.346,0.009346,33.474988,1.20582213
9.347,0.009347,33.4755736,1.20576502
9.348,0.009348,33.4763299,1.20571636
9.349,0.009349,33.4771211,1.20569012
9.35,0.00935,33.4779372,1.20568138
9.351,0.009351,33.4787279,1.2056807
9.352,0.009352,33.4794759,1.20568285
9.353,0.009353,33.4802948,1.20568537
9.354,0.009354,33.4810435,1.20567058
9.355,0.009355,33.4816754,1.20563592
9.356,0.009356,33.4822615,1.20558069
9.357,0.009357,33.4828015,1.20552135
9.358,0.009358,33.4834377,1.2054666
9.359,0.009359,33.4841435,1.20540626
9.36,0.00936,33.4847767,1.20532594
9.361,0.009361,33.485307,1.20523841
9.362,0.009362,33.4857679,1.2051513
9.363,0.009363,33.4861901,1.20508199
9.364,0.009364,33.4866067,1.20501547
9.365,0.009365,33.4870054,1.20494785
9.366,0.009366,33.4874834,1.20488326
9.367,0.009367,33.4880122,1.20481377
9.368,0.009368,33.4884923,1.20476098
9.369,0.009369,33.4890296,1.20474113
9.37,0.00937,33.489557,1.20473028
9.371,0.009371,33.4900399,1.20474636
9.372,0.009372,33.4905304,1.20478148
9.373,0.009373,33.491059,1.20481968
9.374,0.009374,33.4916138,1.20486327
9.375,0.009375,33.4921386,1.20490129
9.376,0.009376,33.492682,1.20493633
9.377,0.009377,33.4932619,1.20495696
9.378,0.009378,33.4939082,1.20498822
9.379,0.009379,33.4946511,1.20503265
9.38,0.00938,33.4954926,1.20508612
9.381,0.009381,33.4962805,1.2051451
9.382,0.009382,33.4969413,1.20521276
9.383,0.009383,33.4975237,1.20529679
9.384,0.009384,33.4981368,1.20538373
9.385,0.009385,33.4987875,1.20548608
9.386,0.009386,33.4995756,1.2055906
9.387,0.009387,33.5004766,1.2057114
9.388,0.009388,33.5013891,1.20581916
9.389,0.009389,33.5022728,1.20594901
9.39,0.00939,33.5030801,1.20608005
9.391,0.009391,33.5037536,1.20620978
9.392,0.009392,33.5044237,1.20633069
9.393,0.009393,33.5050333,1.20642086
9.394,0.009394,33.5055911,1.20648979
9.395,0.009395,33.5061172,1.2065528
9.396,0.009396,33.5067254,1.20662546
9.397,0.009397,33.507424,1.20669181
9.398,0.009398,33.5081938,1.20675483
9.399,0.009399,33.5089026,1.20678779
9.4,0.0094,33.5095212,1.20681071
9.401,0.009401,33.5101531,1.20685096
9.402,0.009402,33.5107403,1.20689197
9.403,0.009403,33.5112496,1.20690185
9.404,0.009404,33.5117503,1.20690614
9.405,0.009405,33.512211,1.20689765
9.406,0.009406,33.5125869,1.20688065
9.407,0.009407,33.5129653,1.20684084
9.408,0.009408,33.5133312,1.20680857
9.409,0.009409,33.5136638,1.20676981
9.41,0.00941,33.51401,1.20672895
9.411,0.009411,33.5143402,1.20670793
9.412,0.009412,33.5146973,1.20667864
9.413,0.009413,33.5150318,1.20665531
9.414,0.009414,33.5153522,1.20662801
9.415,0.009415,33.5156249,1.20660142
9.416,0.009416,33.5158361,1.20657499
9.417,0.009417,33.5159759,1.20656366
9.418,0.009418,33.5161791,1.20655162
9.419,0.009419,33.5164086,1.20654729
9.42,0.00942,33.5165949,1.20655399
9.421,0.009421,33.5167677,1.2065621
9.422,0.009422,33.5169938,1.20655833
9.423,0.009423,33.5173326,1.20655383
9.424,0.009424,33.5177021,1.20656982
9.425,0.009425,33.518031,1.20659629
9.426,0.009426,33.5183413,1.20661168
9.427,0.009427,33.5185656,1.20663333
9.428,0.009428,33.5188126,1.20667503
9.429,0.009429,33.5191007,1.2067153
9.43,0.00943,33.5194572,1.20676069
9.431,0.009431,33.5198202,1.20679094
9.432,0.009432,33.5201581,1.20678714
9.433,0.009433,33.5205369,1.20679316
9.434,0.009434,33.5209789,1.20679019
9.435,0.009435,33.5214765,1.20676618
9.436,0.009436,33.521999,1.20675221
9.437,0.009437,33.5225079,1.20676126
9.438,0.009438,33.5230061,1.20676453
9.439,0.009439,33.523427,1.20676817
9.44,0.00944,33.5237407,1.20677304
9.441,0.009441,33.5240254,1.20677886
9.442,0.009442,33.5242092,1.20677811
9.443,0.009443,33.5242322,1.20677777
9.444,0.009444,33.5242125,1.20679719
9.445,0.009445,33.5241332,1.20680032
9.446,0.009446,33.5239192,1.20680039
9.447,0.009447,33.5236996,1.20678851
9.448,0.009448,33.523477,1.20676659
9.449,0.009449,33.5232005,1.20673711
9.45,0.00945,33.522865,1.20669139
9.451,0.009451,33.5225367,1.20664258
9.452,0.009452,33.5222513,1.20658784
9.453,0.009453,33.5220208,1.20651393
9.454,0.009454,33.5216852,1.20645233
9.455,0.009455,33.5212378,1.20639114
9.456,0.009456,33.5206305,1.20632158
9.457,0.009457,33.5200027,1.20625996
9.458,0.009458,33.5193639,1.20621511
9.459,0.009459,33.5186134,1.20617012
9.46,0.00946,33.5178621,1.20612587
9.461,0.009461,33.5170334,1.20606222
9.462,0.009462,33.516225,1.20600293
9.463,0.009463,33.5154393,1.20594257
9.464,0.009464,33.5147222,1.20586055
9.465,0.009465,33.5140932,1.20576904
9.466,0.009466,33.5135423,1.2056919
9.467,0.009467,33.5130225,1.2056358
9.468,0.009468,33.5124805,1.20558607
9.469,0.009469,33.5118618,1.20556922
9.47,0.00947,33.5111157,1.20555602
9.471,0.009471,33.5101425,1.20554195
9.472,0.009472,33.5089997,1.20553138
9.473,0.009473,33.5077051,1.20551048
9.474,0.009474,33.5063732,1.20548703
9.475,0.009475,33.5050019,1.20546082
9.476,0.009476,33.5036049,1.20545018
9.477,0.009477,33.5022793,1.20544453
9.478,0.009478,33.5009954,1.20544425
9.479,0.009479,33.4997891,1.20543623
9.48,0.00948,33.498597,1.20543041
9.481,0.009481,33.4973368,1.20541743
9.482,0.009482,33.4959353,1.20538289
9.483,0.009483,33.4944125,1.20531502
9.484,0.009484,33.4928187,1.20524779
9.485,0.009485,33.4912251,1.20519387
9.486,0.009486,33.4896935,1.20514603
9.487,0.009487,33.4882687,1.20512966
9.488,0.009488,33.486845,1.2051289
9.489,0.009489,33.4854984,1.20516447
9.49,0.00949,33.4841834,1.20522588
9.491,0.009491,33.482917,1.20528414
9.492,0.009492,33.4816209,1.20534756
9.493,0.009493,33.480238,1.20541996
9.494,0.009494,33.4788153,1.20549815
9.495,0.009495,33.4774118,1.20555758
9.496,0.009496,33.4760204,1.20561303
9.497,0.009497,33.4746163,1.20566691
9.498,0.009498,33.4732679,1.20572793
9.499,0.009499,33.4719171,1.2058045
9.5,0.0095,33.4706024,1.2058762
9.501,0.009501,33.4693167,1.20592953
9.502,0.009502,33.4679745,1.20596686
9.503,0.009503,33.4666384,1.20600036
9.504,0.009504,33.4652657,1.20604895
9.505,0.009505,33.4638206,1.20610852
9.506,0.009506,33.4623663,1.20617668
9.507,0.009507,33.4609508,1.20623933
9.508,0.009508,33.459717,1.20630172
9.509,0.009509,33.4585492,1.20637941
9.51,0.00951,33.4573099,1.20646455
9.511,0.009511,33.456109,1.20654142
9.512,0.009512,33.4549365,1.20662436
9.513,0.009513,33.4538487,1.20670915
9.514,0.009514,33.4528287,1.20679153
9.515,0.009515,33.4517725,1.20685679
9.516,0.009516,33.4506878,1.20690519
9.517,0.009517,33.449559,1.20694803
9.518,0.009518,33.448471,1.20701879
9.519,0.009519,33.4473769,1.20708868
9.52,0.00952,33.4461876,1.20714055
9.521,0.009521,33.4450362,1.20716732
9.522,0.009522,33.4438914,1.20717028
9.523,0.009523,33.4428012,1.2071513
9.524,0.009524,33.441802,1.20714335
9.525,0.009525,33.4408658,1.20712999
9.526,0.009526,33.4398457,1.20710841
9.527,0.009527,33.4386853,1.20707098
9.528,0.009528,33.4375298,1.20702879
9.529,0.009529,33.4363208,1.20701043
9.53,0.00953,33.4350413,1.20699863
9.531,0.009531,33.4336785,1.20701045
9.532,0.009532,33.4323336,1.2070517
9.533,0.009533,33.4309894,1.20710478
9.534,0.009534,33.4296359,1.20716166
9.535,0.009535,33.4284353,1.20721013
9.536,0.009536,33.4273361,1.20724996
9.537,0.009537,33.4262682,1.20728064
9.538,0.009538,33.4251459,1.20731411
9.539,0.009539,33.4239949,1.20733524
9.54,0.00954,33.4228432,1.20735719
9.541,0.009541,33.4216012,1.20737867
9.542,0.009542,33.4202643,1.20737326
9.543,0.009543,33.4189489,1.20736244
9.544,0.009544,33.4176586,1.20735065
9.545,0.009545,33.4163358,1.20732913
9.546,0.009546,33.4150512,1.20730703
9.547,0.009547,33.4139287,1.20728709
9.548,0.009548,33.412924,1.20728319
9.549,0.009549,33.411939,1.20728449
9.55,0.00955,33.4109302,1.20726872
9.551,0.009551,33.409891,1.2072442
9.552,0.009552,33.4088025,1.20719868
9.553,0.009553,33.4078324,1.2071544
9.554,0.009554,33.4068238,1.20712732
9.555,0.009555,33.4057472,1.20709661
9.556,0.009556,33.4045885,1.207053
9.557,0.009557,33.4033873,1.20699932
9.558,0.009558,33.4021189,1.20693355
9.559,0.009559,33.4008165,1.20688311
9.56,0.00956,33.3994972,1.20683714
9.561,0.009561,33.3981286,1.20679467
9.562,0.009562,33.3966917,1.20674908
9.563,0.009563,33.3952247,1.20667995
9.564,0.009564,33.3937866,1.20660414
9.565,0.009565,33.3924403,1.20651605
9.566,0.009566,33.3910074,1.20642315
9.567,0.009567,33.3895411,1.2063345
9.568,0.009568,33.3881687,1.20624932
9.569,0.009569,33.3868028,1.20616787
9.57,0.00957,33.3854687,1.20609245
9.571,0.009571,33.3841459,1.20603292
9.572,0.009572,33.3828588,1.20599013
9.573,0.009573,33.3815821,1.20595001
9.574,0.009574,33.3803353,1.20589695
9.575,0.009575,33.3790406,1.20583462
9.576,0.009576,33.3777708,1.20577454
9.577,0.009577,33.3766167,1.20572342
9.578,0.009578,33.3755139,1.20570329
9.579,0.009579,33.3743692,1.20569509
9.58,0.00958,33.3732384,1.20568595
9.581,0.009581,33.3721163,1.20566914
9.582,0.009582,33.3710856,1.20565566
9.583,0.009583,33.3700992,1.20567083
9.584,0.009584,33.3690158,1.20568962
9.585,0.009585,33.3678858,1.20573431
9.586,0.009586,33.3666619,1.20576067
9.587,0.009587,33.3654379,1.20575738
9.588,0.009588,33.3642467,1.20573663
9.589,0.009589,33.3630556,1.20570165
9.59,0.00959,33.3618115,1.20567285
9.591,0.009591,33.3605685,1.20565053
9.592,0.009592,33.3592711,1.20564219
9.593,0.009593,33.3578103,1.20565983
9.594,0.009594,33.3562947,1.20568807
9.595,0.009595,33.354717,1.20571307
9.596,0.009596,33.3531462,1.20573728
9.597,0.009597,33.3515687,1.20578304
9.598,0.009598,33.3499859,1.20585799
9.599,0.009599,33.3483668,1.20594554
9.6,0.0096,33.3467172,1.20605271
9.601,0.009601,33.3449164,1.20616711
9.602,0.009602,33.3430973,1.20628334
9.603,0.009603,33.3413738,1.20637958
9.604,0.009604,33.3396562,1.20648404
9.605,0.009605,33.3378633,1.20657556
9.606,0.009606,33.3362359,1.20666506
9.607,0.009607,33.3346673,1.20673963
9.608,0.009608,33.3330792,1.20681575
9.609,0.009609,33.3314965,1.20688612
9.61,0.00961,33.3299442,1.20694775
9.611,0.009611,33.3284593,1.20699646
9.612,0.009612,33.3270248,1.20701702
9.613,0.009613,33.3256481,1.20702219
9.614,0.009614,33.3241827,1.20699101
9.615,0.009615,33.322721,1.20692911
9.616,0.009616,33.3213254,1.20686766
9.617,0.009617,33.3199143,1.20681028
9.618,0.009618,33.3185385,1.20675574
9.619,0.009619,33.3172508,1.20672521
9.62,0.00962,33.3158502,1.20669255
9.621,0.009621,33.31439,1.20666014
9.622,0.009622,33.3128458,1.20660284
9.623,0.009623,33.311219,1.20655245
9.624,0.009624,33.3095731,1.20649777
9.625,0.009625,33.3078709,1.2064264
9.626,0.009626,33.3061831,1.20636229
9.627,0.009627,33.3044492,1.20630268
9.628,0.009628,33.3026238,1.20624619
9.629,0.009629,33.3008175,1.20621523
9.63,0.00963,33.2989921,1.2061849
9.631,0.009631,33.2971556,1.2061386
9.632,0.009632,33.2953571,1.20608782
9.633,0.009633,33.2935582,1.20604057
9.634,0.009634,33.2918217,1.20598126
9.635,0.009635,33.290256,1.20592944
9.636,0.009636,33.288849,1.20588716
9.637,0.009637,33.2875257,1.20583439
9.638,0.009638,33.2861644,1.20578747
9.639,0.009639,33.2848751,1.20572551
9.64,0.00964,33.2836856,1.20563862
9.641,0.009641,33.2825637,1.20553202
9.642,0.009642,33.281536,1.20542123
9.643,0.009643,33.2804944,1.20529128
9.644,0.009644,33.2794415,1.20513699
9.645,0.009645,33.2783939,1.20496206
9.646,0.009646,33.2772278,1.20478128
9.647,0.009647,33.2759993,1.20459053
9.648,0.009648,33.2747303,1.20441164
9.649,0.009649,33.2734453,1.20423927
9.65,0.00965,33.2722328,1.20407976
9.651,0.009651,33.2710952,1.20391666
9.652,0.009652,33.2699795,1.20374801
9.653,0.009653,33.2688358,1.20359701
9.654,0.009654,33.2676211,1.20345055
9.655,0.009655,33.2663956,1.20331335
9.656,0.009656,33.2652397,1.20318748
9.657,0.009657,33.2641082,1.20306851
9.658,0.009658,33.2629635,1.20294725
9.659,0.009659,33.2619126,1.20284643
9.66,0.00966,33.2609382,1.20275447
9.661,0.009661,33.2600322,1.20266035
9.662,0.009662,33.2591995,1.20256787
9.663,0.009663,33.258245,1.20246411
9.664,0.009664,33.2571875,1.20235309
9.665,0.009665,33.2559554,1.20224646
9.666,0.009666,33.2546585,1.20212174
9.667,0.009667,33.2534509,1.20201216
9.668,0.009668,33.2523658,1.20194351
9.669,0.009669,33.2513061,1.20186479
9.67,0.00967,33.2502363,1.20179742
9.671,0.009671,33.2492036,1.20174731
9.672,0.009672,33.2481127,1.20170755
9.673,0.009673,33.2470045,1.20168436
9.674,0.009674,33.2459724,1.20168756
9.675,0.009675,33.2449665,1.20169851
9.676,0.009676,33.2439434,1.20171189
9.677,0.009677,33.2430289,1.20173813
9.678,0.009678,33.2422071,1.2017713
9.679,0.009679,33.2414899,1.20179299
9.68,0.00968,33.2408885,1.201803
9.681,0.009681,33.2403482,1.20178307
9.682,0.009682,33.2398857,1.20177223
9.683,0.009683,33.2394742,1.20177698
9.684,0.009684,33.2391539,1.20176565
9.685,0.009685,33.2389241,1.20174036
9.686,0.009686,33.2387852,1.20169834
9.687,0.009687,33.2386821,1.20164478
9.688,0.009688,33.2385158,1.20158251
9.689,0.009689,33.2383715,1.20153724
9.69,0.00969,33.2382053,1.20149782
9.691,0.009691,33.2380321,1.20148043
9.692,0.009692,33.237887,1.20149606
9.693,0.009693,33.237788,1.20154096
9.694,0.009694,33.2377225,1.20160143
9.695,0.009695,33.2376984,1.20167606
9.696,0.009696,33.2376943,1.20177616
9.697,0.009697,33.2376513,1.20189324
9.698,0.009698,33.2376092,1.20202483
9.699,0.009699,33.2375403,1.20217761
9.7,0.0097,33.2375107,1.20233648
9.701,0.009701,33.2375437,1.20249602
9.702,0.009702,33.2375158,1.20266797
9.703,0.009703,33.2374795,1.20283608
9.704,0.009704,33.2375282,1.2030363
9.705,0.009705,33.2375486,1.20321929
9.706,0.009706,33.2375451,1.20338102
9.707,0.009707,33.23759,1.20353074
9.708,0.009708,33.2376886,1.20368229
9.709,0.009709,33.2378559,1.20382516
9.71,0.00971,33.238108,1.20396704
9.711,0.009711,33.2383147,1.20409974
9.712,0.009712,33.2385231,1.20423471
9.713,0.009713,33.2387064,1.20436465
9.714,0.009714,33.2388599,1.2044939
9.715,0.009715,33.2391325,1.20462726
9.716,0.009716,33.2394958,1.20475276
9.717,0.009717,33.2398693,1.20485368
9.718,0.009718,33.240155,1.20493262
9.719,0.009719,33.2405272,1.20499749
9.72,0.00972,33.2408897,1.20503762
9.721,0.009721,33.2412468,1.20508292
9.722,0.009722,33.2416001,1.20514381
9.723,0.009723,33.2419515,1.20522725
9.724,0.009724,33.2423232,1.20530963
9.725,0.009725,33.2427331,1.20539602
9.726,0.009726,33.2430978,1.20550541
9.727,0.009727,33.2435459,1.2056478
9.728,0.009728,33.2440309,1.20578371
9.729,0.009729,33.2445132,1.20592753
9.73,0.00973,33.2450806,1.20606181
9.731,0.009731,33.2456297,1.20617887
9.732,0.009732,33.2462078,1.20630135
9.733,0.009733,33.2467306,1.20642119
9.734,0.009734,33.2471609,1.20655348
9.735,0.009735,33.2476956,1.20669186
9.736,0.009736,33.2482976,1.20683693
9.737,0.009737,33.2489205,1.2069724
9.738,0.009738,33.2494531,1.20712761
9.739,0.009739,33.249948,1.20728174
9.74,0.00974,33.2503203,1.20738145
9.741,0.009741,33.25064,1.20747584
9.742,0.009742,33.2508999,1.20755841
9.743,0.009743,33.2511395,1.20765151
9.744,0.009744,33.2513559,1.20773586
9.745,0.009745,33.2515628,1.20783503
9.746,0.009746,33.2517418,1.20794771
9.747,0.009747,33.2518322,1.20806785
9.748,0.009748,33.25195,1.20818013
9.749,0.009749,33.2519905,1.20829229
9.75,0.00975,33.2518753,1.20839677
9.751,0.009751,33.2516145,1.20850185
9.752,0.009752,33.2513098,1.20860037
9.753,0.009753,33.251101,1.20871457
9.754,0.009754,33.2509481,1.20883064
9.755,0.009755,33.2507921,1.20895323
9.756,0.009756,33.2506706,1.20911036
9.757,0.009757,33.2506044,1.20928183
9.758,0.009758,33.2504973,1.20945231
9.759,0.009759,33.2503695,1.20963523
9.76,0.00976,33.2502942,1.20980715
9.761,0.009761,33.2502201,1.209992
9.762,0.009762,33.2501522,1.21017363
9.763,0.009763,33.2501314,1.21038365
9.764,0.009764,33.2501766,1.210642
9.765,0.009765,33.2503018,1.21093231
9.766,0.009766,33.2504919,1.21122736
9.767,0.009767,33.250695,1.21153159
9.768,0.009768,33.2508484,1.21185322
9.769,0.009769,33.2510251,1.21218852
9.77,0.00977,33.2511218,1.21250476
9.771,0.009771,33.2511384,1.21283087
9.772,0.009772,33.251113,1.21313352
9.773,0.009773,33.2510514,1.21343528
9.774,0.009774,33.2508569,1.21376147
9.775,0.009775,33.250585,1.21408609
9.776,0.009776,33.250335,1.21439676
9.777,0.009777,33.2501597,1.21471869
9.778,0.009778,33.2499801,1.21504128
9.779,0.009779,33.2498524,1.21536618
9.78,0.00978,33.2497688,1.21568954
9.781,0.009781,33.2497861,1.21601827
9.782,0.009782,33.2498,1.21636025
9.783,0.009783,33.2498384,1.21670436
9.784,0.009784,33.2499132,1.21705709
9.785,0.009785,33.2500439,1.21741289
9.786,0.009786,33.2502202,1.2177544
9.787,0.009787,33.2503712,1.21810666
9.788,0.009788,33.2505183,1.21847715
9.789,0.009789,33.250732,1.21887559
9.79,0.00979,33.2509396,1.21927964
9.791,0.009791,33.2511369,1.21968795
9.792,0.009792,33.2512316,1.22007417
9.793,0.009793,33.2512632,1.22043976
9.794,0.009794,33.251296,1.22081224
9.795,0.009795,33.2511878,1.22117232
9.796,0.009796,33.2510675,1.22152075
9.797,0.009797,33.2509055,1.22186849
9.798,0.009798,33.2507315,1.22220427
9.799,0.009799,33.2505982,1.22252925
9.8,0.0098,33.2506172,1.22285568
9.801,0.009801,33.250731,1.2231828
9.802,0.009802,33.2508158,1.22350779
9.803,0.009803,33.2508791,1.22381437
9.804,0.009804,33.250871,1.22410172
9.805,0.009805,33.2507863,1.22437623
9.806,0.009806,33.2506762,1.22461597
9.807,0.009807,33.2505478,1.22484514
9.808,0.009808,33.2504042,1.22508523
9.809,0.009809,33.250187,1.22534051
9.81,0.00981,33.2499423,1.22562718
9.811,0.009811,33.2498012,1.22590947
9.812,0.009812,33.2497036,1.22618809
9.813,0.009813,33.2495799,1.22645469
9.814,0.009814,33.2495266,1.22670895
9.815,0.009815,33.2495108,1.22697351
9.816,0.009816,33.2495658,1.22726878
9.817,0.009817,33.249747,1.22758235
9.818,0.009818,33.2500224,1.22788579
9.819,0.009819,33.2504313,1.22819937
9.82,0.00982,33.250824,1.22851664
9.821,0.009821,33.2513117,1.22881045
9.822,0.009822,33.251975,1.22913116
9.823,0.009823,33.2527107,1.22946748
9.824,0.009824,33.2535213,1.22981188
9.825,0.009825,33.2544597,1.23014975
9.826,0.009826,33.2554662,1.23048721
9.827,0.009827,33.2565656,1.23083081
9.828,0.009828,33.2577948,1.23118329
9.829,0.009829,33.2589829,1.23152447
9.83,0.00983,33.26014,1.23184604
9.831,0.009831,33.2612794,1.23215954
9.832,0.009832,33.262305,1.23247156
9.833,0.009833,33.2632482,1.23279143
9.834,0.009834,33.2640529,1.23311788
9.835,0.009835,33.2647158,1.23340341
9.836,0.009836,33.2652158,1.23367367
9.837,0.009837,33.2655962,1.23393051
9.838,0.009838,33.2659627,1.23417771
9.839,0.009839,33.2663982,1.23442546
9.84,0.00984,33.2668031,1.23468262
9.841,0.009841,33.2672383,1.23495516
9.842,0.009842,33.2676434,1.23521697
9.843,0.009843,33.2679901,1.23546519
9.844,0.009844,33.2683167,1.23569551
9.845,0.009845,33.2685715,1.23590156
9.846,0.009846,33.2687123,1.23608457
9.847,0.009847,33.2687413,1.23624572
9.848,0.009848,33.2686223,1.23639751
9.849,0.009849,33.2684255,1.23654711
9.85,0.00985,33.2682183,1.23666445
9.851,0.009851,33.2680475,1.23675077
9.852,0.009852,33.2679434,1.23683547
9.853,0.009853,33.267822,1.2369123
9.854,0.009854,33.2676622,1.23696729
9.855,0.009855,33.2674177,1.23700257
9.856,0.009856,33.2671346,1.23703432
9.857,0.009857,33.266775,1.23703986
9.858,0.009858,33.2664768,1.2370453
9.859,0.009859,33.266285,1.23703711
9.86,0.00986,33.2661504,1.23701048
9.861,0.009861,33.2660685,1.23699601
9.862,0.009862,33.2659926,1.23698692
9.863,0.009863,33.265864,1.23698308
9.864,0.009864,33.2656948,1.2369875
9.865,0.009865,33.2656208,1.23700394
9.866,0.009866,33.2654995,1.23701943
9.867,0.009867,33.2652612,1.2370168
9.868,0.009868,33.2649591,1.23700072
9.869,0.009869,33.2646023,1.23697729
9.87,0.00987,33.2641127,1.23696853
9.871,0.009871,33.2634664,1.23695236
9.872,0.009872,33.2627251,1.23693072
9.873,0.009873,33.2619173,1.23690089
9.874,0.009874,33.2610995,1.2368594
9.875,0.009875,33.2602687,1.23684699
9.876,0.009876,33.2593527,1.23683938
9.877,0.009877,33.2584685,1.23682259
9.878,0.009878,33.2576069,1.23680231
9.879,0.009879,33.2567177,1.23680411
9.88,0.00988,33.2556593,1.23681414
9.881,0.009881,33.2544439,1.23680787
9.882,0.009882,33.2530884,1.2367949
9.883,0.009883,33.2517166,1.23677624
9.884,0.009884,33.250361,1.23675741
9.885,0.009885,33.2488827,1.23675631
9.886,0.009886,33.2472901,1.23678408
9.887,0.009887,33.2457414,1.23681357
9.888,0.009888,33.2443507,1.23684851
9.889,0.009889,33.2430464,1.2368877
9.89,0.00989,33.2417732,1.2369357
9.891,0.009891,33.2404693,1.23697923
9.892,0.009892,33.2389939,1.23702818
9.893,0.009893,33.2373925,1.23707464
9.894,0.009894,33.2357777,1.23712139
9.895,0.009895,33.2341412,1.23717362
9.896,0.009896,33.2324436,1.23724462
9.897,0.009897,33.2307451,1.23731316
9.898,0.009898,33.2289624,1.2373677
9.899,0.009899,33.2272476,1.23741677
9.9,0.0099,33.2255588,1.23747593
9.901,0.009901,33.2239049,1.23753064
9.902,0.009902,33.22216,1.23759693
9.903,0.009903,33.220325,1.23767368
9.904,0.009904,33.2184671,1.23776003
9.905,0.009905,33.2165985,1.23786545
9.906,0.009906,33.2146524,1.23796192
9.907,0.009907,33.2127423,1.23805952
9.908,0.009908,33.2107877,1.23815373
9.909,0.009909,33.2086655,1.23823964
9.91,0.00991,33.206603,1.23833472
9.911,0.009911,33.2045519,1.23841308
9.912,0.009912,33.2024154,1.2384708
9.913,0.009913,33.2002298,1.23850595
9.914,0.009914,33.1980894,1.23853387
9.915,0.009915,33.1959983,1.23851855
9.916,0.009916,33.1938956,1.23848097
9.917,0.009917,33.1918173,1.23846078
9.918,0.009918,33.1896787,1.23844745
9.919,0.009919,33.1875636,1.23843576
9.92,0.00992,33.1854219,1.23842493
9.921,0.009921,33.1831705,1.23841239
9.922,0.009922,33.180913,1.23838215
9.923,0.009923,33.1787053,1.23833971
9.924,0.009924,33.1765171,1.23832658
9.925,0.009925,33.1743505,1.23832789
9.926,0.009926,33.172125,1.23832155
9.927,0.009927,33.1697725,1.23832984
9.928,0.009928,33.1672146,1.2383513
9.929,0.009929,33.1645616,1.23840287
9.93,0.00993,33.16194,1.23846168
9.931,0.009931,33.1593414,1.23851644
9.932,0.009932,33.1567504,1.23856989
9.933,0.009933,33.1541299,1.23859354
9.934,0.009934,33.1515492,1.23859887
9.935,0.009935,33.1490363,1.23863566
9.936,0.009936,33.1465224,1.23865977
9.937,0.009937,33.1439885,1.23866782
9.938,0.009938,33.1414839,1.23866891
9.939,0.009939,33.138931,1.23866074
9.94,0.00994,33.136327,1.23866723
9.941,0.009941,33.1336749,1.23867539
9.942,0.009942,33.1310007,1.23869985
9.943,0.009943,33.1282354,1.23871871
9.944,0.009944,33.1253176,1.2387281
9.945,0.009945,33.1223846,1.23872623
9.946,0.009946,33.1194926,1.23872064
9.947,0.009947,33.1166184,1.23872337
9.948,0.009948,33.1137831,1.23872646
9.949,0.009949,33.1109375,1.23870719
9.95,0.00995,33.1081245,1.23865791
9.951,0.009951,33.1052763,1.23861143
9.952,0.009952,33.1022722,1.23855943
9.953,0.009953,33.0991463,1.23849019
9.954,0.009954,33.0959224,1.23841833
9.955,0.009955,33.0927314,1.23833179
9.956,0.009956,33.0895637,1.23824309
9.957,0.009957,33.0863409,1.23815564
9.958,0.009958,33.0830404,1.23805758
9.959,0.009959,33.0797269,1.23794719
9.96,0.00996,33.0764522,1.23783719
9.961,0.009961,33.0731296,1.23771929
9.962,0.009962,33.0697059,1.23760681
9.963,0.009963,33.0662363,1.23750524
9.964,0.009964,33.0628176,1.23742117
9.965,0.009965,33.0594363,1.23735352
9.966,0.009966,33.0560042,1.23727615
9.967,0.009967,33.0523961,1.23718929
9.968,0.009968,33.0487335,1.23708948
9.969,0.009969,33.045213,1.23701667
9.97,0.00997,33.0418639,1.23693893
9.971,0.009971,33.0386342,1.2368558
9.972,0.009972,33.0353617,1.2367906
9.973,0.009973,33.0320156,1.23675187
9.974,0.009974,33.0286071,1.23672357
9.975,0.009975,33.0250439,1.23669406
9.976,0.009976,33.0213801,1.23665937
9.977,0.009977,33.0176205,1.23663891
9.978,0.009978,33.0138561,1.23664429
9.979,0.009979,33.0101632,1.23669942
9.98,0.00998,33.0064512,1.23680761
9.981,0.009981,33.0027392,1.23694943
9.982,0.009982,32.9989676,1.23709967
9.983,0.009983,32.9950881,1.23724679
9.984,0.009984,32.9910497,1.23737833
9.985,0.009985,32.9869628,1.23753696
9.986,0.009986,32.9829244,1.23768727
9.987,0.009987,32.9789857,1.23785213
9.988,0.009988,32.9749575,1.2380311
9.989,0.009989,32.9709665,1.23822342
9.99,0.00999,32.9669965,1.23840547
9.991,0.009991,32.963081,1.23858447
9.992,0.009992,32.9591079,1.2387761
9.993,0.009993,32.9549311,1.23897111
9.994,0.009994,32.950608,1.23915291
9.995,0.009995,32.9462057,1.23930638
9.996,0.009996,32.9418285,1.23944897
9.997,0.009997,32.9373794,1.23959114
9.998,0.009998,32.9328434,1.23971341
9.999,0.009999,32.9282724,1.23982553
10,0.01,32.9236536,1.23991689
10.001,0.010001,32.9190011,1.23999737
10.002,0.010002,32.9141524,1.24007953
10.003,0.010003,32.9092473,1.24017142
10.004,0.010004,32.9042701,1.24025923
10.005,0.010005,32.8992456,1.24033958
10.006,0.010006,32.8943683,1.24041859
10.007,0.010007,32.8894986,1.24046323
10.008,0.010008,32.8846011,1.24047575
10.009,0.010009,32.8797128,1.24048114
10.01,0.01001,32.8747692,1.24049011
10.011,0.010011,32.8697107,1.24050067
10.012,0.010012,32.8645155,1.24050617
10.013,0.010013,32.8593009,1.2405094
10.014,0.010014,32.8541915,1.24049732
10.015,0.010015,32.8491348,1.24046862
10.016,0.010016,32.8440242,1.24043422
10.017,0.010017,32.8390006,1.24040643
10.018,0.010018,32.8341137,1.2403701
10.019,0.010019,32.8292961,1.24033192
10.02,0.01002,32.8245618,1.24028134
10.021,0.010021,32.8198832,1.24026045
10.022,0.010022,32.8151799,1.240241
10.023,0.010023,32.8104148,1.24022956
10.024,0.010024,32.805554,1.24022377
10.025,0.010025,32.8006681,1.24021308
10.026,0.010026,32.7959646,1.24020962
10.027,0.010027,32.791403,1.24021312
10.028,0.010028,32.7868064,1.24021727
10.029,0.010029,32.7822195,1.24021825
10.03,0.01003,32.7776223,1.24021281
10.031,0.010031,32.7730512,1.24018677
10.032,0.010032,32.7684928,1.24013943
10.033,0.010033,32.7640222,1.24006646
10.034,0.010034,32.7596566,1.23998135
10.035,0.010035,32.7553875,1.2398972
10.036,0.010036,32.7510009,1.23980849
10.037,0.010037,32.7464993,1.23974206
10.038,0.010038,32.741905,1.23968299
10.039,0.010039,32.7372725,1.2396113
10.04,0.01004,32.7325899,1.2395227
10.041,0.010041,32.7279157,1.23946935
10.042,0.010042,32.7232308,1.2394058
10.043,0.010043,32.7185266,1.2393347
10.044,0.010044,32.7138548,1.23925114
10.045,0.010045,32.7091468,1.23918316
10.046,0.010046,32.7044246,1.23913622
10.047,0.010047,32.6997084,1.23908158
10.048,0.010048,32.6950033,1.23903358
10.049,0.010049,32.6903173,1.23897189
10.05,0.01005,32.6856084,1.23887812
10.051,0.010051,32.6809118,1.23877912
10.052,0.010052,32.676335,1.23870289
10.053,0.010053,32.6718437,1.23861261
10.054,0.010054,32.6673733,1.23849962
10.055,0.010055,32.6628772,1.23841368
10.056,0.010056,32.6583922,1.23834282
10.057,0.010057,32.6537995,1.23827131
10.058,0.010058,32.6492128,1.2382277
10.059,0.010059,32.6446093,1.23821468
10.06,0.01006,32.6399696,1.23818638
10.061,0.010061,32.6353431,1.23815035
10.062,0.010062,32.6307673,1.23812678
10.063,0.010063,32.6263385,1.23809143
10.064,0.010064,32.6219694,1.23806366
10.065,0.010065,32.6177215,1.23804282
10.066,0.010066,32.6135197,1.2380354
10.067,0.010067,32.6092994,1.23805943
10.068,0.010068,32.6049668,1.23811951
10.069,0.010069,32.6005272,1.23817202
10.07,0.01007,32.596106,1.23822774
10.071,0.010071,32.5918405,1.23831154
10.072,0.010072,32.5876858,1.23838726
10.073,0.010073,32.5835689,1.23844326
10.074,0.010074,32.5794128,1.23846661
10.075,0.010075,32.5751164,1.23845991
10.076,0.010076,32.5706701,1.23843352
10.077,0.010077,32.5662753,1.23841007
10.078,0.010078,32.56193,1.23839336
10.079,0.010079,32.557661,1.23838783
10.08,0.01008,32.5534603,1.23835382
10.081,0.010081,32.5492963,1.23831397
10.082,0.010082,32.5451656,1.238277
10.083,0.010083,32.5409854,1.23824866
10.084,0.010084,32.5367313,1.23820716
10.085,0.010085,32.5324563,1.23814449
10.086,0.010086,32.5281526,1.23807695
10.087,0.010087,32.5237812,1.23801317
10.088,0.010088,32.5194324,1.23794825
10.089,0.010089,32.5150383,1.23789408
10.09,0.01009,32.510779,1.23785113
10.091,0.010091,32.5065215,1.23782637
10.092,0.010092,32.5021876,1.2378039
10.093,0.010093,32.4978624,1.237772
10.094,0.010094,32.4936019,1.23774526
10.095,0.010095,32.4894368,1.2377105
10.096,0.010096,32.4853496,1.23768715
10.097,0.010097,32.481224,1.23770876
10.098,0.010098,32.4770402,1.23772574
10.099,0.010099,32.4727743,1.23772532
10.1,0.0101,32.4685805,1.23771992
10.101,0.010101,32.4644816,1.23772524
10.102,0.010102,32.4603419,1.23771651
10.103,0.010103,32.4562351,1.2376955
10.104,0.010104,32.4521497,1.23767301
10.105,0.010105,32.4480503,1.23765302
10.106,0.010106,32.4439858,1.2376375
10.107,0.010107,32.4399839,1.23761202
10.108,0.010108,32.4359109,1.2375793
10.109,0.010109,32.431753,1.23752058
10.11,0.01011,32.4275686,1.23745687
10.111,0.010111,32.4233703,1.23739095
10.112,0.010112,32.4191409,1.23733609
10.113,0.010113,32.4147748,1.2372911
10.114,0.010114,32.4102599,1.23725093
10.115,0.010115,32.4055679,1.23721077
10.116,0.010116,32.4006676,1.23718308
10.117,0.010117,32.3956617,1.23713031
10.118,0.010118,32.3907192,1.23706447
10.119,0.010119,32.3859645,1.2370013
10.12,0.01012,32.3813666,1.23697132
10.121,0.010121,32.3768413,1.236959
10.122,0.010122,32.3723093,1.23695296
10.123,0.010123,32.3676713,1.23696532
10.124,0.010124,32.3629178,1.23699785
10.125,0.010125,32.3581163,1.23702113
10.126,0.010126,32.3533061,1.23706462
10.127,0.010127,32.3485004,1.23710747
10.128,0.010128,32.343709,1.23714174
10.129,0.010129,32.3389529,1.2371786
10.13,0.01013,32.3342767,1.23719664
10.131,0.010131,32.3297306,1.23720529
10.132,0.010132,32.3252151,1.23722151
10.133,0.010133,32.3205786,1.23723788
10.134,0.010134,32.3157456,1.23724468
10.135,0.010135,32.3108663,1.23724826
10.136,0.010136,32.306084,1.23724122
10.137,0.010137,32.3014001,1.23721812
10.138,0.010138,32.2967517,1.23719525
10.139,0.010139,32.2919895,1.23716652
10.14,0.01014,32.2871652,1.23713668
10.141,0.010141,32.2822291,1.23711084
10.142,0.010142,32.2772184,1.23710788
10.143,0.010143,32.2720719,1.23710622
10.144,0.010144,32.266903,1.23708568
10.145,0.010145,32.2617834,1.23707774
10.146,0.010146,32.2567963,1.23708615
10.147,0.010147,32.2519535,1.23708594
10.148,0.010148,32.2472226,1.23707588
10.149,0.010149,32.2424717,1.23702641
10.15,0.01015,32.23769,1.23696603
10.151,0.010151,32.2329041,1.23692205
10.152,0.010152,32.2281302,1.23689843
10.153,0.010153,32.2231852,1.23690131
10.154,0.010154,32.2181413,1.23689349
10.155,0.010155,32.2132274,1.2369038
10.156,0.010156,32.2083444,1.23690897
10.157,0.010157,32.2034761,1.23688724
10.158,0.010158,32.198659,1.23684164
10.159,0.010159,32.1939126,1.23680484
10.16,0.01016,32.1892806,1.2367918
10.161,0.010161,32.1846733,1.23678945
10.162,0.010162,32.1801526,1.23678314
10.163,0.010163,32.1756129,1.23677949
10.164,0.010164,32.1711094,1.23677537
10.165,0.010165,32.1667409,1.23680061
10.166,0.010166,32.1624311,1.23684207
10.167,0.010167,32.158159,1.23687957
10.168,0.010168,32.1539808,1.23692916
10.169,0.010169,32.1498836,1.23699312
10.17,0.01017,32.1459106,1.23705674
10.171,0.010171,32.1420819,1.23712068
10.172,0.010172,32.138324,1.23718472
10.173,0.010173,32.1346511,1.23723816
10.174,0.010174,32.1309741,1.23727743
10.175,0.010175,32.1273243,1.23731501
10.176,0.010176,32.123708,1.23736415
10.177,0.010177,32.1199778,1.23740258
10.178,0.010178,32.1162117,1.23742027
10.179,0.010179,32.1124509,1.23744173
10.18,0.01018,32.1087158,1.23746796
10.181,0.010181,32.1051298,1.23750551
10.182,0.010182,32.1016435,1.23755801
10.183,0.010183,32.0981075,1.23760704
10.184,0.010184,32.0946619,1.23767298
10.185,0.010185,32.0913361,1.23775224
10.186,0.010186,32.0879068,1.23782704
10.187,0.010187,32.0843799,1.23789275
10.188,0.010188,32.0807906,1.23793765
10.189,0.010189,32.0772327,1.23799135
10.19,0.01019,32.0737224,1.23805685
10.191,0.010191,32.0701956,1.23814084
10.192,0.010192,32.0666161,1.23821485
10.193,0.010193,32.0630133,1.23829032
10.194,0.010194,32.0593417,1.2383809
10.195,0.010195,32.0555376,1.23848219
10.196,0.010196,32.0515391,1.2385813
10.197,0.010197,32.0474071,1.2386884
10.198,0.010198,32.0431613,1.23879752
10.199,0.010199,32.0387541,1.2389005
10.2,0.0102,32.0343841,1.2390033
10.201,0.010201,32.030007,1.23912867
10.202,0.010202,32.0255968,1.23923945
10.203,0.010203,32.0211897,1.23937319
10.204,0.010204,32.0166895,1.23951625
10.205,0.010205,32.0122612,1.23966539
10.206,0.010206,32.0077692,1.23981761
10.207,0.010207,32.0032771,1.24000756
10.208,0.010208,31.9987332,1.24020707
10.209,0.010209,31.9941375,1.24042328
10.21,0.01021,31.9895265,1.24062884
10.211,0.010211,31.9849375,1.24081428
10.212,0.010212,31.9803604,1.24103249
10.213,0.010213,31.9758124,1.24125727
10.214,0.010214,31.9712606,1.24147306
10.215,0.010215,31.9667006,1.24167177
10.216,0.010216,31.9621808,1.24188683
10.217,0.010217,31.9575724,1.24213199
10.218,0.010218,31.9528473,1.24240056
10.219,0.010219,31.9480546,1.24268471
10.22,0.01022,31.9432197,1.24296718
10.221,0.010221,31.9383766,1.24327308
10.222,0.010222,31.933555,1.24359757
10.223,0.010223,31.9286631,1.24391499
10.224,0.010224,31.9237912,1.24422933
10.225,0.010225,31.9188933,1.24452384
10.226,0.010226,31.9140816,1.24481052
10.227,0.010227,31.9093163,1.24509685
10.228,0.010228,31.9045091,1.24538319
10.229,0.010229,31.8998211,1.24565942
10.23,0.01023,31.8952066,1.2459207
10.231,0.010231,31.8905786,1.24618324
10.232,0.010232,31.8859852,1.2464383
10.233,0.010233,31.8814879,1.24666593
10.234,0.010234,31.8769091,1.24688397
10.235,0.010235,31.8722511,1.24711384
10.236,0.010236,31.8675695,1.24739066
10.237,0.010237,31.8628222,1.24765401
10.238,0.010238,31.858074,1.24790882
10.239,0.010239,31.8532095,1.24818019
10.24,0.01024,31.8482312,1.24847297
10.241,0.010241,31.8432313,1.24877841
10.242,0.010242,31.8380045,1.24907023
10.243,0.010243,31.8327894,1.24932755
10.244,0.010244,31.8277243,1.24957912
10.245,0.010245,31.8227108,1.24986061
10.246,0.010246,31.8178156,1.25014152
10.247,0.010247,31.8130839,1.25039997
10.248,0.010248,31.8084294,1.25063258
10.249,0.010249,31.8038987,1.25084755
10.25,0.01025,31.7993563,1.2510586
10.251,0.010251,31.7946682,1.25126728
10.252,0.010252,31.7898943,1.25145493
10.253,0.010253,31.7851531,1.25166467
10.254,0.010254,31.7804807,1.25189484
10.255,0.010255,31.7758416,1.25214058
10.256,0.010256,31.7712383,1.2523882
10.257,0.010257,31.7667546,1.25264109
10.258,0.010258,31.7623791,1.25291516
10.259,0.010259,31.7579608,1.25315401
10.26,0.01026,31.7534675,1.25336532
10.261,0.010261,31.7489382,1.25357255
10.262,0.010262,31.7443421,1.253772
10.263,0.010263,31.7397276,1.25397597
10.264,0.010264,31.7350904,1.25420162
10.265,0.010265,31.7304657,1.25443317
10.266,0.010266,31.7259043,1.25466349
10.267,0.010267,31.7215755,1.25490682
10.268,0.010268,31.7172312,1.25518033
10.269,0.010269,31.7128402,1.255483
10.27,0.01027,31.7083775,1.25577951
10.271,0.010271,31.7039639,1.25609508
10.272,0.010272,31.6995635,1.25639776
10.273,0.010273,31.695079,1.25669888
10.274,0.010274,31.6905486,1.25699184
10.275,0.010275,31.6860904,1.25728537
10.276,0.010276,31.6817565,1.25759641
10.277,0.010277,31.6774668,1.25790233
10.278,0.010278,31.6732754,1.25818064
10.279,0.010279,31.6692211,1.25847988
10.28,0.01028,31.6652483,1.25878001
10.281,0.010281,31.6613355,1.25910409
10.282,0.010282,31.6574765,1.25945049
10.283,0.010283,31.6536481,1.25982574
10.284,0.010284,31.6498481,1.26020347
10.285,0.010285,31.6461627,1.26058763
10.286,0.010286,31.642527,1.26096707
10.287,0.010287,31.638928,1.26138709
10.288,0.010288,31.6353656,1.26181668
10.289,0.010289,31.6318053,1.26224595
10.29,0.01029,31.6282629,1.26269749
10.291,0.010291,31.6248299,1.26317843
10.292,0.010292,31.6215105,1.26366465
10.293,0.010293,31.6182473,1.26418122
10.294,0.010294,31.6149653,1.26468996
10.295,0.010295,31.6116906,1.26518209
10.296,0.010296,31.6085013,1.2656745
10.297,0.010297,31.605351,1.26618438
10.298,0.010298,31.6022995,1.26669371
10.299,0.010299,31.5993308,1.26719887
10.3,0.0103,31.5962731,1.26770041
10.301,0.010301,31.5931922,1.2682145
10.302,0.010302,31.5901251,1.26875489
10.303,0.010303,31.5871087,1.269304
10.304,0.010304,31.584051,1.26981949
10.305,0.010305,31.5809398,1.27033259
10.306,0.010306,31.5777791,1.27084406
10.307,0.010307,31.5745532,1.27133695
10.308,0.010308,31.5712247,1.27183639
10.309,0.010309,31.5677847,1.27230312
10.31,0.01031,31.5643731,1.27276465
10.311,0.010311,31.5609654,1.27322475
10.312,0.010312,31.5575795,1.27368448
10.313,0.010313,31.5541615,1.2741428
10.314,0.010314,31.5508365,1.27461175
10.315,0.010315,31.5476728,1.27508522
10.316,0.010316,31.5446433,1.27556163
10.317,0.010317,31.5416822,1.27603691
10.318,0.010318,31.5388173,1.27652914
10.319,0.010319,31.536052,1.27702783
10.32,0.01032,31.5332835,1.2775218
10.321,0.010321,31.5305082,1.27800798
10.322,0.010322,31.5278051,1.27846987
10.323,0.010323,31.5251275,1.27892641
10.324,0.010324,31.52235,1.27937317
10.325,0.010325,31.5193755,1.27981295
10.326,0.010326,31.5164005,1.28025192
10.327,0.010327,31.5136214,1.2806754
10.328,0.010328,31.5109407,1.2810817
10.329,0.010329,31.5083595,1.28149832
10.33,0.01033,31.5059085,1.28190083
10.331,0.010331,31.5034391,1.2823088
10.332,0.010332,31.5010151,1.28271447
10.333,0.010333,31.4985313,1.28312883
10.334,0.010334,31.4959587,1.28353389
10.335,0.010335,31.4934053,1.28394755
10.336,0.010336,31.4908201,1.28435577
10.337,0.010337,31.4883785,1.28476513
10.338,0.010338,31.4861011,1.28515197
10.339,0.010339,31.4838792,1.28552708
10.34,0.01034,31.4818142,1.28590936
10.341,0.010341,31.4798313,1.28631443
10.342,0.010342,31.477952,1.28672361
10.343,0.010343,31.476086,1.28713154
10.344,0.010344,31.4742139,1.28753293
10.345,0.010345,31.4723602,1.2879299
10.346,0.010346,31.4706052,1.28831097
10.347,0.010347,31.4689075,1.28870625
10.348,0.010348,31.4671037,1.28911822
10.349,0.010349,31.4652974,1.2895368
10.35,0.01035,31.4634573,1.28997583
10.351,0.010351,31.461566,1.29042663
10.352,0.010352,31.4596487,1.29086718
10.353,0.010353,31.4577285,1.29130229
10.354,0.010354,31.4558648,1.29175884
10.355,0.010355,31.4539411,1.29224252
10.356,0.010356,31.4520175,1.29274522
10.357,0.010357,31.4501349,1.29325019
10.358,0.010358,31.448297,1.29378794
10.359,0.010359,31.4464909,1.29438294
10.36,0.01036,31.444637,1.29499775
10.361,0.010361,31.442892,1.29560786
10.362,0.010362,31.4413615,1.2962298
10.363,0.010363,31.4399434,1.29684775
10.364,0.010364,31.4384651,1.29750213
10.365,0.010365,31.4368861,1.29819456
10.366,0.010366,31.4351285,1.29888634
10.367,0.010367,31.4332881,1.29956815
10.368,0.010368,31.4314394,1.30025653
10.369,0.010369,31.4295108,1.30094019
10.37,0.01037,31.4275683,1.3016216
10.371,0.010371,31.4256261,1.30226733
10.372,0.010372,31.4237713,1.30288722
10.373,0.010373,31.4219065,1.30351411
10.374,0.010374,31.4199849,1.30413655
10.375,0.010375,31.418042,1.30474708
10.376,0.010376,31.4162155,1.30534353
10.377,0.010377,31.4145687,1.30591294
10.378,0.010378,31.4129793,1.30644176
10.379,0.010379,31.4114127,1.30697414
10.38,0.01038,31.4098374,1.30751308
10.381,0.010381,31.4083282,1.30806603
10.382,0.010382,31.4067069,1.30861904
10.383,0.010383,31.4050519,1.3091959
10.384,0.010384,31.4033592,1.30980169
10.385,0.010385,31.401767,1.31043206
10.386,0.010386,31.400265,1.31107616
10.387,0.010387,31.3988563,1.31171402
10.388,0.010388,31.3975934,1.31235871
10.389,0.010389,31.3963841,1.31299622
10.39,0.01039,31.3951889,1.31361447
10.391,0.010391,31.3940363,1.31420723
10.392,0.010392,31.3928732,1.31477746
10.393,0.010393,31.3917399,1.31535382
10.394,0.010394,31.3906323,1.31591332
10.395,0.010395,31.3896144,1.31645638
10.396,0.010396,31.3886961,1.31701494
10.397,0.010397,31.3878744,1.31755103
10.398,0.010398,31.3870706,1.31808228
10.399,0.010399,31.386118,1.31861517
10.4,0.0104,31.3849778,1.31915992
10.401,0.010401,31.3837412,1.31968958
10.402,0.010402,31.3824474,1.32020112
10.403,0.010403,31.381139,1.32070561
10.404,0.010404,31.3796866,1.32122405
10.405,0.010405,31.3781172,1.32173327
10.406,0.010406,31.3764628,1.32224908
10.407,0.010407,31.374899,1.32276131
10.408,0.010408,31.3734503,1.32327518
10.409,0.010409,31.3721828,1.32376936
10.41,0.01041,31.3710434,1.32426776
10.411,0.010411,31.3700212,1.32478028
10.412,0.010412,31.3690923,1.32530863
10.413,0.010413,31.3680472,1.32585963
10.414,0.010414,31.3670121,1.32640335
10.415,0.010415,31.3659149,1.32692612
10.416,0.010416,31.3647563,1.32743276
10.417,0.010417,31.3635391,1.32794982
10.418,0.010418,31.3622376,1.32847948
10.419,0.010419,31.3609772,1.32900586
10.42,0.01042,31.3597332,1.32951922
10.421,0.010421,31.3585587,1.33003493
10.422,0.010422,31.3574481,1.33054922
10.423,0.010423,31.3563774,1.33105986
10.424,0.010424,31.3554208,1.33155548
10.425,0.010425,31.3545168,1.33203974
10.426,0.010426,31.3535663,1.33250776
10.427,0.010427,31.3524651,1.33297756
10.428,0.010428,31.3511925,1.3334316
10.429,0.010429,31.34983,1.33385996
10.43,0.01043,31.3482902,1.33427395
10.431,0.010431,31.3465749,1.33470484
10.432,0.010432,31.3448032,1.33515603
10.433,0.010433,31.3429652,1.33560496
10.434,0.010434,31.3410881,1.3360268
10.435,0.010435,31.3391991,1.33643384
10.436,0.010436,31.3372272,1.33684853
10.437,0.010437,31.3352674,1.33726139
10.438,0.010438,31.3334261,1.33770205
10.439,0.010439,31.3314906,1.3381476
10.44,0.01044,31.3295445,1.3385684
10.441,0.010441,31.3277877,1.33896083
10.442,0.010442,31.3260768,1.33933717
10.443,0.010443,31.3243053,1.3397174
10.444,0.010444,31.3224658,1.34010709
10.445,0.010445,31.3206235,1.34050987
10.446,0.010446,31.3187173,1.34089957
10.447,0.010447,31.3167987,1.34125854
10.448,0.010448,31.3149537,1.34161019
10.449,0.010449,31.3132022,1.34197063
10.45,0.01045,31.3115049,1.34230584
10.451,0.010451,31.3099133,1.34261114
10.452,0.010452,31.3083806,1.34288268
10.453,0.010453,31.3066653,1.34313233
10.454,0.010454,31.3047984,1.34337043
10.455,0.010455,31.3028292,1.34361106
10.456,0.010456,31.3007598,1.34383372
10.457,0.010457,31.2986349,1.34403249
10.458,0.010458,31.2963299,1.34421946
10.459,0.010459,31.2940302,1.34441291
10.46,0.01046,31.2917783,1.34460501
10.461,0.010461,31.2895328,1.34479064
10.462,0.010462,31.2871514,1.34499266
10.463,0.010463,31.2847037,1.34520918
10.464,0.010464,31.2823105,1.34541417
10.465,0.010465,31.27997,1.34563271
10.466,0.010466,31.2777102,1.34583011
10.467,0.010467,31.2755518,1.34602971
10.468,0.010468,31.2735305,1.3462207
10.469,0.010469,31.2716155,1.34639556
10.47,0.01047,31.269635,1.34656243
10.471,0.010471,31.2674924,1.3467219
10.472,0.010472,31.2651419,1.3468785
10.473,0.010473,31.2626852,1.34702557
10.474,0.010474,31.2602273,1.34716629
10.475,0.010475,31.257734,1.34730394
10.476,0.010476,31.2552761,1.34744626
10.477,0.010477,31.2528031,1.3476403
10.478,0.010478,31.250415,1.34787528
10.479,0.010479,31.2481144,1.34811138
10.48,0.01048,31.2457052,1.34834612
10.481,0.010481,31.2433068,1.3485971
10.482,0.010482,31.2409032,1.3488171
10.483,0.010483,31.238491,1.34902157
10.484,0.010484,31.2361014,1.34922304
10.485,0.010485,31.2338351,1.349421
10.486,0.010486,31.2316292,1.34962069
10.487,0.010487,31.2294907,1.34982554
10.488,0.010488,31.2274804,1.34999841
10.489,0.010489,31.2254319,1.35018486
10.49,0.01049,31.2233577,1.35036869
10.491,0.010491,31.2212245,1.35052409
10.492,0.010492,31.2189693,1.35065353
10.493,0.010493,31.216697,1.35079846
10.494,0.010494,31.2145117,1.35094735
10.495,0.010495,31.2125266,1.35110015
10.496,0.010496,31.2106719,1.35125299
10.497,0.010497,31.2089003,1.35141425
10.498,0.010498,31.2070328,1.35160793
10.499,0.010499,31.2052744,1.35179861
10.5,0.0105,31.2036825,1.35198227
10.501,0.010501,31.2021254,1.35214291
10.502,0.010502,31.2005702,1.35229712
10.503,0.010503,31.1990681,1.35245899
10.504,0.010504,31.197605,1.35263147
10.505,0.010505,31.1961516,1.35281073
10.506,0.010506,31.19481,1.35301973
10.507,0.010507,31.1934448,1.35325624
10.508,0.010508,31.1919959,1.35347559
10.509,0.010509,31.1905184,1.35367995
10.51,0.01051,31.1890128,1.35387971
10.511,0.010511,31.1874179,1.35407977
10.512,0.010512,31.1857098,1.35426042
10.513,0.010513,31.1839204,1.35443618
10.514,0.010514,31.1822033,1.3546092
10.515,0.010515,31.180484,1.35473988
10.516,0.010516,31.1788505,1.354837
10.517,0.010517,31.177375,1.35491249
10.518,0.010518,31.1759556,1.3549885
10.519,0.010519,31.1746551,1.35504044
10.52,0.01052,31.1733273,1.35507314
10.521,0.010521,31.171882,1.35510629
10.522,0.010522,31.1704629,1.35514684
10.523,0.010523,31.1690634,1.35520905
10.524,0.010524,31.1675847,1.35526645
10.525,0.010525,31.1659949,1.35529914
10.526,0.010526,31.1644382,1.35530581
10.527,0.010527,31.1629822,1.35531533
10.528,0.010528,31.1615381,1.3553422
10.529,0.010529,31.1600485,1.35536497
10.53,0.01053,31.1585606,1.35538532
10.531,0.010531,31.1569682,1.35538487
10.532,0.010532,31.155289,1.35536438
10.533,0.010533,31.153527,1.35534047
10.534,0.010534,31.1517284,1.35530257
10.535,0.010535,31.1498751,1.35524857
10.536,0.010536,31.1479715,1.35518712
10.537,0.010537,31.1462278,1.3551066
10.538,0.010538,31.1445538,1.35501485
10.539,0.010539,31.1428736,1.35492905
10.54,0.01054,31.1412187,1.35486226
10.541,0.010541,31.1393981,1.35476639
10.542,0.010542,31.1376143,1.35465573
10.543,0.010543,31.1358881,1.35454814
10.544,0.010544,31.1340768,1.35440798
10.545,0.010545,31.1321191,1.35425567
10.546,0.010546,31.1300477,1.35412355
10.547,0.010547,31.1278425,1.35397719
10.548,0.010548,31.1257326,1.35383957
10.549,0.010549,31.1237526,1.35370383
10.55,0.01055,31.1217968,1.35354411
10.551,0.010551,31.1198274,1.353378
10.552,0.010552,31.1177528,1.35319177
10.553,0.010553,31.1156944,1.35301368
10.554,0.010554,31.1137168,1.35280101
10.555,0.010555,31.1117822,1.35255441
10.556,0.010556,31.109833,1.3522989
10.557,0.010557,31.1079131,1.35201913
10.558,0.010558,31.1058769,1.3517438
10.559,0.010559,31.103865,1.35149154
10.56,0.01056,31.1019167,1.35123452
10.561,0.010561,31.1000094,1.35094886
10.562,0.010562,31.0979176,1.3506249
10.563,0.010563,31.0956736,1.35027819
10.564,0.010564,31.0932979,1.34992637
10.565,0.010565,31.0907248,1.34958157
10.566,0.010566,31.0880751,1.34920813
10.567,0.010567,31.085348,1.34879688
10.568,0.010568,31.0826684,1.34838087
10.569,0.010569,31.0800945,1.34794521
10.57,0.01057,31.0777222,1.34747954
10.571,0.010571,31.0755523,1.34702199
10.572,0.010572,31.0734322,1.34654701
10.573,0.010573,31.0712984,1.34606871
10.574,0.010574,31.069289,1.34560653
10.575,0.010575,31.0672906,1.34514832
10.576,0.010576,31.0652409,1.3446906
10.577,0.010577,31.0631993,1.34424521
10.578,0.010578,31.0611921,1.34380903
10.579,0.010579,31.059144,1.34337715
10.58,0.01058,31.0570102,1.34294571
10.581,0.010581,31.0547422,1.34251298
10.582,0.010582,31.0525484,1.34205767
10.583,0.010583,31.0504012,1.34158593
10.584,0.010584,31.0482852,1.34111128
10.585,0.010585,31.0461818,1.34062988
10.586,0.010586,31.0440651,1.34013651
10.587,0.010587,31.0418959,1.3396295
10.588,0.010588,31.0398873,1.33912128
10.589,0.010589,31.0380392,1.33861606
10.59,0.01059,31.0362545,1.33810383
10.591,0.010591,31.0343646,1.33760141
10.592,0.010592,31.0324308,1.33710588
10.593,0.010593,31.0304353,1.33660496
10.594,0.010594,31.0284122,1.33611904
10.595,0.010595,31.0263596,1.33563501
10.596,0.010596,31.0243134,1.33512322
10.597,0.010597,31.022405,1.33459854
10.598,0.010598,31.0207011,1.33408058
10.599,0.010599,31.0191343,1.33355098
10.6,0.0106,31.0176408,1.33302019
10.601,0.010601,31.0162191,1.33250618
10.602,0.010602,31.0148532,1.33198993
10.603,0.010603,31.0135635,1.33146846
10.604,0.010604,31.0123516,1.33093655
10.605,0.010605,31.0110431,1.33039143
10.606,0.010606,31.0097746,1.32986582
10.607,0.010607,31.0085607,1.32933459
10.608,0.010608,31.007424,1.3288205
10.609,0.010609,31.0064534,1.32830332
10.61,0.01061,31.0055062,1.32779077
10.611,0.010611,31.0045125,1.32728425
10.612,0.010612,31.0034125,1.32676667
10.613,0.010613,31.0023406,1.3262683
10.614,0.010614,31.00136,1.32576323
10.615,0.010615,31.0004283,1.32524776
10.616,0.010616,30.9995341,1.32471815
10.617,0.010617,30.9987098,1.32418121
10.618,0.010618,30.9978398,1.32368535
10.619,0.010619,30.9970672,1.32320721
10.62,0.01062,30.996308,1.32269848
10.621,0.010621,30.9957709,1.32218573
10.622,0.010622,30.9953722,1.32168793
10.623,0.010623,30.9950492,1.32120482
10.624,0.010624,30.9947329,1.32075138
10.625,0.010625,30.994374,1.3203272
10.626,0.010626,30.9939395,1.31991821
10.627,0.010627,30.9934741,1.31951442
10.628,0.010628,30.9930583,1.31914835
10.629,0.010629,30.9926771,1.31879184
10.63,0.01063,30.9922175,1.3184116
10.631,0.010631,30.9917468,1.31799126
10.632,0.010632,30.9911801,1.31754591
10.633,0.010633,30.9907008,1.31704958
10.634,0.010634,30.9901924,1.31652763
10.635,0.010635,30.9895735,1.31600768
10.636,0.010636,30.9887925,1.31550144
10.637,0.010637,30.9879192,1.31497352
10.638,0.010638,30.987028,1.31444399
10.639,0.010639,30.9861797,1.3139146
10.64,0.01064,30.9853334,1.31341964
10.641,0.010641,30.9844425,1.31293791
10.642,0.010642,30.9836297,1.31245702
10.643,0.010643,30.9828536,1.31197806
10.644,0.010644,30.982151,1.31151029
10.645,0.010645,30.9815222,1.31103345
10.646,0.010646,30.9810115,1.31055369
10.647,0.010647,30.9805205,1.3100814
10.648,0.010648,30.9799863,1.30960199
10.649,0.010649,30.9794806,1.30912244
10.65,0.01065,30.979119,1.30866014
10.651,0.010651,30.9788116,1.30821095
10.652,0.010652,30.9785204,1.30777447
10.653,0.010653,30.9782602,1.30732342
10.654,0.010654,30.9780685,1.30688102
10.655,0.010655,30.9777563,1.30643771
10.656,0.010656,30.9774872,1.30600238
10.657,0.010657,30.977103,1.30557675
10.658,0.010658,30.9766414,1.30512837
10.659,0.010659,30.9761198,1.30467939
10.66,0.01066,30.9755794,1.30423843
10.661,0.010661,30.9750446,1.30378652
10.662,0.010662,30.9744772,1.30334007
10.663,0.010663,30.9739049,1.30289921
10.664,0.010664,30.9734551,1.30244299
10.665,0.010665,30.9729061,1.30196689
10.666,0.010666,30.9722399,1.30148588
10.667,0.010667,30.9715404,1.30101055
10.668,0.010668,30.9706973,1.30053222
10.669,0.010669,30.9698469,1.3000699
10.67,0.01067,30.96892,1.29965061
10.671,0.010671,30.9679662,1.29922473
10.672,0.010672,30.9669845,1.29879435
10.673,0.010673,30.9659976,1.29835587
10.674,0.010674,30.9650782,1.29789846
10.675,0.010675,30.9643262,1.29744642
10.676,0.010676,30.9636508,1.29695807
10.677,0.010677,30.9630147,1.29645504
10.678,0.010678,30.9625672,1.29594191
10.679,0.010679,30.9622742,1.29542723
10.68,0.01068,30.9622081,1.29489708
10.681,0.010681,30.9622449,1.29439242
10.682,0.010682,30.9623192,1.29390365
10.683,0.010683,30.9624087,1.29343102
10.684,0.010684,30.9624481,1.29298081
10.685,0.010685,30.9625006,1.29252292
10.686,0.010686,30.9624646,1.29202607
10.687,0.010687,30.9623763,1.29149602
10.688,0.010688,30.9623184,1.29095955
10.689,0.010689,30.9623842,1.29044227
10.69,0.01069,30.9625172,1.28994846
10.691,0.010691,30.9625993,1.28948151
10.692,0.010692,30.9626222,1.28898333
10.693,0.010693,30.9625973,1.28847656
10.694,0.010694,30.9626054,1.28796726
10.695,0.010695,30.9626194,1.2874754
10.696,0.010696,30.9627563,1.28698236
10.697,0.010697,30.9629605,1.28647509
10.698,0.010698,30.9632763,1.28597481
10.699,0.010699,30.9636824,1.285484
10.7,0.0107,30.9640635,1.2849794
10.701,0.010701,30.9645515,1.28444802
10.702,0.010702,30.9651058,1.28389581
10.703,0.010703,30.9656352,1.28332328
10.704,0.010704,30.9660453,1.28273783
10.705,0.010705,30.9662784,1.28212688
10.706,0.010706,30.9664487,1.28148713
10.707,0.010707,30.9666515,1.28085197
10.708,0.010708,30.9668907,1.28019551
10.709,0.010709,30.9671898,1.27954331
10.71,0.01071,30.9674595,1.27888731
10.711,0.010711,30.9676565,1.27823268
10.712,0.010712,30.9678957,1.27757806
10.713,0.010713,30.9681154,1.27693661
10.714,0.010714,30.9683302,1.27630404
10.715,0.010715,30.9685889,1.27568817
10.716,0.010716,30.9688346,1.2750832
10.717,0.010717,30.9689254,1.27448546
10.718,0.010718,30.9689782,1.27387964
10.719,0.010719,30.9692101,1.27329364
10.72,0.01072,30.969555,1.27270109
10.721,0.010721,30.9698379,1.27212002
10.722,0.010722,30.970092,1.27154704
10.723,0.010723,30.9703518,1.27098708
10.724,0.010724,30.9705913,1.27043913
10.725,0.010725,30.9708365,1.26987785
10.726,0.010726,30.9710886,1.26932531
10.727,0.010727,30.9713896,1.26879772
10.728,0.010728,30.9717686,1.26827315
10.729,0.010729,30.9722771,1.26776758
10.73,0.01073,30.9729766,1.2672594
10.731,0.010731,30.9737294,1.26675041
10.732,0.010732,30.974494,1.26623146
10.733,0.010733,30.9754207,1.26571069
10.734,0.010734,30.9765548,1.26519115
10.735,0.010735,30.9777331,1.26465482
10.736,0.010736,30.978993,1.26412276
10.737,0.010737,30.9804007,1.26361041
10.738,0.010738,30.9819804,1.26310526
10.739,0.010739,30.9836298,1.2626128
10.74,0.01074,30.9852591,1.26214005
10.741,0.010741,30.9868137,1.26166731
10.742,0.010742,30.9883794,1.26118407
10.743,0.010743,30.9899612,1.2607001
10.744,0.010744,30.9915907,1.26022906
10.745,0.010745,30.9932014,1.2597444
10.746,0.010746,30.994895,1.25924716
10.747,0.010747,30.9967058,1.25876235
10.748,0.010748,30.9986828,1.2582835
10.749,0.010749,31.0006766,1.25779669
10.75,0.01075,31.0026825,1.25731141
10.751,0.010751,31.0046657,1.25683102
10.752,0.010752,31.0065752,1.25636409
10.753,0.010753,31.0084281,1.25590102
10.754,0.010754,31.0102414,1.25543525
10.755,0.010755,31.0121132,1.25495974
10.756,0.010756,31.0140908,1.25448797
10.757,0.010757,31.0160323,1.25400079
10.758,0.010758,31.0180645,1.25351994
10.759,0.010759,31.0200956,1.25305254
10.76,0.01076,31.0221498,1.25260897
10.761,0.010761,31.0241932,1.25219279
10.762,0.010762,31.0262927,1.25178768
10.763,0.010763,31.0283482,1.25140199
10.764,0.010764,31.0303428,1.25100815
10.765,0.010765,31.032321,1.25059474
10.766,0.010766,31.0342146,1.25019106
10.767,0.010767,31.0360714,1.24978622
10.768,0.010768,31.0378794,1.24937492
10.769,0.010769,31.0396176,1.24896321
10.77,0.01077,31.0412996,1.2485724
10.771,0.010771,31.042924,1.24818551
10.772,0.010772,31.0443892,1.24779679
10.773,0.010773,31.0457941,1.24740828
10.774,0.010774,31.047234,1.24702932
10.775,0.010775,31.0486237,1.24664205
10.776,0.010776,31.0499281,1.24625674
10.777,0.010777,31.051113,1.24585936
10.778,0.010778,31.0522777,1.24546877
10.779,0.010779,31.0534846,1.24506615
10.78,0.01078,31.0549071,1.24466144
10.781,0.010781,31.0564102,1.24422819
10.782,0.010782,31.0579801,1.24379252
10.783,0.010783,31.0595993,1.24336199
10.784,0.010784,31.061316,1.24292149
10.785,0.010785,31.0631835,1.24248125
10.786,0.010786,31.0652203,1.24206927
10.787,0.010787,31.0673546,1.24164298
10.788,0.010788,31.0694842,1.24121997
10.789,0.010789,31.0716028,1.24080071
10.79,0.01079,31.0737393,1.24040795
10.791,0.010791,31.0757724,1.24000091
10.792,0.010792,31.0777617,1.23957345
10.793,0.010793,31.0797425,1.23913511
10.794,0.010794,31.0817542,1.23870594
10.795,0.010795,31.0837743,1.23829446
10.796,0.010796,31.0857844,1.23787774
10.797,0.010797,31.0877032,1.23744737
10.798,0.010798,31.0895907,1.23702923
10.799,0.010799,31.0915497,1.23661819
10.8,0.0108,31.0935245,1.23621636
10.801,0.010801,31.0953866,1.23581328
10.802,0.010802,31.0972387,1.23540347
10.803,0.010803,31.0990562,1.23497735
10.804,0.010804,31.100821,1.23456398
10.805,0.010805,31.1025389,1.23410094
10.806,0.010806,31.1043356,1.23363867
10.807,0.010807,31.106142,1.23317562
10.808,0.010808,31.1078142,1.2326988
10.809,0.010809,31.109381,1.23223498
10.81,0.01081,31.1108849,1.23177827
10.811,0.010811,31.1124325,1.23132089
10.812,0.010812,31.1141099,1.23090083
10.813,0.010813,31.1157963,1.23047679
10.814,0.010814,31.1174489,1.23005761
10.815,0.010815,31.1190818,1.22963255
10.816,0.010816,31.1208183,1.2291972
10.817,0.010817,31.1224201,1.22874611
10.818,0.010818,31.1238784,1.22829023
10.819,0.010819,31.1252738,1.22782328
10.82,0.01082,31.1266466,1.22735412
10.821,0.010821,31.1279449,1.22688764
10.822,0.010822,31.1291203,1.2264107
10.823,0.010823,31.130241,1.22593399
10.824,0.010824,31.1313655,1.22546083
10.825,0.010825,31.1324984,1.22499474
10.826,0.010826,31.1336179,1.22452751
10.827,0.010827,31.1347151,1.22405757
10.828,0.010828,31.1357141,1.22358301
10.829,0.010829,31.1365829,1.22311721
10.83,0.01083,31.1373146,1.22267002
10.831,0.010831,31.1379684,1.22224089
10.832,0.010832,31.1385383,1.22183778
10.833,0.010833,31.1390091,1.22143751
10.834,0.010834,31.1394929,1.22104204
10.835,0.010835,31.13997,1.22064795
10.836,0.010836,31.1404509,1.22025858
10.837,0.010837,31.1408999,1.21984112
10.838,0.010838,31.1413747,1.21940581
10.839,0.010839,31.1418703,1.21896857
10.84,0.01084,31.1424041,1.2185212
10.841,0.010841,31.1429563,1.21804805
10.842,0.010842,31.1436444,1.21757469
10.843,0.010843,31.1443924,1.21709804
10.844,0.010844,31.1450548,1.21662188
10.845,0.010845,31.1457144,1.21615264
10.846,0.010846,31.1464509,1.21569536
10.847,0.010847,31.1472395,1.21525148
10.848,0.010848,31.1480828,1.21480728
10.849,0.010849,31.1489229,1.21434649
10.85,0.01085,31.1498069,1.21388204
10.851,0.010851,31.150808,1.21341374
10.852,0.010852,31.1518133,1.21293468
10.853,0.010853,31.152691,1.21245316
10.854,0.010854,31.1535181,1.2119405
10.855,0.010855,31.1542287,1.21141511
10.856,0.010856,31.154895,1.21088462
10.857,0.010857,31.1556407,1.21037863
10.858,0.010858,31.156446,1.20991126
10.859,0.010859,31.1571777,1.20944456
10.86,0.01086,31.1576944,1.20895337
10.861,0.010861,31.1580172,1.2084328
10.862,0.010862,31.1582548,1.2079005
10.863,0.010863,31.1584363,1.20736298
10.864,0.010864,31.1586728,1.20684058
10.865,0.010865,31.159112,1.20632949
10.866,0.010866,31.1596935,1.20582668
10.867,0.010867,31.1603747,1.20534451
10.868,0.010868,31.1610045,1.20485081
10.869,0.010869,31.1614834,1.20434187
10.87,0.01087,31.1617564,1.20382542
10.871,0.010871,31.1619583,1.20330465
10.872,0.010872,31.1623215,1.20280388
10.873,0.010873,31.1627425,1.20229511
10.874,0.010874,31.1632394,1.20175249
10.875,0.010875,31.1638285,1.20123544
10.876,0.010876,31.1646199,1.20076144
10.877,0.010877,31.1654678,1.20029607
10.878,0.010878,31.1662953,1.19984762
10.879,0.010879,31.1670589,1.19940294
10.88,0.01088,31.1677741,1.19896886
10.881,0.010881,31.1684368,1.19855034
10.882,0.010882,31.1692162,1.19813918
10.883,0.010883,31.1699769,1.19769688
10.884,0.010884,31.1707487,1.19723214
10.885,0.010885,31.1715559,1.19675657
10.886,0.010886,31.1723994,1.19628886
10.887,0.010887,31.1732841,1.19582981
10.888,0.010888,31.174109,1.19536497
10.889,0.010889,31.1749394,1.1949399
10.89,0.01089,31.1758273,1.19452592
10.891,0.010891,31.1768683,1.19412488
10.892,0.010892,31.1780239,1.19372621
10.893,0.010893,31.1792607,1.1933051
10.894,0.010894,31.1805569,1.19288896
10.895,0.010895,31.1819263,1.19250965
10.896,0.010896,31.1832837,1.19213541
10.897,0.010897,31.1847053,1.19176341
10.898,0.010898,31.1861509,1.19137864
10.899,0.010899,31.1875678,1.19099251
10.9,0.0109,31.189005,1.19059619
10.901,0.010901,31.1903673,1.19022151
10.902,0.010902,31.1916309,1.18983899
10.903,0.010903,31.1927294,1.18944962
10.904,0.010904,31.1935306,1.1890441
10.905,0.010905,31.1941832,1.18861152
10.906,0.010906,31.1949487,1.18817672
10.907,0.010907,31.1957399,1.18775977
10.908,0.010908,31.1963881,1.18733658
10.909,0.010909,31.1969591,1.1868909
10.91,0.01091,31.1974572,1.18642543
10.911,0.010911,31.1978782,1.18595621
10.912,0.010912,31.1981819,1.18549266
10.913,0.010913,31.1984185,1.1850507
10.914,0.010914,31.1986046,1.18461041
10.915,0.010915,31.1986267,1.18417664
10.916,0.010916,31.1985712,1.18377553
10.917,0.010917,31.1984848,1.18340223
10.918,0.010918,31.1983712,1.18303127
10.919,0.010919,31.1983272,1.18264564
10.92,0.01092,31.1983971,1.18226038
10.921,0.010921,31.198613,1.18187489
10.922,0.010922,31.198835,1.1815239
10.923,0.010923,31.1990652,1.18120303
10.924,0.010924,31.1993893,1.18090337
10.925,0.010925,31.1997002,1.18062784
10.926,0.010926,31.200181,1.18037945
10.927,0.010927,31.2008283,1.18013205
10.928,0.010928,31.2015595,1.17988541
10.929,0.010929,31.2023269,1.17964084
10.93,0.01093,31.2030097,1.17938584
10.931,0.010931,31.2035021,1.17912158
10.932,0.010932,31.2039817,1.1788741
10.933,0.010933,31.2042996,1.17861976
10.934,0.010934,31.2045004,1.17836062
10.935,0.010935,31.2045994,1.17809356
10.936,0.010936,31.2047004,1.17785833
10.937,0.010937,31.2048305,1.17759444
10.938,0.010938,31.205043,1.17730376
10.939,0.010939,31.2053067,1.17701397
10.94,0.01094,31.2055168,1.17671432
10.941,0.010941,31.205604,1.17638055
10.942,0.010942,31.205657,1.17603956
10.943,0.010943,31.2057318,1.17569785
10.944,0.010944,31.2057542,1.17532783
10.945,0.010945,31.2057609,1.17497675
10.946,0.010946,31.2056938,1.1746181
10.947,0.010947,31.2053407,1.17421995
10.948,0.010948,31.2048557,1.17381367
10.949,0.010949,31.2043327,1.17341104
10.95,0.01095,31.203702,1.17303323
10.951,0.010951,31.2029767,1.1726799
10.952,0.010952,31.2022857,1.17232693
10.953,0.010953,31.2014879,1.17193924
10.954,0.010954,31.2006383,1.17151522
10.955,0.010955,31.1998469,1.17108777
10.956,0.010956,31.1991727,1.1706515
10.957,0.010957,31.1986635,1.17020995
10.958,0.010958,31.1981111,1.16975256
10.959,0.010959,31.1975799,1.16927228
10.96,0.01096,31.1970031,1.16877806
10.961,0.010961,31.1964357,1.16826286
10.962,0.010962,31.1958606,1.16772241
10.963,0.010963,31.1953019,1.1671484
10.964,0.010964,31.1946624,1.16656684
10.965,0.010965,31.1939296,1.1659574
10.966,0.010966,31.193137,1.16532154
10.967,0.010967,31.1922879,1.16470474
10.968,0.010968,31.1913492,1.16406898
10.969,0.010969,31.1903747,1.16340474
10.97,0.01097,31.1894513,1.16272331
10.971,0.010971,31.1884972,1.16203597
10.972,0.010972,31.1875125,1.161365
10.973,0.010973,31.1865777,1.16070714
10.974,0.010974,31.1857216,1.1600683
10.975,0.010975,31.1848076,1.15945063
10.976,0.010976,31.1838457,1.15886464
10.977,0.010977,31.1827944,1.15826538
10.978,0.010978,31.1818761,1.15766934
10.979,0.010979,31.1809362,1.1570625
10.98,0.01098,31.1799478,1.15644079
10.981,0.010981,31.1790547,1.15581093
10.982,0.010982,31.1783204,1.15518446
10.983,0.010983,31.1776506,1.15455923
10.984,0.010984,31.1770206,1.15393928
10.985,0.010985,31.1762239,1.15330597
10.986,0.010986,31.1752706,1.15262907
10.987,0.010987,31.1742903,1.15194406
10.988,0.010988,31.1733219,1.15125227
10.989,0.010989,31.1722861,1.15055921
10.99,0.01099,31.1711239,1.14986536
10.991,0.010991,31.1698747,1.14917303
10.992,0.010992,31.1686213,1.14849195
10.993,0.010993,31.1673649,1.1478154
10.994,0.010994,31.1660993,1.14713151
10.995,0.010995,31.1647084,1.14646688
10.996,0.010996,31.1631924,1.14580996
10.997,0.010997,31.1614717,1.14512805
10.998,0.010998,31.1595157,1.14443793
10.999,0.010999,31.1575064,1.14376044
11,0.011,31.1555171,1.14310891
11.001,0.011001,31.1534868,1.14248349
11.002,0.011002,31.1514652,1.14186796
11.003,0.011003,31.1494942,1.14128687
11.004,0.011004,31.1474446,1.14067843
11.005,0.011005,31.1452444,1.14006943
11.006,0.011006,31.1428543,1.13946075
11.007,0.011007,31.1403325,1.13883618
11.008,0.011008,31.1377986,1.13821111
11.009,0.011009,31.1353241,1.1375756
11.01,0.01101,31.1329119,1.13694222
11.011,0.011011,31.1305621,1.13630603
11.012,0.011012,31.1281637,1.13569212
11.013,0.011013,31.1256769,1.13507378
11.014,0.011014,31.1232002,1.13442325
11.015,0.011015,31.1206351,1.13376311
11.016,0.011016,31.118018,1.13312049
11.017,0.011017,31.1154256,1.13248197
11.018,0.011018,31.1128081,1.13183749
11.019,0.011019,31.1102072,1.13121567
11.02,0.01102,31.1075854,1.13061624
11.021,0.011021,31.1050057,1.13003491
11.022,0.011022,31.1023143,1.12946414
11.023,0.011023,31.0994844,1.12890652
11.024,0.011024,31.0966551,1.12836342
11.025,0.011025,31.0938731,1.12780975
11.026,0.011026,31.0912139,1.12723255
11.027,0.011027,31.0886384,1.1266525
11.028,0.011028,31.0861086,1.12606445
11.029,0.011029,31.0836081,1.12547127
11.03,0.01103,31.0812598,1.12486243
11.031,0.011031,31.0789917,1.12422731
11.032,0.011032,31.0767551,1.12363772
11.033,0.011033,31.0745082,1.12302863
11.034,0.011034,31.0721823,1.12238095
11.035,0.011035,31.0698341,1.12174782
11.036,0.011036,31.0673375,1.12112589
11.037,0.011037,31.0648752,1.12053189
11.038,0.011038,31.0623789,1.1199414
11.039,0.011039,31.0599005,1.11937039
11.04,0.01104,31.057302,1.11880751
11.041,0.011041,31.0547054,1.1182487
11.042,0.011042,31.0520754,1.11768489
11.043,0.011043,31.0495791,1.1170867
11.044,0.011044,31.04724,1.11646335
11.045,0.011045,31.0449994,1.11583899
11.046,0.011046,31.0427747,1.11519905
11.047,0.011047,31.0405564,1.11457332
11.048,0.011048,31.0382966,1.11397109
11.049,0.011049,31.0360004,1.11340917
11.05,0.01105,31.0337393,1.11287812
11.051,0.011051,31.0314632,1.1123651
11.052,0.011052,31.0292181,1.11186133
11.053,0.011053,31.0270345,1.11134077
11.054,0.011054,31.0248982,1.1108242
11.055,0.011055,31.022751,1.11031553
11.056,0.011056,31.0206101,1.10980738
11.057,0.011057,31.018572,1.10931644
11.058,0.011058,31.0165837,1.10886581
11.059,0.011059,31.0145549,1.10841029
11.06,0.01106,31.012523,1.10796946
11.061,0.011061,31.0105958,1.10754842
11.062,0.011062,31.0086871,1.10715042
11.063,0.011063,31.0068648,1.10674692
11.064,0.011064,31.0052011,1.10631168
11.065,0.011065,31.0036244,1.10586964
11.066,0.011066,31.0018867,1.1054009
11.067,0.011067,30.9999367,1.10490581
11.068,0.011068,30.9978458,1.10440854
11.069,0.011069,30.9958911,1.10394093
11.07,0.01107,30.9939914,1.10349177
11.071,0.011071,30.992239,1.10302418
11.072,0.011072,30.9907511,1.10252025
11.073,0.011073,30.9894412,1.10201524
11.074,0.011074,30.9882687,1.10151796
11.075,0.011075,30.9873302,1.10103123
11.076,0.011076,30.9864702,1.10055961
11.077,0.011077,30.9856202,1.10008357
11.078,0.011078,30.9848249,1.09961446
11.079,0.011079,30.9840442,1.09916659
11.08,0.01108,30.9832283,1.09871961
11.081,0.011081,30.9822581,1.09824757
11.082,0.011082,30.9811657,1.09776388
11.083,0.011083,30.9798491,1.09726958
11.084,0.011084,30.9782904,1.09676924
11.085,0.011085,30.9766972,1.0962705
11.086,0.011086,30.9751888,1.09578993
11.087,0.011087,30.9737173,1.09532606
11.088,0.011088,30.9723469,1.09484863
11.089,0.011089,30.9710328,1.09436299
11.09,0.01109,30.9697024,1.09388323
11.091,0.011091,30.9683389,1.09342881
11.092,0.011092,30.9669112,1.0929679
11.093,0.011093,30.9654796,1.09249906
11.094,0.011094,30.9641051,1.0920247
11.095,0.011095,30.9626969,1.0915257
11.096,0.011096,30.9613084,1.09102377
11.097,0.011097,30.9600199,1.09053529
11.098,0.011098,30.9586968,1.09005687
11.099,0.011099,30.9573622,1.08958839
11.1,0.0111,30.9559702,1.08912127
11.101,0.011101,30.9545656,1.08868261
11.102,0.011102,30.9530105,1.08828003
11.103,0.011103,30.9513422,1.08787318
11.104,0.011104,30.9496351,1.0874533
11.105,0.011105,30.9479744,1.0870439
11.106,0.011106,30.9463307,1.08665009
11.107,0.011107,30.9447011,1.08628082
11.108,0.011108,30.9430874,1.08595807
11.109,0.011109,30.9413818,1.08564219
11.11,0.01111,30.9396217,1.08529886
11.111,0.011111,30.9379299,1.08496412
11.112,0.011112,30.9362037,1.08464443
11.113,0.011113,30.934386,1.08431233
11.114,0.011114,30.9325463,1.08397665
11.115,0.011115,30.9307687,1.08366248
11.116,0.011116,30.929077,1.08335152
11.117,0.011117,30.9274205,1.08305274
11.118,0.011118,30.9256695,1.0827732
11.119,0.011119,30.9238359,1.08251043
11.12,0.01112,30.921873,1.08224799
11.121,0.011121,30.9197554,1.08195524
11.122,0.011122,30.917571,1.08163633
11.123,0.011123,30.9153446,1.08132912
11.124,0.011124,30.9131517,1.08102809
11.125,0.011125,30.9109127,1.0807368
11.126,0.011126,30.9086003,1.08043602
11.127,0.011127,30.9062961,1.08014375
11.128,0.011128,30.9040022,1.0798477
11.129,0.011129,30.9017834,1.07955629
11.13,0.01113,30.8994838,1.07926633
11.131,0.011131,30.8970434,1.07899921
11.132,0.011132,30.8946355,1.07871554
11.133,0.011133,30.8923949,1.07841111
11.134,0.011134,30.8903819,1.07810567
11.135,0.011135,30.8886833,1.07779203
11.136,0.011136,30.8872895,1.07750497
11.137,0.011137,30.8860635,1.07723234
11.138,0.011138,30.8850266,1.07696964
11.139,0.011139,30.8841178,1.07670061
11.14,0.01114,30.8832487,1.07640954
11.141,0.011141,30.882257,1.07609708
11.142,0.011142,30.8811733,1.07579323
11.143,0.011143,30.8799029,1.07551123
11.144,0.011144,30.8785439,1.07522959
11.145,0.011145,30.8772029,1.07492178
11.146,0.011146,30.8756961,1.07462574
11.147,0.011147,30.874063,1.07433628
11.148,0.011148,30.8722657,1.07405167
11.149,0.011149,30.8705469,1.07377568
11.15,0.01115,30.8687869,1.07348995
11.151,0.011151,30.8670614,1.07322804
11.152,0.011152,30.8653625,1.07299234
11.153,0.011153,30.8636686,1.07277018
11.154,0.011154,30.8619828,1.07254995
11.155,0.011155,30.8603065,1.07234363
11.156,0.011156,30.8585966,1.07213088
11.157,0.011157,30.8568991,1.07188301
11.158,0.011158,30.8552809,1.07161581
11.159,0.011159,30.8537946,1.07136347
11.16,0.01116,30.8522587,1.07108254
11.161,0.011161,30.8507173,1.07080194
11.162,0.011162,30.8493025,1.07052779
11.163,0.011163,30.8478969,1.07025842
11.164,0.011164,30.8465549,1.0700281
11.165,0.011165,30.8453283,1.06982712
11.166,0.011166,30.8442253,1.0696391
11.167,0.011167,30.8433261,1.06945528
11.168,0.011168,30.8425369,1.06929114
11.169,0.011169,30.8417263,1.0691192
11.17,0.01117,30.8409724,1.06891575
11.171,0.011171,30.8401784,1.06871828
11.172,0.011172,30.8393139,1.06850582
11.173,0.011173,30.8384802,1.06830533
11.174,0.011174,30.8376426,1.06811098
11.175,0.011175,30.8367576,1.06794645
11.176,0.011176,30.8359104,1.06779939
11.177,0.011177,30.8349962,1.06764998
11.178,0.011178,30.8339988,1.06752909
11.179,0.011179,30.8329925,1.06740876
11.18,0.01118,30.8318819,1.06728173
11.181,0.011181,30.8305387,1.06714258
11.182,0.011182,30.8291727,1.0669687
11.183,0.011183,30.827753,1.066801
11.184,0.011184,30.8262148,1.06660461
11.185,0.011185,30.8245215,1.06638044
11.186,0.011186,30.8227172,1.06615303
11.187,0.011187,30.8208876,1.06590871
11.188,0.011188,30.8190794,1.06565875
11.189,0.011189,30.8173001,1.06541447
11.19,0.01119,30.8156036,1.06516985
11.191,0.011191,30.813928,1.06493312
11.192,0.011192,30.812355,1.06470732
11.193,0.011193,30.810856,1.06448804
11.194,0.011194,30.8092967,1.06423684
11.195,0.011195,30.8077867,1.06398688
11.196,0.011196,30.8063711,1.06374322
11.197,0.011197,30.8049659,1.06351086
11.198,0.011198,30.8036392,1.06329939
11.199,0.011199,30.8024661,1.06310406
11.2,0.0112,30.8014653,1.06290376
11.201,0.011201,30.8005312,1.06270085
11.202,0.011202,30.7994869,1.06250117
11.203,0.011203,30.7982925,1.06232022
11.204,0.011204,30.7969641,1.06214632
11.205,0.011205,30.7956133,1.06196572
11.206,0.011206,30.7942194,1.06178683
11.207,0.011207,30.792843,1.06158998
11.208,0.011208,30.7913558,1.06138794
11.209,0.011209,30.789842,1.06120933
11.21,0.01121,30.7881835,1.06102641
11.211,0.011211,30.7865519,1.06086894
11.212,0.011212,30.7848306,1.06070865
11.213,0.011213,30.7830645,1.06053136
11.214,0.011214,30.7812174,1.06037059
11.215,0.011215,30.7792299,1.06020542
11.216,0.011216,30.7771319,1.06003591
11.217,0.011217,30.7750423,1.05985245
11.218,0.011218,30.7728702,1.05964857
11.219,0.011219,30.770708,1.0594203
11.22,0.01122,30.768686,1.05918921
11.221,0.011221,30.7667848,1.0589395
11.222,0.011222,30.7649495,1.05868737
11.223,0.011223,30.7631987,1.05843705
11.224,0.011224,30.7613825,1.05817406
11.225,0.011225,30.7594116,1.05791828
11.226,0.011226,30.7572071,1.05771659
11.227,0.011227,30.7549695,1.05754413
11.228,0.011228,30.7527383,1.05737733
11.229,0.011229,30.7505927,1.0572218
11.23,0.01123,30.7484077,1.0570387
11.231,0.011231,30.7461129,1.0568598
11.232,0.011232,30.7437364,1.05670258
11.233,0.011233,30.7413214,1.05656328
11.234,0.011234,30.7389417,1.05642753
11.235,0.011235,30.7365481,1.05630676
11.236,0.011236,30.7341991,1.05619054
11.237,0.011237,30.7317393,1.05608292
11.238,0.011238,30.7293613,1.05597793
11.239,0.011239,30.727108,1.05586575
11.24,0.01124,30.7249241,1.05574693
11.241,0.011241,30.7227615,1.05565723
11.242,0.011242,30.7204407,1.05559144
11.243,0.011243,30.7181002,1.05552577
11.244,0.011244,30.7157616,1.05543802
11.245,0.011245,30.7133285,1.05533517
11.246,0.011246,30.7108295,1.05523453
11.247,0.011247,30.7083459,1.05514489
11.248,0.011248,30.7060575,1.05506163
11.249,0.011249,30.7039081,1.05501423
11.25,0.01125,30.701764,1.05495722
11.251,0.011251,30.6995603,1.05488573
11.252,0.011252,30.6974775,1.05481213
11.253,0.011253,30.6954399,1.05476584
11.254,0.011254,30.693562,1.05473215
11.255,0.011255,30.6917796,1.05472047
11.256,0.011256,30.6901531,1.05469562
11.257,0.011257,30.6886206,1.05467198
11.258,0.011258,30.6872806,1.05466537
11.259,0.011259,30.6859354,1.05465161
11.26,0.01126,30.6845625,1.05466005
11.261,0.011261,30.6832768,1.05465085
11.262,0.011262,30.6822341,1.05464802
11.263,0.011263,30.6813687,1.05466754
11.264,0.011264,30.6806953,1.05472129
11.265,0.011265,30.6800979,1.05479859
11.266,0.011266,30.6794881,1.05487704
11.267,0.011267,30.67887,1.05493446
11.268,0.011268,30.6781975,1.05496824
11.269,0.011269,30.6774775,1.05502589
11.27,0.01127,30.6766399,1.05510667
11.271,0.011271,30.6757232,1.05518716
11.272,0.011272,30.6747349,1.05525662
11.273,0.011273,30.6736324,1.05532282
11.274,0.011274,30.6725629,1.05539246
11.275,0.011275,30.6716019,1.05550424
11.276,0.011276,30.67056,1.05562678
11.277,0.011277,30.6695828,1.05579596
11.278,0.011278,30.6685794,1.05598299
11.279,0.011279,30.6673975,1.05614947
11.28,0.01128,30.6660967,1.05631048
11.281,0.011281,30.6645793,1.05647585
11.282,0.011282,30.6629097,1.05663235
11.283,0.011283,30.6611914,1.0567602
11.284,0.011284,30.6593762,1.05690397
11.285,0.011285,30.6575416,1.05704602
11.286,0.011286,30.6559522,1.05719608
11.287,0.011287,30.6546803,1.0573258
11.288,0.011288,30.6534792,1.05742612
11.289,0.011289,30.6521738,1.05750601
11.29,0.01129,30.6508813,1.05757049
11.291,0.011291,30.6495406,1.05764427
11.292,0.011292,30.648144,1.05773836
11.293,0.011293,30.6466853,1.05782627
11.294,0.011294,30.6451572,1.05789905
11.295,0.011295,30.6437591,1.05797248
11.296,0.011296,30.642416,1.0580655
11.297,0.011297,30.6410246,1.05817485
11.298,0.011298,30.6396786,1.05830059
11.299,0.011299,30.6383864,1.05845691
11.3,0.0113,30.6370162,1.05862553
11.301,0.011301,30.6354798,1.05878538
11.302,0.011302,30.6338906,1.05893752
11.303,0.011303,30.6322746,1.05909217
11.304,0.011304,30.6306218,1.05922665
11.305,0.011305,30.6289139,1.05935576
11.306,0.011306,30.6272293,1.05951291
11.307,0.011307,30.6255338,1.05967264
11.308,0.011308,30.6239161,1.05983538
11.309,0.011309,30.6222579,1.05999349
11.31,0.01131,30.6204995,1.06014587
11.311,0.011311,30.618876,1.06030673
11.312,0.011312,30.6171219,1.0604749
11.313,0.011313,30.6150976,1.06062746
11.314,0.011314,30.6129589,1.06075251
11.315,0.011315,30.610929,1.0608814
11.316,0.011316,30.6089301,1.06100249
11.317,0.011317,30.6070692,1.06111581
11.318,0.011318,30.6052458,1.06120149
11.319,0.011319,30.6034571,1.06125992
11.32,0.01132,30.6016876,1.06131301
11.321,0.011321,30.5998749,1.06136046
11.322,0.011322,30.5980141,1.06140601
11.323,0.011323,30.5961691,1.06145476
11.324,0.011324,30.5943942,1.06147685
11.325,0.011325,30.5927406,1.06148778
11.326,0.011326,30.5912014,1.06151059
11.327,0.011327,30.5897665,1.06154737
11.328,0.011328,30.5882205,1.06159249
11.329,0.011329,30.5865278,1.06163849
11.33,0.01133,30.5846126,1.06167032
11.331,0.011331,30.5825242,1.06169804
11.332,0.011332,30.5803406,1.06170594
11.333,0.011333,30.578084,1.06170325
11.334,0.011334,30.5758173,1.06169049
11.335,0.011335,30.5734824,1.06166619
11.336,0.011336,30.5711379,1.06163728
11.337,0.011337,30.5688583,1.0616193
11.338,0.011338,30.5666395,1.06162319
11.339,0.011339,30.5644843,1.06159584
11.34,0.01134,30.562544,1.06155609
11.341,0.011341,30.5607316,1.06153135
11.342,0.011342,30.5589316,1.06150429
11.343,0.011343,30.5572676,1.06142406
11.344,0.011344,30.5556271,1.06131581
11.345,0.011345,30.5540694,1.06120565
11.346,0.011346,30.5525008,1.06108155
11.347,0.011347,30.5510161,1.06095907
11.348,0.011348,30.5495965,1.06083119
11.349,0.011349,30.5480842,1.06072832
11.35,0.01135,30.5465046,1.06064875
11.351,0.011351,30.5448323,1.06056396
11.352,0.011352,30.5430213,1.06046561
11.353,0.011353,30.5410353,1.06037602
11.354,0.011354,30.5389684,1.06030929
11.355,0.011355,30.5367264,1.06024568
11.356,0.011356,30.5345861,1.06018527
11.357,0.011357,30.5324706,1.0600885
11.358,0.011358,30.5303331,1.05999521
11.359,0.011359,30.5281561,1.05989175
11.36,0.01136,30.5259431,1.05977914
11.361,0.011361,30.5236874,1.05964064
11.362,0.011362,30.5213996,1.0594847
11.363,0.011363,30.5191165,1.05933202
11.364,0.011364,30.5165628,1.05920105
11.365,0.011365,30.5138005,1.05907492
11.366,0.011366,30.5108956,1.05892809
11.367,0.011367,30.5080409,1.05878461
11.368,0.011368,30.5052759,1.0586566
11.369,0.011369,30.502621,1.05856216
11.37,0.01137,30.4999346,1.05848285
11.371,0.011371,30.4970744,1.05839364
11.372,0.011372,30.494082,1.05829318
11.373,0.011373,30.4908549,1.05820832
11.374,0.011374,30.4874126,1.05810148
11.375,0.011375,30.483918,1.05798118
11.376,0.011376,30.4803928,1.05788079
11.377,0.011377,30.4769326,1.05777971
11.378,0.011378,30.4734196,1.05768869
11.379,0.011379,30.4698517,1.05760016
11.38,0.01138,30.4662747,1.05753397
11.381,0.011381,30.4626616,1.05744868
11.382,0.011382,30.4590062,1.05734053
11.383,0.011383,30.4553042,1.05718603
11.384,0.011384,30.4517599,1.05700972
11.385,0.011385,30.448357,1.05684309
11.386,0.011386,30.4447929,1.05665951
11.387,0.011387,30.4410957,1.05650439
11.388,0.011388,30.4373113,1.0563603
11.389,0.011389,30.4333881,1.05618926
11.39,0.01139,30.4293974,1.05602686
11.391,0.011391,30.4252518,1.05590067
11.392,0.011392,30.4209907,1.05579021
11.393,0.011393,30.4167815,1.05568988
11.394,0.011394,30.4124513,1.05562921
11.395,0.011395,30.4079481,1.05557036
11.396,0.011396,30.4030741,1.05549533
11.397,0.011397,30.3979579,1.0554339
11.398,0.011398,30.3928203,1.05539064
11.399,0.011399,30.3877502,1.0553553
11.4,0.0114,30.3829175,1.05533061
11.401,0.011401,30.3780793,1.05530775
11.402,0.011402,30.3730368,1.05530305
11.403,0.011403,30.3677901,1.05532309
11.404,0.011404,30.3624671,1.05535843
11.405,0.011405,30.3571024,1.05539849
11.406,0.011406,30.3516023,1.05546231
11.407,0.011407,30.3460438,1.05556508
11.408,0.011408,30.3405813,1.05565824
11.409,0.011409,30.3353201,1.05573626
11.41,0.01141,30.3302267,1.05580506
11.411,0.011411,30.3252689,1.05586692
11.412,0.011412,30.3203801,1.05591555
11.413,0.011413,30.315566,1.05595682
11.414,0.011414,30.3108017,1.05601727
11.415,0.011415,30.3060676,1.05605382
11.416,0.011416,30.3014112,1.05609842
11.417,0.011417,30.2967107,1.05614363
11.418,0.011418,30.2919789,1.05619186
11.419,0.011419,30.2872251,1.05625232
11.42,0.01142,30.28254,1.05630951
11.421,0.011421,30.277961,1.05632665
11.422,0.011422,30.2733453,1.05636686
11.423,0.011423,30.2687215,1.05643958
11.424,0.011424,30.2640061,1.0564912
11.425,0.011425,30.2591269,1.05654373
11.426,0.011426,30.2541886,1.05660896
11.427,0.011427,30.2492937,1.05672047
11.428,0.011428,30.2444416,1.05683273
11.429,0.011429,30.2396248,1.05690483
11.43,0.01143,30.2347799,1.05699338
11.431,0.011431,30.229787,1.05708462
11.432,0.011432,30.2247122,1.05715912
11.433,0.011433,30.2196415,1.05724032
11.434,0.011434,30.2145743,1.05731384
11.435,0.011435,30.2096136,1.05740841
11.436,0.011436,30.2046038,1.05747296
11.437,0.011437,30.199549,1.05753529
11.438,0.011438,30.1944251,1.05758091
11.439,0.011439,30.1894065,1.05764987
11.44,0.01144,30.1845612,1.05774165
11.441,0.011441,30.1799009,1.05779299
11.442,0.011442,30.1752668,1.05783424
11.443,0.011443,30.1706103,1.05786221
11.444,0.011444,30.1658152,1.0578954
11.445,0.011445,30.1608638,1.05792744
11.446,0.011446,30.1557143,1.05790453
11.447,0.011447,30.1504967,1.05791545
11.448,0.011448,30.1452248,1.05793659
11.449,0.011449,30.1399467,1.057986
11.45,0.01145,30.1347406,1.05801579
11.451,0.011451,30.1296841,1.05802473
11.452,0.011452,30.1247534,1.05803925
11.453,0.011453,30.1198713,1.05807099
11.454,0.011454,30.1148362,1.05810171
11.455,0.011455,30.1096531,1.05815774
11.456,0.011456,30.1044597,1.05822822
11.457,0.011457,30.0992214,1.05829947
11.458,0.011458,30.093852,1.05837889
11.459,0.011459,30.0883995,1.05845667
11.46,0.01146,30.0829967,1.05852532
11.461,0.011461,30.0774942,1.05859256
11.462,0.011462,30.071999,1.05867929
11.463,0.011463,30.0664931,1.05873241
11.464,0.011464,30.0609308,1.05878751
11.465,0.011465,30.0553984,1.05885756
11.466,0.011466,30.0498313,1.05892735
11.467,0.011467,30.0443074,1.05897227
11.468,0.011468,30.0386419,1.05898513
11.469,0.011469,30.0329173,1.05897238
11.47,0.01147,30.0272603,1.05895612
11.471,0.011471,30.0214939,1.05893441
11.472,0.011472,30.0157491,1.05891049
11.473,0.011473,30.0100134,1.05890342
11.474,0.011474,30.0041881,1.05890012
11.475,0.011475,29.9983489,1.058892
11.476,0.011476,29.992721,1.05889743
11.477,0.011477,29.9872477,1.05892355
11.478,0.011478,29.981878,1.05897032
11.479,0.011479,29.9766354,1.05902248
11.48,0.01148,29.9713208,1.05906366
11.481,0.011481,29.9659515,1.05910367
11.482,0.011482,29.9606484,1.05912921
11.483,0.011483,29.9554197,1.05912742
11.484,0.011484,29.9504321,1.05915446
11.485,0.011485,29.945552,1.05922065
11.486,0.011486,29.9407707,1.05930058
11.487,0.011487,29.936098,1.05939547
11.488,0.011488,29.9315176,1.05949858
11.489,0.011489,29.9269548,1.05959094
11.49,0.01149,29.9225291,1.05970521
11.491,0.011491,29.9182991,1.05983925
11.492,0.011492,29.9143179,1.05999477
11.493,0.011493,29.9104893,1.0601556
11.494,0.011494,29.9066419,1.06030058
11.495,0.011495,29.9028199,1.06042627
11.496,0.011496,29.8989474,1.06055716
11.497,0.011497,29.8949474,1.06068504
11.498,0.011498,29.8908764,1.0607946
11.499,0.011499,29.8867902,1.0608898
11.5,0.0115,29.8826176,1.06096505
11.501,0.011501,29.8785534,1.06108107
11.502,0.011502,29.8745849,1.06120812
11.503,0.011503,29.8706246,1.0613286
11.504,0.011504,29.8667145,1.0614793
11.505,0.011505,29.8628407,1.06168195
11.506,0.011506,29.8588077,1.06187879
11.507,0.011507,29.8547538,1.06210366
11.508,0.011508,29.8506263,1.06230122
11.509,0.011509,29.8465168,1.06252512
11.51,0.01151,29.8424175,1.06275738
11.511,0.011511,29.8383455,1.06297645
11.512,0.011512,29.8344221,1.06320508
11.513,0.011513,29.8305925,1.06343555
11.514,0.011514,29.8267756,1.06364956
11.515,0.011515,29.8227724,1.06388008
11.516,0.011516,29.8187365,1.06413512
11.517,0.011517,29.8145973,1.06439314
11.518,0.011518,29.8104643,1.06462573
11.519,0.011519,29.8062878,1.06484477
11.52,0.01152,29.8021557,1.06506239
11.521,0.011521,29.7981078,1.06531141
11.522,0.011522,29.7941591,1.06559473
11.523,0.011523,29.7902398,1.06585387
11.524,0.011524,29.7863646,1.06609755
11.525,0.011525,29.7823175,1.06632824
11.526,0.011526,29.7781148,1.066551
11.527,0.011527,29.7740137,1.06677385
11.528,0.011528,29.7701002,1.06701619
11.529,0.011529,29.7661587,1.06725677
11.53,0.01153,29.7622883,1.06750855
11.531,0.011531,29.7582937,1.06778263
11.532,0.011532,29.7543759,1.0680475
11.533,0.011533,29.7505987,1.06831763
11.534,0.011534,29.7468411,1.06859962
11.535,0.011535,29.7430635,1.06889783
11.536,0.011536,29.7392807,1.06920521
11.537,0.011537,29.7356411,1.06949954
11.538,0.011538,29.7320714,1.06978033
11.539,0.011539,29.7284743,1.07006287
11.54,0.01154,29.7248774,1.07035731
11.541,0.011541,29.7213005,1.07065849
11.542,0.011542,29.71768,1.07096034
11.543,0.011543,29.7139932,1.07126229
11.544,0.011544,29.7101921,1.07157268
11.545,0.011545,29.7063451,1.07187248
11.546,0.011546,29.7024828,1.07216746
11.547,0.011547,29.6983788,1.07246612
11.548,0.011548,29.6939839,1.07272302
11.549,0.011549,29.6896785,1.0730044
11.55,0.01155,29.6854376,1.07327868
11.551,0.011551,29.6811297,1.07353937
11.552,0.011552,29.6766003,1.07376959
11.553,0.011553,29.671855,1.07398595
11.554,0.011554,29.6668148,1.07420976
11.555,0.011555,29.6616172,1.07444944
11.556,0.011556,29.656354,1.07467751
11.557,0.011557,29.6509773,1.07490728
11.558,0.011558,29.6454265,1.07514952
11.559,0.011559,29.6397984,1.07541718
11.56,0.01156,29.6340967,1.07569322
11.561,0.011561,29.6283074,1.07597035
11.562,0.011562,29.6226446,1.07625781
11.563,0.011563,29.6171123,1.07654264
11.564,0.011564,29.6117882,1.07681537
11.565,0.011565,29.6065256,1.07708004
11.566,0.011566,29.6011526,1.07735945
11.567,0.011567,29.595869,1.07766426
11.568,0.011568,29.5907164,1.07796703
11.569,0.011569,29.5855371,1.07825862
11.57,0.01157,29.5803876,1.07856626
11.571,0.011571,29.5752059,1.07888469
11.572,0.011572,29.570028,1.07919088
11.573,0.011573,29.5649217,1.07951385
11.574,0.011574,29.5598379,1.07988724
11.575,0.011575,29.5547657,1.08027413
11.576,0.011576,29.5497753,1.08065634
11.577,0.011577,29.5447841,1.0810338
11.578,0.011578,29.5399047,1.08144812
11.579,0.011579,29.5352314,1.0818963
11.58,0.01158,29.5306875,1.08234668
11.581,0.011581,29.5262542,1.08278293
11.582,0.011582,29.5218799,1.08321428
11.583,0.011583,29.5175993,1.08364354
11.584,0.011584,29.5131951,1.08408957
11.585,0.011585,29.5086934,1.0845455
11.586,0.011586,29.5042912,1.08504311
11.587,0.011587,29.4999082,1.08552507
11.588,0.011588,29.4956189,1.08600369
11.589,0.011589,29.4914189,1.08648805
11.59,0.01159,29.4872918,1.08698208
11.591,0.011591,29.4832933,1.08751054
11.592,0.011592,29.4792683,1.08810011
11.593,0.011593,29.4751428,1.08870634
11.594,0.011594,29.470936,1.08930192
11.595,0.011595,29.4667274,1.08987531
11.596,0.011596,29.4625109,1.09041633
11.597,0.011597,29.4583073,1.09092635
11.598,0.011598,29.4541073,1.09143739
11.599,0.011599,29.4499308,1.09195339
11.6,0.0116,29.4457399,1.09245133
11.601,0.011601,29.441574,1.0928823
11.602,0.011602,29.4374954,1.09330229
11.603,0.011603,29.4336398,1.09371909
11.604,0.011604,29.4299426,1.09414775
11.605,0.011605,29.4263485,1.09455846
11.606,0.011606,29.422712,1.09494399
11.607,0.011607,29.4189808,1.0953117
11.608,0.011608,29.4151973,1.09567373
11.609,0.011609,29.4114487,1.09603835
11.61,0.01161,29.4078782,1.09638633
11.611,0.011611,29.40439,1.09671154
11.612,0.011612,29.4009049,1.09703944
11.613,0.011613,29.3975169,1.09737093
11.614,0.011614,29.3941924,1.09771739
11.615,0.011615,29.3908714,1.09810053
11.616,0.011616,29.3877493,1.09847776
11.617,0.011617,29.3847706,1.09884665
11.618,0.011618,29.3817766,1.09920659
11.619,0.011619,29.3786072,1.09956471
11.62,0.01162,29.3751724,1.09991697
11.621,0.011621,29.371571,1.10023613
11.622,0.011622,29.3679353,1.10051356
11.623,0.011623,29.3641143,1.1007097
11.624,0.011624,29.3602658,1.10085895
11.625,0.011625,29.3565758,1.10097029
11.626,0.011626,29.352886,1.10107123
11.627,0.011627,29.3492705,1.10118044
11.628,0.011628,29.3457053,1.10130687
11.629,0.011629,29.3421699,1.10142921
11.63,0.01163,29.3385244,1.10153066
11.631,0.011631,29.3348404,1.10159619
11.632,0.011632,29.3310618,1.10166384
11.633,0.011633,29.3273503,1.10175137
11.634,0.011634,29.3236633,1.10187235
11.635,0.011635,29.3199499,1.10201135
11.636,0.011636,29.3162604,1.10217735
11.637,0.011637,29.3125884,1.10237408
11.638,0.011638,29.308884,1.10257843
11.639,0.011639,29.3051895,1.1028323
11.64,0.01164,29.3014473,1.10313564
11.641,0.011641,29.2975458,1.1034445
11.642,0.011642,29.2935564,1.10375675
11.643,0.011643,29.2894765,1.10406032
11.644,0.011644,29.2852943,1.10431496
11.645,0.011645,29.2810575,1.10455854
11.646,0.011646,29.2768611,1.10481829
11.647,0.011647,29.2726874,1.10508676
11.648,0.011648,29.2685288,1.10536846
11.649,0.011649,29.2645418,1.10566347
11.65,0.01165,29.2605596,1.10597162
11.651,0.011651,29.256468,1.10625375
11.652,0.011652,29.2524329,1.10655307
11.653,0.011653,29.2484087,1.10685898
11.654,0.011654,29.2443426,1.10713234
11.655,0.011655,29.2402039,1.10740095
11.656,0.011656,29.2359513,1.10766927
11.657,0.011657,29.2317354,1.10795052
11.658,0.011658,29.2276299,1.10822011
11.659,0.011659,29.2235186,1.1085025
11.66,0.01166,29.2194107,1.10882916
11.661,0.011661,29.2152358,1.10916034
11.662,0.011662,29.2110239,1.1095081
11.663,0.011663,29.2067657,1.10986841
11.664,0.011664,29.2023453,1.11023744
11.665,0.011665,29.1979157,1.11058524
11.666,0.011666,29.1935021,1.11096064
11.667,0.011667,29.1891755,1.11132784
11.668,0.011668,29.1847938,1.11169049
11.669,0.011669,29.1802952,1.11204291
11.67,0.01167,29.1755214,1.11236565
11.671,0.011671,29.1706139,1.1126645
11.672,0.011672,29.1655036,1.11296073
11.673,0.011673,29.1603656,1.11328354
11.674,0.011674,29.1552739,1.11358584
11.675,0.011675,29.1502336,1.11390371
11.676,0.011676,29.1451717,1.11420577
11.677,0.011677,29.1401164,1.11447851
11.678,0.011678,29.1350316,1.11472955
11.679,0.011679,29.1299802,1.11500036
11.68,0.01168,29.1248802,1.11529857
11.681,0.011681,29.1197623,1.11558936
11.682,0.011682,29.11461,1.11591682
11.683,0.011683,29.1095162,1.11629295
11.684,0.011684,29.1045227,1.11668379
11.685,0.011685,29.0995848,1.11705447
11.686,0.011686,29.0946204,1.11740735
11.687,0.011687,29.0896983,1.1177586
11.688,0.011688,29.0846709,1.11808466
11.689,0.011689,29.0797172,1.11840629
11.69,0.01169,29.0749523,1.11873275
11.691,0.011691,29.0703046,1.11906671
11.692,0.011692,29.0656469,1.11943131
11.693,0.011693,29.0610819,1.11977413
11.694,0.011694,29.0566972,1.12013627
11.695,0.011695,29.0524793,1.12049617
11.696,0.011696,29.0482986,1.12089693
11.697,0.011697,29.0442243,1.12131777
11.698,0.011698,29.0402039,1.12175038
11.699,0.011699,29.0362258,1.1221776
11.7,0.0117,29.0322212,1.12260444
11.701,0.011701,29.028109,1.12301811
11.702,0.011702,29.0240219,1.12340362
11.703,0.011703,29.0199361,1.12377818
11.704,0.011704,29.0159588,1.12414219
11.705,0.011705,29.0121902,1.12450874
11.706,0.011706,29.0085333,1.12491206
11.707,0.011707,29.0049545,1.1253155
11.708,0.011708,29.0013718,1.12571749
11.709,0.011709,28.997793,1.12613486
11.71,0.01171,28.9941223,1.12660237
11.711,0.011711,28.9904532,1.12710074
11.712,0.011712,28.986753,1.12761608
11.713,0.011713,28.9829736,1.1281276
11.714,0.011714,28.9791642,1.12864354
11.715,0.011715,28.9754606,1.12916683
11.716,0.011716,28.9718659,1.12968892
11.717,0.011717,28.9683226,1.13023361
11.718,0.011718,28.9647801,1.13076131
11.719,0.011719,28.9611406,1.13126297
11.72,0.01172,28.9573966,1.13176575
11.721,0.011721,28.9537369,1.13226784
11.722,0.011722,28.949996,1.13276137
11.723,0.011723,28.9461208,1.13322734
11.724,0.011724,28.9420904,1.13365113
11.725,0.011725,28.9380567,1.1340544
11.726,0.011726,28.9340109,1.13445202
11.727,0.011727,28.9299083,1.1348536
11.728,0.011728,28.9257345,1.13526122
11.729,0.011729,28.9212633,1.13567025
11.73,0.01173,28.9166215,1.13604657
11.731,0.011731,28.9118386,1.13641954
11.732,0.011732,28.9069993,1.13677609
11.733,0.011733,28.9023039,1.13715383
11.734,0.011734,28.8976551,1.13750495
11.735,0.011735,28.8930461,1.13783009
11.736,0.011736,28.8885014,1.13811488
11.737,0.011737,28.8841642,1.1383977
11.738,0.011738,28.879955,1.13869161
11.739,0.011739,28.8759041,1.13899274
11.74,0.01174,28.8718827,1.13931376
11.741,0.011741,28.8678583,1.13965926
11.742,0.011742,28.8638189,1.13998369
11.743,0.011743,28.8597848,1.14031758
11.744,0.011744,28.8556156,1.14066303
11.745,0.011745,28.8513148,1.1410244
11.746,0.011746,28.8470304,1.14139217
11.747,0.011747,28.8426647,1.14176532
11.748,0.011748,28.8382021,1.14213977
11.749,0.011749,28.8335384,1.14247281
11.75,0.01175,28.8287879,1.14277615
11.751,0.011751,28.8241703,1.14311616
11.752,0.011752,28.8195991,1.14349925
11.753,0.011753,28.8149382,1.14390186
11.754,0.011754,28.8101323,1.14429696
11.755,0.011755,28.8053692,1.14471477
11.756,0.011756,28.8007402,1.14516423
11.757,0.011757,28.7961359,1.14563967
11.758,0.011758,28.7916429,1.14612639
11.759,0.011759,28.7872262,1.14661362
11.76,0.01176,28.7827977,1.14708408
11.761,0.011761,28.7783913,1.14752573
11.762,0.011762,28.7739327,1.147939
11.763,0.011763,28.7693022,1.14832704
11.764,0.011764,28.764556,1.14870522
11.765,0.011765,28.7598816,1.14909865
11.766,0.011766,28.7551101,1.14948205
11.767,0.011767,28.750198,1.1498359
11.768,0.011768,28.745253,1.1501979
11.769,0.011769,28.7404583,1.15060069
11.77,0.01177,28.7358326,1.1510142
11.771,0.011771,28.7311367,1.15142162
11.772,0.011772,28.726316,1.15188221
11.773,0.011773,28.7214025,1.15239686
11.774,0.011774,28.7165258,1.15293762
11.775,0.011775,28.7118318,1.15351682
11.776,0.011776,28.7071997,1.15412038
11.777,0.011777,28.7025648,1.15476641
11.778,0.011778,28.6978046,1.15540952
11.779,0.011779,28.6930465,1.15603381
11.78,0.01178,28.6881972,1.15664762
11.781,0.011781,28.6833042,1.1572805
11.782,0.011782,28.6781711,1.15792166
11.783,0.011783,28.6728188,1.15853179
11.784,0.011784,28.6673835,1.15915556
11.785,0.011785,28.6618682,1.15978219
11.786,0.011786,28.6562997,1.1603928
11.787,0.011787,28.6505625,1.16098223
11.788,0.011788,28.6447702,1.16159279
11.789,0.011789,28.6387063,1.1621787
11.79,0.01179,28.6326586,1.16274957
11.791,0.011791,28.6266208,1.16332557
11.792,0.011792,28.620457,1.16393472
11.793,0.011793,28.6139706,1.16453092
11.794,0.011794,28.6072955,1.16505668
11.795,0.011795,28.6005348,1.1655787
11.796,0.011796,28.5936815,1.1660989
11.797,0.011797,28.5868228,1.16661368
11.798,0.011798,28.5799381,1.16715916
11.799,0.011799,28.5730766,1.16772191
11.8,0.0118,28.5663216,1.16829439
11.801,0.011801,28.5597168,1.16888551
11.802,0.011802,28.5533349,1.16946486
11.803,0.011803,28.5470223,1.17005136
11.804,0.011804,28.540687,1.17067806
11.805,0.011805,28.5343465,1.17129108
11.806,0.011806,28.5278887,1.17188096
11.807,0.011807,28.5213242,1.17246381
11.808,0.011808,28.5147601,1.17307601
11.809,0.011809,28.5081168,1.17369869
11.81,0.01181,28.501267,1.17426324
11.811,0.011811,28.4943355,1.17480465
11.812,0.011812,28.4873911,1.17538671
11.813,0.011813,28.4802941,1.17596738
11.814,0.011814,28.4729166,1.17652872
11.815,0.011815,28.4653516,1.17709987
11.816,0.011816,28.457532,1.17769126
11.817,0.011817,28.4496597,1.17829088
11.818,0.011818,28.4418673,1.17893645
11.819,0.011819,28.4341908,1.17957385
11.82,0.01182,28.4266509,1.18019808
11.821,0.011821,28.4192646,1.18078665
11.822,0.011822,28.4119822,1.18136203
11.823,0.011823,28.4046454,1.18191203
11.824,0.011824,28.3972066,1.1824362
11.825,0.011825,28.3897385,1.18297375
11.826,0.011826,28.3822181,1.18349972
11.827,0.011827,28.3746455,1.18398609
11.828,0.011828,28.3669376,1.18447205
11.829,0.011829,28.3591644,1.18493891
11.83,0.01183,28.3511705,1.18540651
11.831,0.011831,28.3431279,1.18584177
11.832,0.011832,28.3350838,1.18626759
11.833,0.011833,28.3270718,1.18667492
11.834,0.011834,28.3189855,1.18707986
11.835,0.011835,28.310709,1.18748333
11.836,0.011836,28.3023303,1.18790592
11.837,0.011837,28.293809,1.18832019
11.838,0.011838,28.285184,1.18873017
11.839,0.011839,28.2765743,1.18916651
11.84,0.01184,28.2680085,1.1896129
11.841,0.011841,28.2596087,1.19002121
11.842,0.011842,28.2512917,1.19042901
11.843,0.011843,28.2430091,1.19082085
11.844,0.011844,28.234667,1.1912122
11.845,0.011845,28.2262559,1.1916192
11.846,0.011846,28.2178087,1.1920312
11.847,0.011847,28.2092366,1.19242206
11.848,0.011848,28.2005013,1.19274957
11.849,0.011849,28.1915366,1.1930843
11.85,0.01185,28.1824251,1.19345471
11.851,0.011851,28.1732278,1.19382495
11.852,0.011852,28.1640711,1.19420793
11.853,0.011853,28.1548032,1.19460846
11.854,0.011854,28.1455498,1.19500799
11.855,0.011855,28.1363037,1.19544098
11.856,0.011856,28.1269753,1.19590228
11.857,0.011857,28.1173493,1.19636593
11.858,0.011858,28.1075803,1.19682174
11.859,0.011859,28.0978336,1.19732504
11.86,0.01186,28.0880679,1.19787495
11.861,0.011861,28.0780939,1.19839538
11.862,0.011862,28.0680915,1.19886677
11.863,0.011863,28.0580505,1.19932644
11.864,0.011864,28.0478704,1.19975911
11.865,0.011865,28.0376425,1.20018886
11.866,0.011866,28.0274459,1.20064557
11.867,0.011867,28.0173031,1.2010842
11.868,0.011868,28.00731,1.20150633
11.869,0.011869,27.9974235,1.2019142
11.87,0.01187,27.9875786,1.20231455
11.871,0.011871,27.9779946,1.20269348
11.872,0.011872,27.9687652,1.203099
11.873,0.011873,27.9596112,1.20347681
11.874,0.011874,27.9504281,1.20384686
11.875,0.011875,27.9411836,1.20422695
11.876,0.011876,27.9319817,1.20459798
11.877,0.011877,27.9227368,1.2049931
11.878,0.011878,27.9135284,1.20544848
11.879,0.011879,27.904353,1.20593058
11.88,0.01188,27.8949581,1.20644632
11.881,0.011881,27.8854953,1.20700395
11.882,0.011882,27.8760586,1.20759812
11.883,0.011883,27.8667818,1.20822164
11.884,0.011884,27.8577179,1.20884005
11.885,0.011885,27.8488003,1.20942493
11.886,0.011886,27.8401647,1.21000414
11.887,0.011887,27.8317102,1.2105901
11.888,0.011888,27.8232831,1.21118996
11.889,0.011889,27.8148641,1.21180141
11.89,0.01189,27.8063729,1.21242818
11.891,0.011891,27.7978545,1.21305213
11.892,0.011892,27.7894272,1.21366013
11.893,0.011893,27.7809968,1.21427494
11.894,0.011894,27.7726545,1.2148963
11.895,0.011895,27.7643011,1.21554877
11.896,0.011896,27.7557494,1.21617379
11.897,0.011897,27.747167,1.21679706
11.898,0.011898,27.7387545,1.21737647
11.899,0.011899,27.7303158,1.21790246
11.9,0.0119,27.7218661,1.21842725
11.901,0.011901,27.7134347,1.21894126
11.902,0.011902,27.704891,1.21944583
11.903,0.011903,27.6962963,1.21994561
11.904,0.011904,27.6876473,1.22046873
11.905,0.011905,27.6789055,1.22098877
11.906,0.011906,27.6702217,1.22150125
11.907,0.011907,27.6616717,1.2220319
11.908,0.011908,27.653096,1.22256875
11.909,0.011909,27.6444537,1.22311586
11.91,0.01191,27.6358039,1.22370742
11.911,0.011911,27.6271775,1.2243482
11.912,0.011912,27.6184553,1.22500846
11.913,0.011913,27.6096571,1.22565494
11.914,0.011914,27.6007664,1.22626513
11.915,0.011915,27.5918865,1.22686684
11.916,0.011916,27.5831312,1.22744775
11.917,0.011917,27.5745137,1.2280438
11.918,0.011918,27.565994,1.22862963
11.919,0.011919,27.5574331,1.22921762
11.92,0.01192,27.5487234,1.2298349
11.921,0.011921,27.5400204,1.23046309
11.922,0.011922,27.5313947,1.23111848
11.923,0.011923,27.5227141,1.23176838
11.924,0.011924,27.5140882,1.23242631
11.925,0.011925,27.5054525,1.23312202
11.926,0.011926,27.4968739,1.23382265
11.927,0.011927,27.4883773,1.23449266
11.928,0.011928,27.4798345,1.23513949
11.929,0.011929,27.4711676,1.23581179
11.93,0.01193,27.4624637,1.23649667
11.931,0.011931,27.4537583,1.23717282
11.932,0.011932,27.4449854,1.23785414
11.933,0.011933,27.4361746,1.23853712
11.934,0.011934,27.4273328,1.23923931
11.935,0.011935,27.4183031,1.23994934
11.936,0.011936,27.4091289,1.24065853
11.937,0.011937,27.3997715,1.24135211
11.938,0.011938,27.3903584,1.24207126
11.939,0.011939,27.3808021,1.24279601
11.94,0.01194,27.3710538,1.24352955
11.941,0.011941,27.3611433,1.24424387
11.942,0.011942,27.3512806,1.24493389
11.943,0.011943,27.3414513,1.24561994
11.944,0.011944,27.3316092,1.24632219
11.945,0.011945,27.3218641,1.2470252
11.946,0.011946,27.3121321,1.24774158
11.947,0.011947,27.3022937,1.24845818
11.948,0.011948,27.2924371,1.24913633
11.949,0.011949,27.2826163,1.24984947
11.95,0.01195,27.2729739,1.25056125
11.951,0.011951,27.2634191,1.25127671
11.952,0.011952,27.2539361,1.251986
11.953,0.011953,27.2444362,1.25268211
11.954,0.011954,27.2349465,1.25339174
11.955,0.011955,27.2254462,1.25408094
11.956,0.011956,27.2160144,1.25475671
11.957,0.011957,27.2066862,1.25543149
11.958,0.011958,27.1974172,1.25613366
11.959,0.011959,27.1884212,1.25683692
11.96,0.01196,27.1796269,1.25753384
11.961,0.011961,27.170995,1.25826115
11.962,0.011962,27.1623289,1.25898009
11.963,0.011963,27.1538272,1.25966339
11.964,0.011964,27.1455181,1.26029795
11.965,0.011965,27.1373217,1.26088804
11.966,0.011966,27.1292703,1.26146057
11.967,0.011967,27.121517,1.2620465
11.968,0.011968,27.1139378,1.26261766
11.969,0.011969,27.1063454,1.26315287
11.97,0.01197,27.0987863,1.26367287
11.971,0.011971,27.0912918,1.26418812
11.972,0.011972,27.0836895,1.26468914
11.973,0.011973,27.0761231,1.26518234
11.974,0.011974,27.0687142,1.26567266
11.975,0.011975,27.0614839,1.26620174
11.976,0.011976,27.0543584,1.26675643
11.977,0.011977,27.0471617,1.26731247
11.978,0.011978,27.039941,1.26787684
11.979,0.011979,27.0326921,1.26847287
11.98,0.01198,27.0253994,1.26905331
11.981,0.011981,27.0181213,1.26964763
11.982,0.011982,27.0106268,1.27023399
11.983,0.011983,27.003035,1.27083261
11.984,0.011984,26.9954226,1.27148615
11.985,0.011985,26.9878607,1.27217499
11.986,0.011986,26.9803305,1.27290886
11.987,0.011987,26.9727225,1.27364024
11.988,0.011988,26.9650675,1.27434388
11.989,0.011989,26.9574341,1.27500505
11.99,0.01199,26.9498891,1.27557583
11.991,0.011991,26.9424605,1.27613996
11.992,0.011992,26.9351823,1.27673548
11.993,0.011993,26.9280373,1.27734801
11.994,0.011994,26.9209436,1.27797636
11.995,0.011995,26.9138884,1.27861413
11.996,0.011996,26.9068176,1.27924887
11.997,0.011997,26.8996607,1.2798905
11.998,0.011998,26.8922692,1.28053561
11.999,0.011999,26.8847057,1.28117221
12,0.012,26.8770854,1.28177497
12.001,0.012001,26.8696183,1.2823383
12.002,0.012002,26.8622832,1.28288522
12.003,0.012003,26.8551058,1.28341448
12.004,0.012004,26.8479436,1.28389444
12.005,0.012005,26.840633,1.28433521
12.006,0.012006,26.8333864,1.28478333
12.007,0.012007,26.8262474,1.28524051
12.008,0.012008,26.8190407,1.28569796
12.009,0.012009,26.811683,1.28614638
12.01,0.01201,26.8042429,1.2865678
12.011,0.012011,26.7967154,1.2870232
12.012,0.012012,26.7891938,1.2874937
12.013,0.012013,26.781615,1.28795819
12.014,0.012014,26.7738269,1.28842961
12.015,0.012015,26.7658482,1.28891007
12.016,0.012016,26.7579108,1.2894347
12.017,0.012017,26.750014,1.2899684
12.018,0.012018,26.742283,1.29048141
12.019,0.012019,26.7345842,1.29097781
12.02,0.01202,26.726871,1.29148368
12.021,0.012021,26.7191399,1.29197273
12.022,0.012022,26.7112664,1.29246623
12.023,0.012023,26.7033279,1.29300994
12.024,0.012024,26.6953773,1.293572
12.025,0.012025,26.6874289,1.29410844
12.026,0.012026,26.6794189,1.29461394
12.027,0.012027,26.671339,1.29507169
12.028,0.012028,26.6633335,1.29553593
12.029,0.012029,26.6553697,1.29599988
12.03,0.01203,26.6472287,1.29647157
12.031,0.012031,26.6391564,1.29693245
12.032,0.012032,26.6312152,1.2973696
12.033,0.012033,26.6233197,1.29780241
12.034,0.012034,26.6155358,1.29824441
12.035,0.012035,26.6079161,1.29870283
12.036,0.012036,26.6004113,1.29919159
12.037,0.012037,26.5929742,1.29974076
12.038,0.012038,26.5856533,1.30034984
12.039,0.012039,26.5784865,1.30096177
12.04,0.01204,26.5714372,1.3015726
12.041,0.012041,26.564298,1.30214035
12.042,0.012042,26.5570479,1.30271677
12.043,0.012043,26.5496404,1.30329456
12.044,0.012044,26.5422319,1.30387455
12.045,0.012045,26.5347915,1.30446488
12.046,0.012046,26.5273872,1.30504702
12.047,0.012047,26.5198637,1.30557775
12.048,0.012048,26.512252,1.3060891
12.049,0.012049,26.5047114,1.30661256
12.05,0.01205,26.497251,1.30714033
12.051,0.012051,26.4897595,1.30764619
12.052,0.012052,26.4822173,1.30811745
12.053,0.012053,26.4746633,1.3085354
12.054,0.012054,26.4671355,1.30894353
12.055,0.012055,26.4596533,1.30939075
12.056,0.012056,26.452024,1.30986486
12.057,0.012057,26.4443987,1.31032624
12.058,0.012058,26.4369073,1.31081441
12.059,0.012059,26.4295007,1.31132259
12.06,0.01206,26.4223115,1.31187032
12.061,0.012061,26.415383,1.31242123
12.062,0.012062,26.4086086,1.3129332
12.063,0.012063,26.4019695,1.31342007
12.064,0.012064,26.3955082,1.3139218
12.065,0.012065,26.3890794,1.31441491
12.066,0.012066,26.3826148,1.31495556
12.067,0.012067,26.3760364,1.31549539
12.068,0.012068,26.3694076,1.31604766
12.069,0.012069,26.3628096,1.31662631
12.07,0.01207,26.3561931,1.31720616
12.071,0.012071,26.3496276,1.31781881
12.072,0.012072,26.3431141,1.31842601
12.073,0.012073,26.3365644,1.31903601
12.074,0.012074,26.3299046,1.3196374
12.075,0.012075,26.3232022,1.32024688
12.076,0.012076,26.3164656,1.3208891
12.077,0.012077,26.3095973,1.32154535
12.078,0.012078,26.3026151,1.32222918
12.079,0.012079,26.2956885,1.32291184
12.08,0.01208,26.2889286,1.32358002
12.081,0.012081,26.2823804,1.32425075
12.082,0.012082,26.2760103,1.3249059
12.083,0.012083,26.2696546,1.32554804
12.084,0.012084,26.2635574,1.32613652
12.085,0.012085,26.2575063,1.3266761
12.086,0.012086,26.2514309,1.32718664
12.087,0.012087,26.2455387,1.32767892
12.088,0.012088,26.2398541,1.32822828
12.089,0.012089,26.2341741,1.32878352
12.09,0.01209,26.2285564,1.32934667
12.091,0.012091,26.2229897,1.32993067
12.092,0.012092,26.2174329,1.33055274
12.093,0.012093,26.2118478,1.33120504
12.094,0.012094,26.2061621,1.33187731
12.095,0.012095,26.2003399,1.33251862
12.096,0.012096,26.1943913,1.333106
12.097,0.012097,26.1882023,1.3336704
12.098,0.012098,26.1818222,1.33425931
12.099,0.012099,26.1753344,1.33488196
12.1,0.0121,26.168791,1.33548765
12.101,0.012101,26.1623324,1.33610091
12.102,0.012102,26.155896,1.33671624
12.103,0.012103,26.1494676,1.33736976
12.104,0.012104,26.1431892,1.33809415
12.105,0.012105,26.1369104,1.33884257
12.106,0.012106,26.1305623,1.33956683
12.107,0.012107,26.1242658,1.34028708
12.108,0.012108,26.1181085,1.34102702
12.109,0.012109,26.1119961,1.34177364
12.11,0.01211,26.1059414,1.34250741
12.111,0.012111,26.0998305,1.34319074
12.112,0.012112,26.0937191,1.34390045
12.113,0.012113,26.0874651,1.34463115
12.114,0.012114,26.0812927,1.34539229
12.115,0.012115,26.0751904,1.34617176
12.116,0.012116,26.0691396,1.34696914
12.117,0.012117,26.0632103,1.34781536
12.118,0.012118,26.0572241,1.34865709
12.119,0.012119,26.051302,1.34950172
12.12,0.01212,26.0455201,1.35031626
12.121,0.012121,26.0398447,1.35112178
12.122,0.012122,26.0341579,1.35194539
12.123,0.012123,26.0286069,1.35280343
12.124,0.012124,26.0230638,1.35363239
12.125,0.012125,26.0173904,1.35442681
12.126,0.012126,26.0116666,1.35520207
12.127,0.012127,26.0060916,1.35596052
12.128,0.012128,26.0007363,1.35667662
12.129,0.012129,25.9953915,1.35741286
12.13,0.01213,25.9899448,1.35815708
12.131,0.012131,25.9844074,1.35891478
12.132,0.012132,25.9787641,1.35967358
12.133,0.012133,25.9731915,1.36042303
12.134,0.012134,25.9676576,1.3612073
12.135,0.012135,25.9621156,1.3619706
12.136,0.012136,25.9566328,1.36272859
12.137,0.012137,25.9512965,1.36348864
12.138,0.012138,25.9461046,1.36422412
12.139,0.012139,25.9409698,1.36496662
12.14,0.01214,25.9358855,1.36574647
12.141,0.012141,25.9309177,1.36653789
12.142,0.012142,25.9260569,1.3673214
12.143,0.012143,25.9213345,1.36815445
12.144,0.012144,25.9167426,1.36901393
12.145,0.012145,25.9121626,1.36984389
12.146,0.012146,25.9076091,1.37066853
12.147,0.012147,25.9031331,1.37149502
12.148,0.012148,25.8986989,1.3723333
12.149,0.012149,25.8943192,1.37316187
12.15,0.01215,25.8899439,1.3739805
12.151,0.012151,25.8854584,1.37477912
12.152,0.012152,25.8808221,1.37554885
12.153,0.012153,25.8760729,1.37632468
12.154,0.012154,25.8712713,1.37707587
12.155,0.012155,25.8663718,1.37783117
12.156,0.012156,25.8614786,1.37858266
12.157,0.012157,25.8566051,1.37931453
12.158,0.012158,25.8517428,1.38004085
12.159,0.012159,25.8468894,1.38075941
12.16,0.01216,25.84209,1.38144099
12.161,0.012161,25.8374447,1.3821393
12.162,0.012162,25.832876,1.38284659
12.163,0.012163,25.8283192,1.38356047
12.164,0.012164,25.8238545,1.38426906
12.165,0.012165,25.8195039,1.38496091
12.166,0.012166,25.815311,1.38564689
12.167,0.012167,25.8112858,1.38631759
12.168,0.012168,25.807415,1.38699617
12.169,0.012169,25.8036893,1.38768165
12.17,0.01217,25.7998032,1.38835941
12.171,0.012171,25.7957875,1.38901351
12.172,0.012172,25.7919039,1.38969481
12.173,0.012173,25.7881474,1.39036775
12.174,0.012174,25.7842677,1.3910793
12.175,0.012175,25.780367,1.39182228
12.176,0.012176,25.7764781,1.39260265
12.177,0.012177,25.7728325,1.393403
12.178,0.012178,25.7694526,1.39415994
12.179,0.012179,25.7662214,1.39488026
12.18,0.01218,25.7630448,1.39553466
12.181,0.012181,25.7598517,1.3961299
12.182,0.012182,25.7566896,1.39672528
12.183,0.012183,25.7534464,1.39728915
12.184,0.012184,25.7502719,1.397851
12.185,0.012185,25.7472073,1.39842358
12.186,0.012186,25.744197,1.39900723
12.187,0.012187,25.7413588,1.39963727
12.188,0.012188,25.7388231,1.40029781
12.189,0.012189,25.7364924,1.40095772
12.19,0.01219,25.7343569,1.40162308
12.191,0.012191,25.7323968,1.40228633
12.192,0.012192,25.7303361,1.40296077
12.193,0.012193,25.7280802,1.40364131
12.194,0.012194,25.7256244,1.40430642
12.195,0.012195,25.7232536,1.40497364
12.196,0.012196,25.7209857,1.40562564
12.197,0.012197,25.7187835,1.40623984
12.198,0.012198,25.7165216,1.40682832
12.199,0.012199,25.7140304,1.40743277
12.2,0.0122,25.7114562,1.40802807
12.201,0.012201,25.7088769,1.40861896
12.202,0.012202,25.7063772,1.40921841
12.203,0.012203,25.7039188,1.4098587
12.204,0.012204,25.7014533,1.41051993
12.205,0.012205,25.6988507,1.41119735
12.206,0.012206,25.6961244,1.41187847
12.207,0.012207,25.6934255,1.41255644
12.208,0.012208,25.6908084,1.41322711
12.209,0.012209,25.6882566,1.41389515
12.21,0.01221,25.6856918,1.41456037
12.211,0.012211,25.6832507,1.41523706
12.212,0.012212,25.6809183,1.41595557
12.213,0.012213,25.6786304,1.41668736
12.214,0.012214,25.6763424,1.41740817
12.215,0.012215,25.6740681,1.41811022
12.216,0.012216,25.6715246,1.41880297
12.217,0.012217,25.6688599,1.41948445
12.218,0.012218,25.6662658,1.42013464
12.219,0.012219,25.6637379,1.42076775
12.22,0.01222,25.6611731,1.42138797
12.221,0.012221,25.6585546,1.42196772
12.222,0.012222,25.6558764,1.42252454
12.223,0.012223,25.6531421,1.42305755
12.224,0.012224,25.6503004,1.42358388
12.225,0.012225,25.6474655,1.424067
12.226,0.012226,25.6446009,1.42454181
12.227,0.012227,25.6416389,1.425014
12.228,0.012228,25.6386906,1.42552357
12.229,0.012229,25.6356939,1.42605547
12.23,0.01223,25.6326512,1.42656923
12.231,0.012231,25.6297013,1.42705937
12.232,0.012232,25.6269276,1.42755818
12.233,0.012233,25.6241689,1.42805556
12.234,0.012234,25.6213959,1.4285467
12.235,0.012235,25.6186492,1.42901387
12.236,0.012236,25.6159821,1.42946869
12.237,0.012237,25.61338,1.42991484
12.238,0.012238,25.6107425,1.43039161
12.239,0.012239,25.608095,1.43093392
12.24,0.01224,25.6055186,1.4315323
12.241,0.012241,25.603055,1.43214265
12.242,0.012242,25.600588,1.43277462
12.243,0.012243,25.5980798,1.43339759
12.244,0.012244,25.5954768,1.43401935
12.245,0.012245,25.592958,1.434636
12.246,0.012246,25.5906278,1.43521092
12.247,0.012247,25.5884899,1.43576802
12.248,0.012248,25.5864934,1.43633455
12.249,0.012249,25.5846154,1.43688176
12.25,0.01225,25.5829446,1.43739597
12.251,0.012251,25.5814092,1.43785055
12.252,0.012252,25.5801159,1.43824681
12.253,0.012253,25.5789847,1.43862503
12.254,0.012254,25.5778821,1.43897597
12.255,0.012255,25.5767824,1.43930021
12.256,0.012256,25.5756866,1.43963643
12.257,0.012257,25.574655,1.43997134
12.258,0.012258,25.5736564,1.44030394
12.259,0.012259,25.5727225,1.44068156
12.26,0.01226,25.5718011,1.44108158
12.261,0.012261,25.5708646,1.44150549
12.262,0.012262,25.5700109,1.44189906
12.263,0.012263,25.5692868,1.44229493
12.264,0.012264,25.5686955,1.44269103
12.265,0.012265,25.5681386,1.44305142
12.266,0.012266,25.5673069,1.44341268
12.267,0.012267,25.5663463,1.44375019
12.268,0.012268,25.5654477,1.4441103
12.269,0.012269,25.5648434,1.44449381
12.27,0.01227,25.5644614,1.44489295
12.271,0.012271,25.5641494,1.44526325
12.272,0.012272,25.563741,1.44566055
12.273,0.012273,25.5631919,1.44604534
12.274,0.012274,25.5624381,1.44641003
12.275,0.012275,25.561459,1.44672806
12.276,0.012276,25.5606034,1.44708925
12.277,0.012277,25.5598981,1.4474741
12.278,0.012278,25.5593749,1.44789786
12.279,0.012279,25.5590567,1.44834136
12.28,0.01228,25.5588844,1.44882759
12.281,0.012281,25.5588117,1.44933064
12.282,0.012282,25.55878,1.44984095
12.283,0.012283,25.558636,1.45037246
12.284,0.012284,25.5583006,1.45089731
12.285,0.012285,25.5579519,1.45143991
12.286,0.012286,25.5576386,1.45198746
12.287,0.012287,25.5572239,1.45253845
12.288,0.012288,25.5565794,1.45307946
12.289,0.012289,25.5557342,1.45361096
12.29,0.01229,25.5549089,1.45414109
12.291,0.012291,25.5539649,1.45463092
12.292,0.012292,25.5528889,1.45510286
12.293,0.012293,25.5517755,1.45557784
12.294,0.012294,25.5508719,1.45604384
12.295,0.012295,25.5500251,1.45649084
12.296,0.012296,25.5492166,1.45693452
12.297,0.012297,25.5484397,1.45736881
12.298,0.012298,25.5477369,1.45776746
12.299,0.012299,25.5471574,1.45815953
12.3,0.0123,25.546597,1.45854574
12.301,0.012301,25.5458572,1.45894323
12.302,0.012302,25.5449798,1.45930552
12.303,0.012303,25.5439851,1.45961073
12.304,0.012304,25.5428637,1.45990695
12.305,0.012305,25.5416574,1.46019943
12.306,0.012306,25.540431,1.46049609
12.307,0.012307,25.5391867,1.46080558
12.308,0.012308,25.5377009,1.46110562
12.309,0.012309,25.5359341,1.46140473
12.31,0.01231,25.5339659,1.46169964
12.311,0.012311,25.5318172,1.4619742
12.312,0.012312,25.5297425,1.46228436
12.313,0.012313,25.5278133,1.46257101
12.314,0.012314,25.5258623,1.46281246
12.315,0.012315,25.5238907,1.46303646
12.316,0.012316,25.5219714,1.46322923
12.317,0.012317,25.5201131,1.46338341
12.318,0.012318,25.5182843,1.46355546
12.319,0.012319,25.5163844,1.46371389
12.32,0.01232,25.5142901,1.46383243
12.321,0.012321,25.5121411,1.46394554
12.322,0.012322,25.5099926,1.4640467
12.323,0.012323,25.5078501,1.46415527
12.324,0.012324,25.5055938,1.46424911
12.325,0.012325,25.5033792,1.4643677
12.326,0.012326,25.5011692,1.46450555
12.327,0.012327,25.4990301,1.46466447
12.328,0.012328,25.4967356,1.46484534
12.329,0.012329,25.494269,1.46504939
12.33,0.01233,25.4918342,1.46523419
12.331,0.012331,25.4894723,1.46539896
12.332,0.012332,25.487284,1.46556607
12.333,0.012333,25.4852893,1.46571329
12.334,0.012334,25.4832938,1.46582103
12.335,0.012335,25.4812301,1.4659157
12.336,0.012336,25.479122,1.46601898
12.337,0.012337,25.476978,1.46610027
12.338,0.012338,25.4748199,1.46618759
12.339,0.012339,25.4727175,1.46627113
12.34,0.01234,25.4706932,1.46635006
12.341,0.012341,25.468615,1.46640124
12.342,0.012342,25.466427,1.46643708
12.343,0.012343,25.464159,1.4664761
12.344,0.012344,25.4618164,1.4664802
12.345,0.012345,25.4593623,1.46647435
12.346,0.012346,25.4568495,1.46643697
12.347,0.012347,25.4543159,1.46643768
12.348,0.012348,25.4518632,1.46643753
12.349,0.012349,25.4494061,1.46642098
12.35,0.01235,25.4470044,1.46637475
12.351,0.012351,25.4447654,1.46632171
12.352,0.012352,25.4426937,1.46625318
12.353,0.012353,25.4406609,1.46617809
12.354,0.012354,25.4386772,1.46609773
12.355,0.012355,25.436758,1.46603121
12.356,0.012356,25.4351034,1.46599052
12.357,0.012357,25.433487,1.46593542
12.358,0.012358,25.4318872,1.46587735
12.359,0.012359,25.4303158,1.46582467
12.36,0.01236,25.42882,1.46575608
12.361,0.012361,25.4272506,1.46566213
12.362,0.012362,25.4257992,1.4655309
12.363,0.012363,25.4245802,1.46540806
12.364,0.012364,25.423512,1.46532233
12.365,0.012365,25.4225598,1.46527892
12.366,0.012366,25.4216227,1.4652589
12.367,0.012367,25.4206835,1.46523236
12.368,0.012368,25.4198556,1.46517414
12.369,0.012369,25.4190807,1.4651204
12.37,0.01237,25.4182785,1.46503431
12.371,0.012371,25.4174293,1.46492205
12.372,0.012372,25.4166046,1.46478771
12.373,0.012373,25.4159669,1.46467722
12.374,0.012374,25.4154764,1.46459729
12.375,0.012375,25.4149422,1.46452301
12.376,0.012376,25.4144132,1.46446411
12.377,0.012377,25.4139516,1.46441956
12.378,0.012378,25.4134426,1.46433499
12.379,0.012379,25.4129723,1.46425286
12.38,0.01238,25.4127203,1.46416869
12.381,0.012381,25.412497,1.46406494
12.382,0.012382,25.4123002,1.46397096
12.383,0.012383,25.4120824,1.46385725
12.384,0.012384,25.4117976,1.46372119
12.385,0.012385,25.4114392,1.46359577
12.386,0.012386,25.4109811,1.46348519
12.387,0.012387,25.4102943,1.46335879
12.388,0.012388,25.4096372,1.46322245
12.389,0.012389,25.4089586,1.46308128
12.39,0.01239,25.4082877,1.4628958
12.391,0.012391,25.4075651,1.46271347
12.392,0.012392,25.4067948,1.4625462
12.393,0.012393,25.406024,1.46239154
12.394,0.012394,25.405344,1.46225167
12.395,0.012395,25.4046523,1.4621255
12.396,0.012396,25.4039426,1.46200202
12.397,0.012397,25.4032075,1.46188858
12.398,0.012398,25.4024454,1.46176152
12.399,0.012399,25.4017117,1.46164411
12.4,0.0124,25.4009411,1.46154727
12.401,0.012401,25.4002562,1.46149838
12.402,0.012402,25.3995983,1.4614769
12.403,0.012403,25.3989555,1.46148385
12.404,0.012404,25.3983297,1.46146097
12.405,0.012405,25.397769,1.4614224
12.406,0.012406,25.3973253,1.46135689
12.407,0.012407,25.3970281,1.46129733
12.408,0.012408,25.3967639,1.46123756
12.409,0.012409,25.3965143,1.46122785
12.41,0.01241,25.3962513,1.46122262
12.411,0.012411,25.3960407,1.4612182
12.412,0.012412,25.39579,1.46120094
12.413,0.012413,25.3954442,1.46115679
12.414,0.012414,25.3951363,1.46107029
12.415,0.012415,25.3948522,1.46097108
12.416,0.012416,25.3944765,1.46087774
12.417,0.012417,25.3940054,1.46078993
12.418,0.012418,25.3934586,1.46066596
12.419,0.012419,25.3929487,1.46057442
12.42,0.01242,25.3925171,1.46052253
12.421,0.012421,25.3921184,1.4605228
12.422,0.012422,25.3916852,1.46055239
12.423,0.012423,25.391169,1.4605671
12.424,0.012424,25.3906597,1.46060065
12.425,0.012425,25.390354,1.4606501
12.426,0.012426,25.3899304,1.46070801
12.427,0.012427,25.3893169,1.46076933
12.428,0.012428,25.3886155,1.46084194
12.429,0.012429,25.3880427,1.46092393
12.43,0.01243,25.3874616,1.46101135
12.431,0.012431,25.386787,1.4611292
12.432,0.012432,25.385931,1.46126963
12.433,0.012433,25.3848566,1.46141356
12.434,0.012434,25.3836826,1.46156769
12.435,0.012435,25.3824421,1.46172533
12.436,0.012436,25.381183,1.46186997
12.437,0.012437,25.3799401,1.46196665
12.438,0.012438,25.378739,1.46206306
12.439,0.012439,25.3776369,1.46216457
12.44,0.01244,25.3767426,1.46229396
12.441,0.012441,25.3757979,1.46243004
12.442,0.012442,25.374862,1.46258596
12.443,0.012443,25.3739023,1.46272494
12.444,0.012444,25.3728776,1.46287017
12.445,0.012445,25.3717809,1.46302585
12.446,0.012446,25.3707341,1.46320293
12.447,0.012447,25.3697477,1.46342613
12.448,0.012448,25.3687233,1.46364971
12.449,0.012449,25.3678214,1.46387985
12.45,0.01245,25.3670191,1.46412173
12.451,0.012451,25.3662997,1.46435602
12.452,0.012452,25.3657052,1.46464506
12.453,0.012453,25.3651877,1.46493834
12.454,0.012454,25.3647662,1.46524843
12.455,0.012455,25.3644076,1.46555169
12.456,0.012456,25.3642238,1.46582169
12.457,0.012457,25.3642201,1.46607957
12.458,0.012458,25.3644412,1.46638093
12.459,0.012459,25.3648825,1.46668906
12.46,0.01246,25.3653336,1.46699471
12.461,0.012461,25.3657472,1.46729712
12.462,0.012462,25.3661737,1.46758786
12.463,0.012463,25.3664739,1.46789954
12.464,0.012464,25.3666483,1.46819823
12.465,0.012465,25.3669434,1.46854741
12.466,0.012466,25.3672937,1.46893087
12.467,0.012467,25.3677714,1.46932099
12.468,0.012468,25.3683989,1.46969958
12.469,0.012469,25.3689856,1.47005974
12.47,0.01247,25.3698307,1.47043408
12.471,0.012471,25.371081,1.47080147
12.472,0.012472,25.3725418,1.47114919
12.473,0.012473,25.3740726,1.47145998
12.474,0.012474,25.375613,1.47177817
12.475,0.012475,25.3772642,1.47210515
12.476,0.012476,25.3789489,1.47240872
12.477,0.012477,25.3806316,1.47270054
12.478,0.012478,25.3823649,1.47297988
12.479,0.012479,25.3840925,1.47325872
12.48,0.01248,25.3858382,1.47355503
12.481,0.012481,25.3874839,1.47387331
12.482,0.012482,25.3890663,1.4741991
12.483,0.012483,25.3908199,1.47456169
12.484,0.012484,25.3925356,1.47495199
12.485,0.012485,25.3943095,1.47535434
12.486,0.012486,25.396235,1.47576657
12.487,0.012487,25.3983574,1.47616813
12.488,0.012488,25.4006736,1.47655366
12.489,0.012489,25.4030923,1.47692316
12.49,0.01249,25.4055814,1.47729165
12.491,0.012491,25.4081457,1.47766455
12.492,0.012492,25.4105789,1.4780615
12.493,0.012493,25.4130149,1.47848972
12.494,0.012494,25.4155943,1.47893311
12.495,0.012495,25.4181857,1.47938275
12.496,0.012496,25.4206609,1.47981571
12.497,0.012497,25.4230935,1.48021014
12.498,0.012498,25.4256606,1.48062133
12.499,0.012499,25.428175,1.48104533
12.5,0.0125,25.4307143,1.48147574
12.501,0.012501,25.4332433,1.48191402
12.502,0.012502,25.4357508,1.48235823
12.503,0.012503,25.4381482,1.48277021
12.504,0.012504,25.4407122,1.48319952
12.505,0.012505,25.4434809,1.48364701
12.506,0.012506,25.4461596,1.48410868
12.507,0.012507,25.4487156,1.48456999
12.508,0.012508,25.4511809,1.4850379
12.509,0.012509,25.453506,1.48550363
12.51,0.01251,25.4558226,1.48596154
12.511,0.012511,25.4582572,1.48639462
12.512,0.012512,25.460855,1.48676814
12.513,0.012513,25.4635847,1.48711903
12.514,0.012514,25.4664659,1.48748659
12.515,0.012515,25.4694859,1.487885
12.516,0.012516,25.4726084,1.48832044
12.517,0.012517,25.4758563,1.48874422
12.518,0.012518,25.4791736,1.489165
12.519,0.012519,25.4824958,1.48959056
12.52,0.01252,25.485876,1.48998777
12.521,0.012521,25.4893353,1.49038544
12.522,0.012522,25.4929408,1.4908182
12.523,0.012523,25.4965126,1.49126557
12.524,0.012524,25.500085,1.49172067
12.525,0.012525,25.5036748,1.49216922
12.526,0.012526,25.507306,1.49260442
12.527,0.012527,25.5108193,1.49303284
12.528,0.012528,25.5141082,1.4934697
12.529,0.012529,25.5171135,1.49393768
12.53,0.01253,25.5200657,1.49443414
12.531,0.012531,25.5229195,1.4949162
12.532,0.012532,25.5258232,1.49540466
12.533,0.012533,25.5287867,1.49589829
12.534,0.012534,25.5318211,1.49641275
12.535,0.012535,25.5347921,1.49693122
12.536,0.012536,25.5378245,1.49746183
12.537,0.012537,25.5409068,1.49799361
12.538,0.012538,25.5440417,1.49852364
12.539,0.012539,25.5472884,1.49902832
12.54,0.01254,25.5505813,1.49950365
12.541,0.012541,25.5539114,1.49996285
12.542,0.012542,25.5573419,1.50043108
12.543,0.012543,25.5609084,1.50092167
12.544,0.012544,25.5645707,1.50142876
12.545,0.012545,25.5683024,1.50195664
12.546,0.012546,25.572212,1.50249397
12.547,0.012547,25.5763407,1.50305759
12.548,0.012548,25.5805449,1.50361275
12.549,0.012549,25.5849189,1.50417828
12.55,0.01255,25.5894002,1.50474191
12.551,0.012551,25.5939269,1.50529914
12.552,0.012552,25.5984443,1.5058679
12.553,0.012553,25.6028782,1.50645336
12.554,0.012554,25.6073865,1.50706116
12.555,0.012555,25.6118316,1.5076558
12.556,0.012556,25.6162803,1.50826959
12.557,0.012557,25.620827,1.50887908
12.558,0.012558,25.6253874,1.50949534
12.559,0.012559,25.6298456,1.51012141
12.56,0.01256,25.6342877,1.51075253
12.561,0.012561,25.6388217,1.51138159
12.562,0.012562,25.6434254,1.51198624
12.563,0.012563,25.648163,1.51256775
12.564,0.012564,25.6528273,1.51314783
12.565,0.012565,25.6573656,1.51372795
12.566,0.012566,25.6618692,1.51432827
12.567,0.012567,25.6662787,1.51492906
12.568,0.012568,25.6707206,1.51550301
12.569,0.012569,25.6750259,1.51606019
12.57,0.01257,25.6791885,1.51661133
12.571,0.012571,25.6832239,1.51716927
12.572,0.012572,25.6871669,1.51774908
12.573,0.012573,25.6908657,1.51831387
12.574,0.012574,25.6943118,1.51888243
12.575,0.012575,25.6975575,1.5194727
12.576,0.012576,25.7006978,1.52009032
12.577,0.012577,25.703823,1.52074275
12.578,0.012578,25.7070372,1.52138312
12.579,0.012579,25.7103257,1.5220441
12.58,0.01258,25.7136061,1.52270523
12.581,0.012581,25.7167462,1.52335089
12.582,0.012582,25.7198867,1.52400355
12.583,0.012583,25.7230295,1.52466126
12.584,0.012584,25.7259761,1.52533676
12.585,0.012585,25.7288201,1.52603554
12.586,0.012586,25.7317259,1.52672401
12.587,0.012587,25.7346889,1.52740363
12.588,0.012588,25.7378591,1.52808392
12.589,0.012589,25.7412343,1.52879317
12.59,0.01259,25.7446606,1.52954253
12.591,0.012591,25.7480727,1.53027081
12.592,0.012592,25.7515514,1.5309954
12.593,0.012593,25.754987,1.53168418
12.594,0.012594,25.7582623,1.53237843
12.595,0.012595,25.7613547,1.53307958
12.596,0.012596,25.7643553,1.53380667
12.597,0.012597,25.767253,1.53456956
12.598,0.012598,25.7701618,1.53531321
12.599,0.012599,25.7730729,1.53604113
12.6,0.0126,25.7760246,1.5367253
12.601,0.012601,25.7789315,1.53736811
12.602,0.012602,25.7817904,1.5379703
12.603,0.012603,25.7846966,1.53856025
12.604,0.012604,25.7877542,1.5391435
12.605,0.012605,25.7909606,1.53971609
12.606,0.012606,25.7943272,1.54030334
12.607,0.012607,25.7977445,1.54093486
12.608,0.012608,25.8011794,1.54160368
12.609,0.012609,25.8044973,1.5422485
12.61,0.01261,25.8076236,1.54286455
12.611,0.012611,25.8107154,1.54352857
12.612,0.012612,25.8137804,1.54424045
12.613,0.012613,25.8169237,1.54495374
12.614,0.012614,25.8202441,1.54568191
12.615,0.012615,25.8234568,1.54638813
12.616,0.012616,25.8266167,1.54706363
12.617,0.012617,25.8296491,1.54774393
12.618,0.012618,25.832596,1.5484408
12.619,0.012619,25.83561,1.54914579
12.62,0.01262,25.8387629,1.54987246
12.621,0.012621,25.842052,1.55058367
12.622,0.012622,25.8452674,1.55130071
12.623,0.012623,25.8484466,1.55201588
12.624,0.012624,25.851741,1.55274393
12.625,0.012625,25.8552863,1.55348427
12.626,0.012626,25.8587195,1.55423739
12.627,0.012627,25.8621393,1.55497664
12.628,0.012628,25.8657217,1.55569387
12.629,0.012629,25.869212,1.55638125
12.63,0.01263,25.8727779,1.55703968
12.631,0.012631,25.8763278,1.55770025
12.632,0.012632,25.8798843,1.55834894
12.633,0.012633,25.8834569,1.55901624
12.634,0.012634,25.8870855,1.55970556
12.635,0.012635,25.8908478,1.56038247
12.636,0.012636,25.8946179,1.56103971
12.637,0.012637,25.8984943,1.56167637
12.638,0.012638,25.902418,1.56230743
12.639,0.012639,25.906231,1.5629389
12.64,0.01264,25.9099592,1.56353567
12.641,0.012641,25.9136112,1.56410179
12.642,0.012642,25.9173064,1.56466212
12.643,0.012643,25.9210272,1.56520759
12.644,0.012644,25.9248138,1.56574959
12.645,0.012645,25.9286001,1.56628649
12.646,0.012646,25.9322884,1.56681615
12.647,0.012647,25.9357562,1.5673325
12.648,0.012648,25.9391034,1.56782312
12.649,0.012649,25.9425041,1.56835029
12.65,0.01265,25.9460122,1.56893398
12.651,0.012651,25.9494456,1.56952716
12.652,0.012652,25.9528757,1.57009819
12.653,0.012653,25.9562451,1.57066643
12.654,0.012654,25.9595401,1.57123988
12.655,0.012655,25.9627509,1.57183694
12.656,0.012656,25.9659921,1.57243935
12.657,0.012657,25.9694083,1.57302471
12.658,0.012658,25.9729455,1.57362837
12.659,0.012659,25.9763801,1.57424518
12.66,0.01266,25.9796403,1.57487994
12.661,0.012661,25.9827736,1.57548398
12.662,0.012662,25.9860114,1.57609249
12.663,0.012663,25.989483,1.57672263
12.664,0.012664,25.9931111,1.5773319
12.665,0.012665,25.9968685,1.57795105
12.666,0.012666,26.0007775,1.57854209
12.667,0.012667,26.0046443,1.57912737
12.668,0.012668,26.0084868,1.57972263
12.669,0.012669,26.0122985,1.58035328
12.67,0.01267,26.0159846,1.58097952
12.671,0.012671,26.019677,1.58158556
12.672,0.012672,26.0231875,1.58217717
12.673,0.012673,26.0266265,1.582738
12.674,0.012674,26.02997,1.58328882
12.675,0.012675,26.0333044,1.58386946
12.676,0.012676,26.036753,1.5844411
12.677,0.012677,26.0401534,1.58502182
12.678,0.012678,26.0436632,1.58562064
12.679,0.012679,26.0473145,1.58623853
12.68,0.01268,26.0511577,1.586865
12.681,0.012681,26.054972,1.58749677
12.682,0.012682,26.058658,1.58816621
12.683,0.012683,26.0623653,1.58885761
12.684,0.012684,26.0661497,1.58953377
12.685,0.012685,26.0698764,1.59020665
12.686,0.012686,26.0735063,1.59091483
12.687,0.012687,26.0770988,1.59164039
12.688,0.012688,26.080775,1.59231684
12.689,0.012689,26.084655,1.59294879
12.69,0.01269,26.0886899,1.59358831
12.691,0.012691,26.0928135,1.59423338
12.692,0.012692,26.0969059,1.59490487
12.693,0.012693,26.1011225,1.59559345
12.694,0.012694,26.1055553,1.59630782
12.695,0.012695,26.1100203,1.59701746
12.696,0.012696,26.1143224,1.59768799
12.697,0.012697,26.1186405,1.59832638
12.698,0.012698,26.1230041,1.59893421
12.699,0.012699,26.1272734,1.5995221
12.7,0.0127,26.1315532,1.60010403
12.701,0.012701,26.1358272,1.6006417
12.702,0.012702,26.1400591,1.60115721
12.703,0.012703,26.1443251,1.60167076
12.704,0.012704,26.1485473,1.60216477
12.705,0.012705,26.152668,1.60262075
12.706,0.012706,26.1565591,1.60305665
12.707,0.012707,26.1603789,1.60347359
12.708,0.012708,26.1640731,1.60387877
12.709,0.012709,26.1677315,1.60425404
12.71,0.01271,26.1714202,1.60460399
12.711,0.012711,26.1753912,1.60494061
12.712,0.012712,26.1794883,1.60523701
12.713,0.012713,26.1835886,1.60554233
12.714,0.012714,26.1877193,1.60585082
12.715,0.012715,26.1918382,1.60614286
12.716,0.012716,26.1959426,1.6064478
12.717,0.012717,26.1999562,1.60675092
12.718,0.012718,26.2038184,1.60700819
12.719,0.012719,26.2076233,1.60724773
12.72,0.01272,26.2112625,1.60746277
12.721,0.012721,26.2146296,1.6076591
12.722,0.012722,26.2179078,1.60783479
12.723,0.012723,26.2212296,1.6080214
12.724,0.012724,26.2245509,1.60820168
12.725,0.012725,26.2279486,1.60839186
12.726,0.012726,26.2313454,1.60856582
12.727,0.012727,26.2347907,1.60877894
12.728,0.012728,26.2383604,1.60898617
12.729,0.012729,26.2419577,1.60917293
12.73,0.01273,26.2456669,1.6093804
12.731,0.012731,26.2493385,1.60959246
12.732,0.012732,26.2528526,1.60977535
12.733,0.012733,26.2563189,1.60995545
12.734,0.012734,26.2598691,1.61013446
12.735,0.012735,26.2635908,1.61032341
12.736,0.012736,26.2674912,1.61050967
12.737,0.012737,26.2714427,1.61068427
12.738,0.012738,26.2754149,1.61085056
12.739,0.012739,26.279288,1.61103191
12.74,0.01274,26.2831076,1.61125236
12.741,0.012741,26.2868692,1.61148365
12.742,0.012742,26.2905347,1.61171149
12.743,0.012743,26.2939959,1.61191296
12.744,0.012744,26.297481,1.61212799
12.745,0.012745,26.300954,1.61236073
12.746,0.012746,26.3043805,1.61262205
12.747,0.012747,26.307787,1.61288649
12.748,0.012748,26.3112915,1.6131607
12.749,0.012749,26.3149198,1.61342034
12.75,0.01275,26.3187237,1.61368348
12.751,0.012751,26.3226703,1.61393734
12.752,0.012752,26.3268376,1.61416735
12.753,0.012753,26.331173,1.61439764
12.754,0.012754,26.3356127,1.61464621
12.755,0.012755,26.3400612,1.61490048
12.756,0.012756,26.3445044,1.61515212
12.757,0.012757,26.3489955,1.61538385
12.758,0.012758,26.3534394,1.61563078
12.759,0.012759,26.3577575,1.6158675
12.76,0.01276,26.361956,1.61609993
12.761,0.012761,26.3662361,1.61632528
12.762,0.012762,26.3704243,1.61654079
12.763,0.012763,26.3746593,1.61679607
12.764,0.012764,26.378901,1.61708406
12.765,0.012765,26.3832757,1.61739965
12.766,0.012766,26.3877005,1.61770898
12.767,0.012767,26.3921074,1.61803296
12.768,0.012768,26.3964019,1.61836997
12.769,0.012769,26.4006275,1.61870686
12.77,0.01277,26.4047459,1.6190545
12.771,0.012771,26.4087208,1.61937233
12.772,0.012772,26.4126487,1.61966798
12.773,0.012773,26.4165275,1.62000894
12.774,0.012774,26.4203649,1.62033194
12.775,0.012775,26.4242216,1.62065031
12.776,0.012776,26.4282479,1.62096813
12.777,0.012777,26.4324672,1.62126573
12.778,0.012778,26.4367275,1.62153341
12.779,0.012779,26.4411106,1.62176949
12.78,0.01278,26.4456351,1.62198757
12.781,0.012781,26.4501893,1.6221708
12.782,0.012782,26.4546588,1.62232788
12.783,0.012783,26.4591119,1.62248795
12.784,0.012784,26.4635051,1.62266494
12.785,0.012785,26.4680489,1.62290252
12.786,0.012786,26.4727185,1.62314694
12.787,0.012787,26.4773337,1.62336089
12.788,0.012788,26.4818912,1.62359181
12.789,0.012789,26.4865242,1.62383077
12.79,0.01279,26.4912883,1.62406292
12.791,0.012791,26.496134,1.62430857
12.792,0.012792,26.5010233,1.6245721
12.793,0.012793,26.5058792,1.62484497
12.794,0.012794,26.5106139,1.62510098
12.795,0.012795,26.515251,1.62534465
12.796,0.012796,26.5199016,1.62557774
12.797,0.012797,26.5245414,1.62581283
12.798,0.012798,26.5291758,1.62607503
12.799,0.012799,26.5337698,1.62636517
12.8,0.0128,26.5383979,1.62666017
12.801,0.012801,26.5432562,1.62699513
12.802,0.012802,26.5481319,1.62732652
12.803,0.012803,26.5529394,1.62766556
12.804,0.012804,26.5578178,1.62805231
12.805,0.012805,26.5625983,1.62846347
12.806,0.012806,26.5673679,1.62885534
12.807,0.012807,26.572121,1.62922001
12.808,0.012808,26.5765309,1.62951658
12.809,0.012809,26.5808824,1.62977304
12.81,0.01281,26.5852566,1.62999013
12.811,0.012811,26.589596,1.63018421
12.812,0.012812,26.5938578,1.63036823
12.813,0.012813,26.5981482,1.63058873
12.814,0.012814,26.6024698,1.63084339
12.815,0.012815,26.6068186,1.631099
12.816,0.012816,26.6112304,1.63133962
12.817,0.012817,26.6156382,1.63158903
12.818,0.012818,26.6198276,1.63182689
12.819,0.012819,26.6240424,1.6320969
12.82,0.01282,26.6282014,1.63239907
12.821,0.012821,26.6323957,1.63269274
12.822,0.012822,26.6366046,1.63299033
12.823,0.012823,26.6409227,1.63329341
12.824,0.012824,26.6453132,1.63361641
12.825,0.012825,26.6497149,1.63393372
12.826,0.012826,26.6541574,1.63419513
12.827,0.012827,26.6586036,1.63444876
12.828,0.012828,26.6631307,1.63470407
12.829,0.012829,26.6678783,1.63496496
12.83,0.01283,26.6727856,1.63521947
12.831,0.012831,26.6777624,1.63549362
12.832,0.012832,26.6826626,1.63577921
12.833,0.012833,26.687444,1.6360393
12.834,0.012834,26.6922288,1.63626258
12.835,0.012835,26.6969025,1.63645953
12.836,0.012836,26.7015596,1.63668653
12.837,0.012837,26.7062629,1.63688008
12.838,0.012838,26.7109423,1.63708241
12.839,0.012839,26.715535,1.63728984
12.84,0.01284,26.7201833,1.63750788
12.841,0.012841,26.7250185,1.63773534
12.842,0.012842,26.7300032,1.63794736
12.843,0.012843,26.7352262,1.63814563
12.844,0.012844,26.7406263,1.63835142
12.845,0.012845,26.7461615,1.63857844
12.846,0.012846,26.7516705,1.63882247
12.847,0.012847,26.7571523,1.63907184
12.848,0.012848,26.7626041,1.63933339
12.849,0.012849,26.7680139,1.63958632
12.85,0.01285,26.7734065,1.63983913
12.851,0.012851,26.7788691,1.64007699
12.852,0.012852,26.7843726,1.64030384
12.853,0.012853,26.7897941,1.6405379
12.854,0.012854,26.7952077,1.64079523
12.855,0.012855,26.8006692,1.64104335
12.856,0.012856,26.806143,1.64127459
12.857,0.012857,26.811639,1.64148901
12.858,0.012858,26.817073,1.64170938
12.859,0.012859,26.822622,1.64192703
12.86,0.01286,26.8282431,1.64211033
12.861,0.012861,26.8339436,1.64228185
12.862,0.012862,26.8397346,1.64243497
12.863,0.012863,26.8455549,1.64257167
12.864,0.012864,26.8512718,1.64267761
12.865,0.012865,26.8568344,1.64277421
12.866,0.012866,26.8623219,1.64287406
12.867,0.012867,26.8680065,1.6430296
12.868,0.012868,26.8737609,1.64318298
12.869,0.012869,26.8794792,1.64329844
12.87,0.01287,26.8852802,1.64342153
12.871,0.012871,26.8912863,1.64357814
12.872,0.012872,26.8973501,1.64374242
12.873,0.012873,26.9033429,1.64389893
12.874,0.012874,26.909359,1.64404627
12.875,0.012875,26.9154009,1.64417316
12.876,0.012876,26.9213687,1.64430392
12.877,0.012877,26.9271215,1.6444197
12.878,0.012878,26.9327736,1.64454577
12.879,0.012879,26.938158,1.64465402
12.88,0.01288,26.9433505,1.64474046
12.881,0.012881,26.9486055,1.64483178
12.882,0.012882,26.9538462,1.64490274
12.883,0.012883,26.9592366,1.64497032
12.884,0.012884,26.9647457,1.645021
12.885,0.012885,26.9702913,1.64506904
12.886,0.012886,26.9757569,1.64511436
12.887,0.012887,26.981296,1.64519477
12.888,0.012888,26.9868097,1.64528234
12.889,0.012889,26.9922634,1.6453755
12.89,0.01289,26.9977496,1.64543323
12.891,0.012891,27.003308,1.64549684
12.892,0.012892,27.0088675,1.64556612
12.893,0.012893,27.0143266,1.64565934
12.894,0.012894,27.0197411,1.64574573
12.895,0.012895,27.0251509,1.64582697
12.896,0.012896,27.0304783,1.64590367
12.897,0.012897,27.0357208,1.6459844
12.898,0.012898,27.041135,1.64607057
12.899,0.012899,27.0466006,1.64617392
12.9,0.0129,27.0521511,1.64626185
12.901,0.012901,27.0578773,1.64633251
12.902,0.012902,27.0636617,1.64636876
12.903,0.012903,27.0693851,1.64639286
12.904,0.012904,27.0751156,1.64642551
12.905,0.012905,27.0808707,1.64646133
12.906,0.012906,27.0866476,1.64650265
12.907,0.012907,27.0925436,1.64656752
12.908,0.012908,27.0986005,1.6466881
12.909,0.012909,27.104817,1.64685332
12.91,0.01291,27.1111654,1.64703112
12.911,0.012911,27.1175242,1.64721827
12.912,0.012912,27.12389,1.64742148
12.913,0.012913,27.1302832,1.64761642
12.914,0.012914,27.1366332,1.64779596
12.915,0.012915,27.1430176,1.64798496
12.916,0.012916,27.1492798,1.64816977
12.917,0.012917,27.1554712,1.64836275
12.918,0.012918,27.1615974,1.64853748
12.919,0.012919,27.1677342,1.64872245
12.92,0.01292,27.1738329,1.64893683
12.921,0.012921,27.1799744,1.64917563
12.922,0.012922,27.1860399,1.64942305
12.923,0.012923,27.1919868,1.64962788
12.924,0.012924,27.1979173,1.64981618
12.925,0.012925,27.2036929,1.64999048
12.926,0.012926,27.209382,1.6501327
12.927,0.012927,27.2149438,1.65022783
12.928,0.012928,27.2203901,1.65033063
12.929,0.012929,27.2257732,1.65045389
12.93,0.01293,27.2311497,1.65055119
12.931,0.012931,27.2367915,1.65063781
12.932,0.012932,27.2428386,1.65071812
12.933,0.012933,27.249045,1.65082245
12.934,0.012934,27.2551597,1.65095368
12.935,0.012935,27.2612669,1.65109999
12.936,0.012936,27.2674707,1.65128866
12.937,0.012937,27.2738079,1.65147821
12.938,0.012938,27.2802261,1.65168151
12.939,0.012939,27.2867436,1.65191244
12.94,0.01294,27.2932835,1.65215137
12.941,0.012941,27.2998475,1.65239919
12.942,0.012942,27.3064555,1.65264865
12.943,0.012943,27.3130494,1.65289333
12.944,0.012944,27.3195813,1.65316554
12.945,0.012945,27.3259024,1.65342926
12.946,0.012946,27.3322676,1.65372191
12.947,0.012947,27.3388052,1.65403335
12.948,0.012948,27.3454276,1.65433496
12.949,0.012949,27.352236,1.65463571
12.95,0.01295,27.3591768,1.65497391
12.951,0.012951,27.3661306,1.65532791
12.952,0.012952,27.3731315,1.65562893
12.953,0.012953,27.3802109,1.65590233
12.954,0.012954,27.3873535,1.65618451
12.955,0.012955,27.3946014,1.65647556
12.956,0.012956,27.4020758,1.65677891
12.957,0.012957,27.4096775,1.6570781
12.958,0.012958,27.4173146,1.6573667
12.959,0.012959,27.4248919,1.6576516
12.96,0.01296,27.4323868,1.65789144
12.961,0.012961,27.4399089,1.65814662
12.962,0.012962,27.4473715,1.65837672
12.963,0.012963,27.4547581,1.65859693
12.964,0.012964,27.4620331,1.65882717
12.965,0.012965,27.4693269,1.65908305
12.966,0.012966,27.4766251,1.65933112
12.967,0.012967,27.4840816,1.65961053
12.968,0.012968,27.4917107,1.65993159
12.969,0.012969,27.499432,1.66026246
12.97,0.01297,27.5071553,1.66057458
12.971,0.012971,27.5149227,1.66088156
12.972,0.012972,27.522752,1.661195
12.973,0.012973,27.5305549,1.66150649
12.974,0.012974,27.5381971,1.66183073
12.975,0.012975,27.5456544,1.66217626
12.976,0.012976,27.5528406,1.66254535
12.977,0.012977,27.5598522,1.66294408
12.978,0.012978,27.5669333,1.66335923
12.979,0.012979,27.5741675,1.66378692
12.98,0.01298,27.5813659,1.66423675
12.981,0.012981,27.5886664,1.6647087
12.982,0.012982,27.5961585,1.66519679
12.983,0.012983,27.6036962,1.66570666
12.984,0.012984,27.6111298,1.66619508
12.985,0.012985,27.6184247,1.66664876
12.986,0.012986,27.6255777,1.66710363
12.987,0.012987,27.632619,1.66757799
12.988,0.012988,27.6396347,1.66807878
12.989,0.012989,27.6467249,1.66859577
12.99,0.01299,27.6538625,1.66914609
12.991,0.012991,27.6610853,1.66973482
12.992,0.012992,27.6683903,1.67029932
12.993,0.012993,27.6758338,1.6708696
12.994,0.012994,27.6834082,1.67142079
12.995,0.012995,27.6909893,1.67194773
12.996,0.012996,27.6985354,1.67244402
12.997,0.012997,27.7059265,1.67290179
12.998,0.012998,27.7132629,1.67335128
12.999,0.012999,27.7206296,1.67379638
13,0.013,27.727811,1.67422336
13.001,0.013001,27.7348086,1.67462379
13.002,0.013002,27.7417138,1.67499415
13.003,0.013003,27.7485888,1.67534724
13.004,0.013004,27.7553918,1.67566888
13.005,0.013005,27.762265,1.67600282
13.006,0.013006,27.7692777,1.67630875
13.007,0.013007,27.7763774,1.67662227
13.008,0.013008,27.7833989,1.67690705
13.009,0.013009,27.790248,1.67719252
13.01,0.01301,27.7968709,1.67749412
13.011,0.013011,27.8033992,1.67780865
13.012,0.013012,27.809912,1.67810037
13.013,0.013013,27.8164327,1.67839796
13.014,0.013014,27.8229221,1.67873048
13.015,0.013015,27.8292104,1.67907619
13.016,0.013016,27.8353882,1.67944372
13.017,0.013017,27.8415192,1.67984315
13.018,0.013018,27.8475089,1.68024049
13.019,0.013019,27.8536478,1.68063654
13.02,0.01302,27.8599456,1.68101459
13.021,0.013021,27.8661933,1.68135418
13.022,0.013022,27.8725439,1.68169593
13.023,0.013023,27.8789817,1.68204127
13.024,0.013024,27.8855961,1.68237149
13.025,0.013025,27.8921742,1.68270079
13.026,0.013026,27.8987516,1.68306932
13.027,0.013027,27.9053982,1.68346977
13.028,0.013028,27.9120705,1.68387073
13.029,0.013029,27.9187528,1.68426851
13.03,0.01303,27.9255375,1.68466509
13.031,0.013031,27.9325373,1.68506252
13.032,0.013032,27.9395152,1.68543764
13.033,0.013033,27.9463487,1.68581079
13.034,0.013034,27.9531136,1.68615814
13.035,0.013035,27.9599447,1.68648553
13.036,0.013036,27.966921,1.68682426
13.037,0.013037,27.9740258,1.68716875
13.038,0.013038,27.9812579,1.68754614
13.039,0.013039,27.9886656,1.6879323
13.04,0.01304,27.9962248,1.68832801
13.041,0.013041,28.0038894,1.68872766
13.042,0.013042,28.0114772,1.68916455
13.043,0.013043,28.019023,1.68963634
13.044,0.013044,28.0264196,1.69009624
13.045,0.013045,28.0335718,1.69056725
13.046,0.013046,28.0405773,1.691057
13.047,0.013047,28.0475729,1.69155489
13.048,0.013048,28.0546006,1.69202401
13.049,0.013049,28.061683,1.69247703
13.05,0.01305,28.0686965,1.69292274
13.051,0.013051,28.0757907,1.69334586
13.052,0.013052,28.0830703,1.69376069
13.053,0.013053,28.0904562,1.69415423
13.054,0.013054,28.0979296,1.69454679
13.055,0.013055,28.1053806,1.69498229
13.056,0.013056,28.1127283,1.69542677
13.057,0.013057,28.120212,1.69589756
13.058,0.013058,28.1276554,1.69634612
13.059,0.013059,28.135028,1.69684106
13.06,0.01306,28.1424529,1.69735919
13.061,0.013061,28.1498069,1.6978924
13.062,0.013062,28.1571809,1.69843677
13.063,0.013063,28.1646642,1.6989904
13.064,0.013064,28.1721129,1.69955129
13.065,0.013065,28.1795233,1.70009027
13.066,0.013066,28.186906,1.70063189
13.067,0.013067,28.1940965,1.70116093
13.068,0.013068,28.201219,1.7016803
13.069,0.013069,28.2083845,1.70222585
13.07,0.01307,28.2155109,1.70277266
13.071,0.013071,28.2226197,1.70328941
13.072,0.013072,28.2297556,1.70374294
13.073,0.013073,28.2367728,1.70416675
13.074,0.013074,28.2436369,1.70457339
13.075,0.013075,28.250349,1.70499925
13.076,0.013076,28.2569717,1.70540515
13.077,0.013077,28.2638053,1.70581691
13.078,0.013078,28.2706708,1.70625369
13.079,0.013079,28.2773763,1.7067037
13.08,0.01308,28.2840733,1.7071594
13.081,0.013081,28.2906797,1.70759325
13.082,0.013082,28.2971667,1.70797488
13.083,0.013083,28.3036352,1.70835976
13.084,0.013084,28.3102134,1.70869779
13.085,0.013085,28.3167655,1.70902581
13.086,0.013086,28.3233389,1.70933663
13.087,0.013087,28.3299415,1.70964568
13.088,0.013088,28.3366442,1.70999093
13.089,0.013089,28.3434358,1.71037555
13.09,0.01309,28.3503605,1.71075776
13.091,0.013091,28.3573699,1.71111445
13.092,0.013092,28.3643413,1.71147527
13.093,0.013093,28.3711579,1.71183881
13.094,0.013094,28.3777067,1.7121737
13.095,0.013095,28.3840387,1.71246697
13.096,0.013096,28.3904224,1.71276653
13.097,0.013097,28.3969788,1.71309347
13.098,0.013098,28.4036491,1.71345838
13.099,0.013099,28.4104006,1.71384506
13.1,0.0131,28.417242,1.71424533
13.101,0.013101,28.4241499,1.71465143
13.102,0.013102,28.4311899,1.71505093
13.103,0.013103,28.438359,1.71545484
13.104,0.013104,28.4455668,1.71582907
13.105,0.013105,28.4526407,1.71616896
13.106,0.013106,28.459592,1.71648897
13.107,0.013107,28.4664651,1.71679519
13.108,0.013108,28.4735028,1.71712259
13.109,0.013109,28.4807257,1.71744794
13.11,0.01311,28.4880108,1.71776805
13.111,0.013111,28.4952289,1.71807235
13.112,0.013112,28.5024413,1.71837486
13.113,0.013113,28.5095497,1.7186747
13.114,0.013114,28.516509,1.71897617
13.115,0.013115,28.523262,1.71931739
13.116,0.013116,28.5297713,1.71964331
13.117,0.013117,28.5361267,1.71991889
13.118,0.013118,28.5423947,1.72019944
13.119,0.013119,28.5485967,1.72051151
13.12,0.01312,28.554784,1.72084256
13.121,0.013121,28.5609826,1.72111569
13.122,0.013122,28.5673205,1.72135394
13.123,0.013123,28.5737356,1.72160576
13.124,0.013124,28.580169,1.72187913
13.125,0.013125,28.5865798,1.72214891
13.126,0.013126,28.5928525,1.72241877
13.127,0.013127,28.5990592,1.72266551
13.128,0.013128,28.6053187,1.72290272
13.129,0.013129,28.611553,1.72315447
13.13,0.01313,28.6177659,1.72338885
13.131,0.013131,28.6240393,1.7236402
13.132,0.013132,28.6304016,1.72390092
13.133,0.013133,28.6367509,1.72416318
13.134,0.013134,28.6431008,1.72445479
13.135,0.013135,28.6495669,1.72478532
13.136,0.013136,28.6560628,1.72508516
13.137,0.013137,28.6622963,1.72535148
13.138,0.013138,28.6683161,1.72557097
13.139,0.013139,28.674201,1.72577919
13.14,0.01314,28.6800426,1.7260055
13.141,0.013141,28.6860353,1.72624473
13.142,0.013142,28.6920879,1.72651206
13.143,0.013143,28.6981807,1.72677273
13.144,0.013144,28.7043148,1.72704709
13.145,0.013145,28.7104751,1.7273194
13.146,0.013146,28.7167418,1.72758076
13.147,0.013147,28.723037,1.72780295
13.148,0.013148,28.7294604,1.72802011
13.149,0.013149,28.7359195,1.72823703
13.15,0.01315,28.7421746,1.72842653
13.151,0.013151,28.7482887,1.7285901
13.152,0.013152,28.7543615,1.72872163
13.153,0.013153,28.7604244,1.72881142
13.154,0.013154,28.7665176,1.7288851
13.155,0.013155,28.7727584,1.7289796
13.156,0.013156,28.7788959,1.72909406
13.157,0.013157,28.784751,1.72918758
13.158,0.013158,28.790561,1.72925214
13.159,0.013159,28.7965231,1.72931668
13.16,0.01316,28.8025589,1.72938409
13.161,0.013161,28.8086413,1.72944519
13.162,0.013162,28.8148848,1.72955339
13.163,0.013163,28.8210054,1.72963666
13.164,0.013164,28.827161,1.72972235
13.165,0.013165,28.833259,1.72977828
13.166,0.013166,28.8393494,1.72985497
13.167,0.013167,28.8455403,1.72996315
13.168,0.013168,28.8518104,1.73005683
13.169,0.013169,28.8581028,1.73013977
13.17,0.01317,28.864331,1.73022891
13.171,0.013171,28.8705405,1.73032077
13.172,0.013172,28.8767745,1.7304256
13.173,0.013173,28.882921,1.73050845
13.174,0.013174,28.8890216,1.7305617
13.175,0.013175,28.8951466,1.73059965
13.176,0.013176,28.9012948,1.73066124
13.177,0.013177,28.9075229,1.73072393
13.178,0.013178,28.9136953,1.73071439
13.179,0.013179,28.9198403,1.73066705
13.18,0.01318,28.9259601,1.73060552
13.181,0.013181,28.9321291,1.73057262
13.182,0.013182,28.9383848,1.7305162
13.183,0.013183,28.9445892,1.73040825
13.184,0.013184,28.9508574,1.73027117
13.185,0.013185,28.9570715,1.73017569
13.186,0.013186,28.9632553,1.7301054
13.187,0.013187,28.9695162,1.73004335
13.188,0.013188,28.9758033,1.72999501
13.189,0.013189,28.9821006,1.7299658
13.19,0.01319,28.9883741,1.72992524
13.191,0.013191,28.9945103,1.72986872
13.192,0.013192,29.0004985,1.72977473
13.193,0.013193,29.0063358,1.72967548
13.194,0.013194,29.0120378,1.72958757
13.195,0.013195,29.017539,1.72951744
13.196,0.013196,29.022891,1.72949524
13.197,0.013197,29.0282516,1.72947581
13.198,0.013198,29.0334518,1.72948993
13.199,0.013199,29.0387973,1.72954909
13.2,0.0132,29.0441762,1.72959759
13.201,0.013201,29.049437,1.72963909
13.202,0.013202,29.0547291,1.72973468
13.203,0.013203,29.0600403,1.72984252
13.204,0.013204,29.0652926,1.7299786
13.205,0.013205,29.0706406,1.73013456
13.206,0.013206,29.0760297,1.73030877
13.207,0.013207,29.0813921,1.73050535
13.208,0.013208,29.0867193,1.7307346
13.209,0.013209,29.0920106,1.73095971
13.21,0.01321,29.0973156,1.73117766
13.211,0.013211,29.102532,1.73137722
13.212,0.013212,29.1077759,1.73154007
13.213,0.013213,29.1131051,1.73168315
13.214,0.013214,29.1182893,1.73178866
13.215,0.013215,29.1234031,1.73189859
13.216,0.013216,29.1284548,1.73197302
13.217,0.013217,29.1334134,1.73202461
13.218,0.013218,29.1381761,1.7320665
13.219,0.013219,29.1429308,1.73208016
13.22,0.01322,29.1477478,1.73210816
13.221,0.013221,29.1524867,1.73211823
13.222,0.013222,29.1572548,1.73214728
13.223,0.013223,29.1617488,1.73216713
13.224,0.013224,29.1661406,1.73219429
13.225,0.013225,29.1703008,1.73221685
13.226,0.013226,29.1743241,1.73226096
13.227,0.013227,29.1781475,1.73227899
13.228,0.013228,29.1819409,1.73227358
13.229,0.013229,29.1858378,1.73226877
13.23,0.01323,29.1898623,1.7322917
13.231,0.013231,29.1937198,1.73232971
13.232,0.013232,29.1974414,1.73235509
13.233,0.013233,29.2011546,1.73239309
13.234,0.013234,29.2047974,1.73245187
13.235,0.013235,29.2083664,1.73251298
13.236,0.013236,29.2118822,1.73253915
13.237,0.013237,29.2155405,1.73261346
13.238,0.013238,29.219324,1.73270743
13.239,0.013239,29.2232908,1.73279096
13.24,0.01324,29.2274372,1.73283413
13.241,0.013241,29.2316222,1.73290398
13.242,0.013242,29.2358587,1.732988
13.243,0.013243,29.2400319,1.73305329
13.244,0.013244,29.2440604,1.73309762
13.245,0.013245,29.2480232,1.73312104
13.246,0.013246,29.2518895,1.73315748
13.247,0.013247,29.2556043,1.73318363
13.248,0.013248,29.2592694,1.73321034
13.249,0.013249,29.2628039,1.73324571
13.25,0.01325,29.2661474,1.73328488
13.251,0.013251,29.2694245,1.73333187
13.252,0.013252,29.2726358,1.7333972
13.253,0.013253,29.275957,1.73349839
13.254,0.013254,29.2793454,1.73363237
13.255,0.013255,29.282708,1.73375414
13.256,0.013256,29.2861778,1.7339167
13.257,0.013257,29.2897072,1.73410934
13.258,0.013258,29.2931178,1.73430978
13.259,0.013259,29.2964498,1.73449181
13.26,0.01326,29.2998861,1.73464437
13.261,0.013261,29.3036275,1.73483656
13.262,0.013262,29.3076768,1.73504412
13.263,0.013263,29.3117449,1.73523251
13.264,0.013264,29.3157343,1.73541725
13.265,0.013265,29.3198917,1.73561687
13.266,0.013266,29.3243279,1.73580763
13.267,0.013267,29.3289482,1.73598641
13.268,0.013268,29.3335288,1.73617883
13.269,0.013269,29.3382211,1.73638888
13.27,0.01327,29.3429631,1.73658581
13.271,0.013271,29.3477451,1.7367819
13.272,0.013272,29.3524706,1.73696114
13.273,0.013273,29.3570884,1.73711395
13.274,0.013274,29.3616666,1.73726191
13.275,0.013275,29.366245,1.73742592
13.276,0.013276,29.3707162,1.73762429
13.277,0.013277,29.3749487,1.73779713
13.278,0.013278,29.3790226,1.73795781
13.279,0.013279,29.383024,1.73813634
13.28,0.01328,29.3870067,1.73830532
13.281,0.013281,29.3909992,1.7384907
13.282,0.013282,29.394989,1.7387036
13.283,0.013283,29.3988814,1.73888704
13.284,0.013284,29.4028683,1.73909006
13.285,0.013285,29.4069369,1.73933148
13.286,0.013286,29.410976,1.73958095
13.287,0.013287,29.414874,1.73982914
13.288,0.013288,29.4187829,1.74008605
13.289,0.013289,29.4226372,1.74035438
13.29,0.01329,29.4263033,1.74059254
13.291,0.013291,29.4299319,1.74084326
13.292,0.013292,29.4337105,1.74110824
13.293,0.013293,29.4376998,1.74138391
13.294,0.013294,29.4417805,1.7416164
13.295,0.013295,29.4459593,1.74184604
13.296,0.013296,29.450089,1.74207824
13.297,0.013297,29.4542885,1.74233838
13.298,0.013298,29.4585948,1.74259864
13.299,0.013299,29.4628611,1.74283497
13.3,0.0133,29.4671037,1.74305052
13.301,0.013301,29.471352,1.74322154
13.302,0.013302,29.4755425,1.74337865
13.303,0.013303,29.4797344,1.74355654
13.304,0.013304,29.4836744,1.74373597
13.305,0.013305,29.487643,1.74391478
13.306,0.013306,29.4915664,1.74409053
13.307,0.013307,29.4956555,1.74427517
13.308,0.013308,29.4999764,1.7444453
13.309,0.013309,29.5043469,1.74460173
13.31,0.01331,29.5086191,1.7447619
13.311,0.013311,29.5128713,1.74496936
13.312,0.013312,29.5171856,1.74519194
13.313,0.013313,29.521396,1.74543058
13.314,0.013314,29.5254455,1.74565611
13.315,0.013315,29.5293167,1.74589423
13.316,0.013316,29.5331565,1.74615178
13.317,0.013317,29.5368662,1.74640227
13.318,0.013318,29.5403022,1.74666345
13.319,0.013319,29.5435396,1.746901
13.32,0.01332,29.5466253,1.74711029
13.321,0.013321,29.5497416,1.74729227
13.322,0.013322,29.5529354,1.74748779
13.323,0.013323,29.5560492,1.74769041
13.324,0.013324,29.5591997,1.74789378
13.325,0.013325,29.5622359,1.74806917
13.326,0.013326,29.5653945,1.7482397
13.327,0.013327,29.5684884,1.74840575
13.328,0.013328,29.5714574,1.74856796
13.329,0.013329,29.5744096,1.74872169
13.33,0.01333,29.5773193,1.74889982
13.331,0.013331,29.580163,1.74909617
13.332,0.013332,29.5828529,1.74930098
13.333,0.013333,29.585439,1.74951419
13.334,0.013334,29.587961,1.74969173
13.335,0.013335,29.5907047,1.74989659
13.336,0.013336,29.5936733,1.7501428
13.337,0.013337,29.5966575,1.75039301
13.338,0.013338,29.5997196,1.75064451
13.339,0.013339,29.6027859,1.75084824
13.34,0.01334,29.6058358,1.75105604
13.341,0.013341,29.6089466,1.75127676
13.342,0.013342,29.6121841,1.7515002
13.343,0.013343,29.6154948,1.75174081
13.344,0.013344,29.6188901,1.75197265
13.345,0.013345,29.6224667,1.75218244
13.346,0.013346,29.6261,1.75238878
13.347,0.013347,29.6299109,1.75261736
13.348,0.013348,29.6337647,1.7528991
13.349,0.013349,29.637688,1.75318467
13.35,0.01335,29.6414584,1.75343524
13.351,0.013351,29.6450482,1.75364845
13.352,0.013352,29.6486832,1.75389195
13.353,0.013353,29.652411,1.75414682
13.354,0.013354,29.6561012,1.75439449
13.355,0.013355,29.659823,1.75466367
13.356,0.013356,29.6636526,1.75492815
13.357,0.013357,29.6673313,1.75515855
13.358,0.013358,29.6709281,1.75536465
13.359,0.013359,29.674464,1.755565
13.36,0.01336,29.6779496,1.75572365
13.361,0.013361,29.68124,1.75583779
13.362,0.013362,29.6844803,1.75593657
13.363,0.013363,29.6877176,1.75601971
13.364,0.013364,29.6907763,1.75603932
13.365,0.013365,29.6938481,1.75605647
13.366,0.013366,29.6967228,1.75601578
13.367,0.013367,29.699442,1.75594733
13.368,0.013368,29.7019384,1.75592914
13.369,0.013369,29.7042409,1.75591435
13.37,0.01337,29.7062469,1.75583897
13.371,0.013371,29.7079332,1.75571993
13.372,0.013372,29.7095689,1.75557844
13.373,0.013373,29.7111484,1.75543481
13.374,0.013374,29.71259,1.75529015
13.375,0.013375,29.7139215,1.75512713
13.376,0.013376,29.7152567,1.75494333
13.377,0.013377,29.716467,1.75479536
13.378,0.013378,29.7175304,1.75462658
13.379,0.013379,29.718275,1.75442306
13.38,0.01338,29.7188626,1.75425943
13.381,0.013381,29.7193403,1.754058
13.382,0.013382,29.7199523,1.75385416
13.383,0.013383,29.7203966,1.75367565
13.384,0.013384,29.7208617,1.75351185
13.385,0.013385,29.7214064,1.75335488
13.386,0.013386,29.7218986,1.75321234
13.387,0.013387,29.7224288,1.75313169
13.388,0.013388,29.7227815,1.7530166
13.389,0.013389,29.7230473,1.75287723
13.39,0.01339,29.7231245,1.75272832
13.391,0.013391,29.7228593,1.75255361
13.392,0.013392,29.7224958,1.75236134
13.393,0.013393,29.7221276,1.75216922
13.394,0.013394,29.72201,1.75201613
13.395,0.013395,29.7220267,1.75184258
13.396,0.013396,29.7219674,1.75166697
13.397,0.013397,29.7218964,1.75153644
13.398,0.013398,29.7216338,1.75141599
13.399,0.013399,29.7213493,1.75132378
13.4,0.0134,29.7210752,1.75120235
13.401,0.013401,29.7206253,1.75106184
13.402,0.013402,29.7200291,1.75092141
13.403,0.013403,29.7195678,1.75075275
13.404,0.013404,29.7191632,1.75058317
13.405,0.013405,29.7186593,1.75039076
13.406,0.013406,29.7180298,1.75020836
13.407,0.013407,29.7171631,1.75002376
13.408,0.013408,29.7161034,1.74982106
13.409,0.013409,29.7150976,1.74957992
13.41,0.01341,29.7143258,1.74930443
13.411,0.013411,29.713694,1.74902824
13.412,0.013412,29.713287,1.74877964
13.413,0.013413,29.7131202,1.74859295
13.414,0.013414,29.7129167,1.74836653
13.415,0.013415,29.7124726,1.74817193
13.416,0.013416,29.7118065,1.74801475
13.417,0.013417,29.7110949,1.74788425
13.418,0.013418,29.7104923,1.74776186
13.419,0.013419,29.7098597,1.74765229
13.42,0.01342,29.7091521,1.74755441
13.421,0.013421,29.708458,1.7474496
13.422,0.013422,29.7076785,1.74733157
13.423,0.013423,29.7068242,1.7471849
13.424,0.013424,29.7058647,1.74700418
13.425,0.013425,29.7049745,1.74680792
13.426,0.013426,29.7042438,1.74657948
13.427,0.013427,29.7037507,1.7463629
13.428,0.013428,29.7034596,1.74615878
13.429,0.013429,29.7033905,1.74598988
13.43,0.01343,29.7034566,1.74587875
13.431,0.013431,29.7033987,1.74578697
13.432,0.013432,29.7032019,1.74568111
13.433,0.013433,29.7030522,1.7455525
13.434,0.013434,29.7030101,1.74541503
13.435,0.013435,29.7029509,1.74530152
13.436,0.013436,29.7028814,1.74519204
13.437,0.013437,29.7029887,1.74506393
13.438,0.013438,29.7032785,1.74494134
13.439,0.013439,29.70368,1.74484082
13.44,0.01344,29.7038972,1.74470057
13.441,0.013441,29.7040129,1.74457314
13.442,0.013442,29.7041395,1.74444721
13.443,0.013443,29.7041356,1.74431855
13.444,0.013444,29.7041445,1.74425787
13.445,0.013445,29.704143,1.74421521
13.446,0.013446,29.703976,1.74416931
13.447,0.013447,29.7035255,1.74409817
13.448,0.013448,29.7030031,1.74404134
13.449,0.013449,29.7024218,1.74398734
13.45,0.01345,29.7015696,1.74391434
13.451,0.013451,29.7006482,1.743843
13.452,0.013452,29.6996792,1.74380167
13.453,0.013453,29.6986282,1.74381019
13.454,0.013454,29.6975598,1.74378172
13.455,0.013455,29.6963845,1.74372841
13.456,0.013456,29.6953544,1.74365992
13.457,0.013457,29.694553,1.74360755
13.458,0.013458,29.6939948,1.74358593
13.459,0.013459,29.6936722,1.74356438
13.46,0.01346,29.6934485,1.74354528
13.461,0.013461,29.6932375,1.743515
13.462,0.013462,29.69292,1.74345327
13.463,0.013463,29.6923221,1.74337334
13.464,0.013464,29.6916311,1.74331156
13.465,0.013465,29.6909479,1.74327333
13.466,0.013466,29.6901935,1.74323668
13.467,0.013467,29.6892763,1.74324853
13.468,0.013468,29.6883417,1.74326889
13.469,0.013469,29.6873968,1.74326754
13.47,0.01347,29.6866777,1.74327908
13.471,0.013471,29.6861964,1.74324167
13.472,0.013472,29.685955,1.74321636
13.473,0.013473,29.6857368,1.7432386
13.474,0.013474,29.6854335,1.74328916
13.475,0.013475,29.6850175,1.74333297
13.476,0.013476,29.6845032,1.74336904
13.477,0.013477,29.6838209,1.74337825
13.478,0.013478,29.6830661,1.74337159
13.479,0.013479,29.682341,1.74336786
13.48,0.01348,29.6819452,1.74342252
13.481,0.013481,29.6819776,1.74355144
13.482,0.013482,29.6823437,1.74368877
13.483,0.013483,29.6827308,1.74381234
13.484,0.013484,29.6832254,1.74390548
13.485,0.013485,29.6834359,1.74397343
13.486,0.013486,29.6836229,1.74403032
13.487,0.013487,29.683804,1.74406146
13.488,0.013488,29.6837756,1.74411229
13.489,0.013489,29.6835084,1.74414808
13.49,0.01349,29.6830847,1.74417676
13.491,0.013491,29.682543,1.74419973
13.492,0.013492,29.6820254,1.74418723
13.493,0.013493,29.6814965,1.74418658
13.494,0.013494,29.6810924,1.74415386
13.495,0.013495,29.6808621,1.74412103
13.496,0.013496,29.680516,1.74401657
13.497,0.013497,29.6798955,1.74387018
13.498,0.013498,29.6791545,1.74372941
13.499,0.013499,29.6784178,1.74354696
13.5,0.0135,29.6776149,1.74334968
13.501,0.013501,29.6770108,1.74314727
13.502,0.013502,29.6764449,1.74297801
13.503,0.013503,29.6757444,1.74281064
13.504,0.013504,29.6749215,1.74263303
13.505,0.013505,29.6743288,1.7424219
13.506,0.013506,29.6740952,1.74226801
13.507,0.013507,29.6740255,1.74211166
13.508,0.013508,29.6739881,1.74193258
13.509,0.013509,29.6740886,1.74173086
13.51,0.01351,29.6742898,1.74151175
13.511,0.013511,29.6745163,1.74129649
13.512,0.013512,29.674739,1.74109106
13.513,0.013513,29.674972,1.74088541
13.514,0.013514,29.6752354,1.74068207
13.515,0.013515,29.6757046,1.74047074
13.516,0.013516,29.6763484,1.7402455
13.517,0.013517,29.6772384,1.74003005
13.518,0.013518,29.6783107,1.73982561
13.519,0.013519,29.6794576,1.73960285
13.52,0.01352,29.6804515,1.73936632
13.521,0.013521,29.6813427,1.73910025
13.522,0.013522,29.681989,1.73876782
13.523,0.013523,29.6824736,1.73838717
13.524,0.013524,29.6828785,1.73795509
13.525,0.013525,29.6833123,1.73751743
13.526,0.013526,29.6838957,1.73708857
13.527,0.013527,29.6845486,1.73667529
13.528,0.013528,29.6853594,1.73626568
13.529,0.013529,29.6863494,1.73588726
13.53,0.01353,29.6874179,1.73551698
13.531,0.013531,29.6884349,1.73514721
13.532,0.013532,29.689334,1.73477998
13.533,0.013533,29.6900503,1.73441251
13.534,0.013534,29.6906033,1.73402428
13.535,0.013535,29.6912905,1.73365309
13.536,0.013536,29.6918571,1.73329245
13.537,0.013537,29.6922712,1.73291197
13.538,0.013538,29.6926023,1.73256169
13.539,0.013539,29.6929562,1.7322425
13.54,0.01354,29.6932861,1.73188772
13.541,0.013541,29.6935743,1.73152383
13.542,0.013542,29.6941206,1.73117553
13.543,0.013543,29.694751,1.73085052
13.544,0.013544,29.6952179,1.73050811
13.545,0.013545,29.6955805,1.73012863
13.546,0.013546,29.6960305,1.7297879
13.547,0.013547,29.6965375,1.72943245
13.548,0.013548,29.6968728,1.72908612
13.549,0.013549,29.6968261,1.7286785
13.55,0.01355,29.6968256,1.72829051
13.551,0.013551,29.6967131,1.72785265
13.552,0.013552,29.6965916,1.72740427
13.553,0.013553,29.6966099,1.72697631
13.554,0.013554,29.696592,1.72658653
13.555,0.013555,29.6965233,1.72617496
13.556,0.013556,29.6965947,1.72578841
13.557,0.013557,29.6967308,1.72541068
13.558,0.013558,29.6970579,1.7250407
13.559,0.013559,29.6974926,1.72469428
13.56,0.01356,29.6978283,1.72434072
13.561,0.013561,29.6978861,1.72393692
13.562,0.013562,29.697729,1.72351935
13.563,0.013563,29.6975275,1.72313561
13.564,0.013564,29.6975695,1.72277611
13.565,0.013565,29.6974331,1.72243154
13.566,0.013566,29.6970412,1.72205477
13.567,0.013567,29.6966456,1.72163936
13.568,0.013568,29.6964812,1.72125935
13.569,0.013569,29.6964326,1.72093568
13.57,0.01357,29.6965991,1.7205855
13.571,0.013571,29.6969697,1.72022149
13.572,0.013572,29.6973721,1.71984836
13.573,0.013573,29.6977726,1.71947378
13.574,0.013574,29.6979393,1.71906152
13.575,0.013575,29.697986,1.71865204
13.576,0.013576,29.6979652,1.71828277
13.577,0.013577,29.6980629,1.71792169
13.578,0.013578,29.6983783,1.71759473
13.579,0.013579,29.69901,1.71729851
13.58,0.01358,29.6999239,1.71697661
13.581,0.013581,29.700923,1.71669456
13.582,0.013582,29.7017977,1.71637838
13.583,0.013583,29.702696,1.71606926
13.584,0.013584,29.7035641,1.71575806
13.585,0.013585,29.7044256,1.71549646
13.586,0.013586,29.7054705,1.71527809
13.587,0.013587,29.7066526,1.71503766
13.588,0.013588,29.7076999,1.71478055
13.589,0.013589,29.7087212,1.71452379
13.59,0.01359,29.7097198,1.71430147
13.591,0.013591,29.7106829,1.71411063
13.592,0.013592,29.7113432,1.71389477
13.593,0.013593,29.711601,1.71369193
13.594,0.013594,29.711674,1.71347468
13.595,0.013595,29.7115147,1.71321376
13.596,0.013596,29.7113251,1.71290103
13.597,0.013597,29.7110962,1.71255072
13.598,0.013598,29.7110443,1.7122304
13.599,0.013599,29.7110116,1.7119009
13.6,0.0136,29.7108122,1.71153414
13.601,0.013601,29.7106972,1.71119292
13.602,0.013602,29.7106243,1.71082178
13.603,0.013603,29.7103928,1.7103983
13.604,0.013604,29.71016,1.70997569
13.605,0.013605,29.7098734,1.70956067
13.606,0.013606,29.7097848,1.70920522
13.607,0.013607,29.7097287,1.70887222
13.608,0.013608,29.7096602,1.70852363
13.609,0.013609,29.7096575,1.70818482
13.61,0.01361,29.7096593,1.70784866
13.611,0.013611,29.7097881,1.70750279
13.612,0.013612,29.7100388,1.70715347
13.613,0.013613,29.7102682,1.70684954
13.614,0.013614,29.7104553,1.70660157
13.615,0.013615,29.7104151,1.70628213
13.616,0.013616,29.7102852,1.7059826
13.617,0.013617,29.7104176,1.7057281
13.618,0.013618,29.7103943,1.70547797
13.619,0.013619,29.7105449,1.70525352
13.62,0.01362,29.7106293,1.70502803
13.621,0.013621,29.7108861,1.70489325
13.622,0.013622,29.7111864,1.7047992
13.623,0.013623,29.7115791,1.70469936
13.624,0.013624,29.7120806,1.70462348
13.625,0.013625,29.712627,1.70460237
13.626,0.013626,29.7133924,1.70459242
13.627,0.013627,29.7143684,1.70457882
13.628,0.013628,29.715164,1.70454928
13.629,0.013629,29.7158984,1.70454567
13.63,0.01363,29.7166508,1.70455806
13.631,0.013631,29.7175441,1.70457868
13.632,0.013632,29.7182809,1.70458244
13.633,0.013633,29.7189771,1.70450658
13.634,0.013634,29.7196382,1.70438765
13.635,0.013635,29.7202713,1.70428398
13.636,0.013636,29.72087,1.70415518
13.637,0.013637,29.7215519,1.70402261
13.638,0.013638,29.7222703,1.70394249
13.639,0.013639,29.723053,1.70384862
13.64,0.01364,29.7239225,1.70372316
13.641,0.013641,29.7248328,1.7035832
13.642,0.013642,29.725673,1.70348844
13.643,0.013643,29.7265005,1.70342493
13.644,0.013644,29.7274644,1.70339102
13.645,0.013645,29.7285166,1.70339496
13.646,0.013646,29.7294741,1.70337095
13.647,0.013647,29.7303482,1.70333296
13.648,0.013648,29.7310507,1.70327806
13.649,0.013649,29.7317229,1.70318948
13.65,0.01365,29.7325919,1.70318696
13.651,0.013651,29.7336592,1.70320601
13.652,0.013652,29.7346816,1.70321793
13.653,0.013653,29.7354646,1.70322319
13.654,0.013654,29.7360679,1.70326315
13.655,0.013655,29.7365056,1.70332404
13.656,0.013656,29.7367972,1.70338913
13.657,0.013657,29.7369647,1.70345989
13.658,0.013658,29.7372373,1.70355418
13.659,0.013659,29.7378132,1.70364169
13.66,0.01366,29.7385368,1.703739
13.661,0.013661,29.7396811,1.70383722
13.662,0.013662,29.7409749,1.70395152
13.663,0.013663,29.7425063,1.70408283
13.664,0.013664,29.7441746,1.70424168
13.665,0.013665,29.745786,1.70439453
13.666,0.013666,29.7474074,1.70449399
13.667,0.013667,29.7490843,1.70456378
13.668,0.013668,29.7506955,1.704664
13.669,0.013669,29.7523028,1.70476988
13.67,0.01367,29.7538616,1.70490843
13.671,0.013671,29.7556306,1.70505797
13.672,0.013672,29.7575032,1.70517215
13.673,0.013673,29.7594213,1.70526148
13.674,0.013674,29.7614663,1.70535556
13.675,0.013675,29.7635808,1.70546101
13.676,0.013676,29.7657311,1.705507
13.677,0.013677,29.7678357,1.70553399
13.678,0.013678,29.7699613,1.70549502
13.679,0.013679,29.7722052,1.70550394
13.68,0.01368,29.774573,1.70551363
13.681,0.013681,29.7769734,1.70554916
13.682,0.013682,29.7795001,1.70564456
13.683,0.013683,29.7820822,1.7057739
13.684,0.013684,29.7846623,1.70584449
13.685,0.013685,29.7872342,1.70587116
13.686,0.013686,29.7899176,1.70586022
13.687,0.013687,29.7927672,1.7059162
13.688,0.013688,29.7957924,1.70600173
13.689,0.013689,29.7990745,1.70612579
13.69,0.01369,29.8023406,1.7062776
13.691,0.013691,29.8055841,1.70645333
13.692,0.013692,29.8087537,1.70666648
13.693,0.013693,29.8119012,1.70689197
13.694,0.013694,29.8152224,1.70711958
13.695,0.013695,29.8186923,1.7073656
13.696,0.013696,29.8221294,1.70758904
13.697,0.013697,29.8253806,1.70778441
13.698,0.013698,29.8285181,1.70787557
13.699,0.013699,29.831695,1.70790516
13.7,0.0137,29.8350422,1.7079565
13.701,0.013701,29.8385879,1.70802234
13.702,0.013702,29.8420551,1.70806449
13.703,0.013703,29.8456034,1.70808275
13.704,0.013704,29.8490994,1.70806823
13.705,0.013705,29.8523618,1.70799771
13.706,0.013706,29.8554317,1.70787766
13.707,0.013707,29.8585285,1.70783132
13.708,0.013708,29.8616548,1.70782312
13.709,0.013709,29.8648594,1.70782173
13.71,0.01371,29.8680964,1.70784883
13.711,0.013711,29.8713778,1.70787504
13.712,0.013712,29.8747704,1.70791764
13.713,0.013713,29.8780079,1.70788046
13.714,0.013714,29.8812036,1.70779407
13.715,0.013715,29.8842098,1.70771556
13.716,0.013716,29.8872223,1.70767763
13.717,0.013717,29.8901634,1.70766596
13.718,0.013718,29.8930052,1.70763103
13.719,0.013719,29.8956797,1.70761027
13.72,0.01372,29.8982402,1.70763142
13.721,0.013721,29.9008878,1.707747
13.722,0.013722,29.9035095,1.7078183
13.723,0.013723,29.9058528,1.7079075
13.724,0.013724,29.9079951,1.70799685
13.725,0.013725,29.9100895,1.70811943
13.726,0.013726,29.9121401,1.70826107
13.727,0.013727,29.9141994,1.70839829
13.728,0.013728,29.9162324,1.70850124
13.729,0.013729,29.9183372,1.70858727
13.73,0.01373,29.9205227,1.7086465
13.731,0.013731,29.9226421,1.70871293
13.732,0.013732,29.9247651,1.70881114
13.733,0.013733,29.9268143,1.70891843
13.734,0.013734,29.9285813,1.70901123
13.735,0.013735,29.9303715,1.70910318
13.736,0.013736,29.9321305,1.70916926
13.737,0.013737,29.9339161,1.70923396
13.738,0.013738,29.9357737,1.70931473
13.739,0.013739,29.9376335,1.70945172
13.74,0.01374,29.9393646,1.70962813
13.741,0.013741,29.9409534,1.70982202
13.742,0.013742,29.942313,1.71007181
13.743,0.013743,29.9434419,1.71032359
13.744,0.013744,29.9445316,1.71056725
13.745,0.013745,29.9455958,1.7107972
13.746,0.013746,29.9465715,1.71100815
13.747,0.013747,29.9476148,1.71120187
13.748,0.013748,29.9486841,1.71140247
13.749,0.013749,29.9497655,1.71159047
13.75,0.01375,29.9509115,1.7117528
13.751,0.013751,29.9522122,1.71187455
13.752,0.013752,29.9536814,1.71194855
13.753,0.013753,29.9554278,1.7120304
13.754,0.013754,29.9572461,1.71214
13.755,0.013755,29.9593631,1.71224802
13.756,0.013756,29.9616724,1.71236074
13.757,0.013757,29.9640436,1.71249322
13.758,0.013758,29.9665037,1.71262516
13.759,0.013759,29.9688075,1.71277251
13.76,0.01376,29.9710772,1.71292155
13.761,0.013761,29.9730999,1.7130649
13.762,0.013762,29.9751447,1.71322297
13.763,0.013763,29.9771851,1.71339454
13.764,0.013764,29.9791831,1.71355768
13.765,0.013765,29.9813588,1.71367458
13.766,0.013766,29.98342,1.71374041
13.767,0.013767,29.9850997,1.71371063
13.768,0.013768,29.9863677,1.71359995
13.769,0.013769,29.987573,1.71348081
13.77,0.01377,29.9888188,1.71337659
13.771,0.013771,29.9898914,1.71327665
13.772,0.013772,29.9907022,1.71321206
13.773,0.013773,29.9913636,1.71315123
13.774,0.013774,29.9922766,1.71312097
13.775,0.013775,29.9935915,1.71313222
13.776,0.013776,29.9950433,1.71316859
13.777,0.013777,29.9966364,1.7132612
13.778,0.013778,29.9984632,1.71336427
13.779,0.013779,30.0002816,1.713444
13.78,0.01378,30.0020884,1.7135237
13.781,0.013781,30.003884,1.7136213
13.782,0.013782,30.0055954,1.71372576
13.783,0.013783,30.0073058,1.71384259
13.784,0.013784,30.0089947,1.71399666
13.785,0.013785,30.0107102,1.71414296
13.786,0.013786,30.0128393,1.71427003
13.787,0.013787,30.0152657,1.71441783
13.788,0.013788,30.0177997,1.71460887
13.789,0.013789,30.0201665,1.71485047
13.79,0.01379,30.0222741,1.715142
13.791,0.013791,30.0242692,1.71541666
13.792,0.013792,30.0260431,1.71567889
13.793,0.013793,30.0277645,1.71592556
13.794,0.013794,30.0295448,1.71618358
13.795,0.013795,30.031068,1.71643549
13.796,0.013796,30.032574,1.71671379
13.797,0.013797,30.0340205,1.71698897
13.798,0.013798,30.0354917,1.71727512
13.799,0.013799,30.036794,1.71756812
13.8,0.0138,30.0380045,1.71790499
13.801,0.013801,30.039217,1.71823236
13.802,0.013802,30.0404786,1.71859187
13.803,0.013803,30.0416834,1.71900348
13.804,0.013804,30.0427239,1.7193863
13.805,0.013805,30.0437559,1.71977173
13.806,0.013806,30.0450332,1.72013489
13.807,0.013807,30.0466081,1.72049051
13.808,0.013808,30.048137,1.72088448
13.809,0.013809,30.0495215,1.72128949
13.81,0.01381,30.0511496,1.72171752
13.811,0.013811,30.052947,1.72218811
13.812,0.013812,30.0546344,1.72267746
13.813,0.013813,30.0560792,1.72318901
13.814,0.013814,30.0572812,1.72363601
13.815,0.013815,30.0583907,1.72409309
13.816,0.013816,30.0597102,1.72459784
13.817,0.013817,30.061244,1.7251341
13.818,0.013818,30.0629244,1.72566677
13.819,0.013819,30.0647316,1.72621106
13.82,0.01382,30.0666992,1.72673311
13.821,0.013821,30.0685933,1.72721257
13.822,0.013822,30.0704572,1.72769249
13.823,0.013823,30.0721468,1.72817589
13.824,0.013824,30.0736607,1.72858657
13.825,0.013825,30.0750023,1.72897849
13.826,0.013826,30.0760029,1.72930987
13.827,0.013827,30.076798,1.72962471
13.828,0.013828,30.0775683,1.72991398
13.829,0.013829,30.0785926,1.73020321
13.83,0.01383,30.0797027,1.7304966
13.831,0.013831,30.0809254,1.73079341
13.832,0.013832,30.0820457,1.73114683
13.833,0.013833,30.0830975,1.73151039
13.834,0.013834,30.0840772,1.73187783
13.835,0.013835,30.0849198,1.7321946
13.836,0.013836,30.0855007,1.7324644
13.837,0.013837,30.085927,1.73270759
13.838,0.013838,30.0863807,1.73298077
13.839,0.013839,30.0866737,1.73327889
13.84,0.01384,30.0871395,1.73360816
13.841,0.013841,30.0876994,1.73392915
13.842,0.013842,30.0883059,1.73421716
13.843,0.013843,30.0890596,1.73454031
13.844,0.013844,30.0899916,1.73482872
13.845,0.013845,30.0912438,1.73510222
13.846,0.013846,30.093007,1.73541353
13.847,0.013847,30.0950541,1.73570654
13.848,0.013848,30.0970801,1.73599285
13.849,0.013849,30.0990575,1.7362646
13.85,0.01385,30.1010984,1.73655177
13.851,0.013851,30.1032065,1.73680949
13.852,0.013852,30.1054717,1.73708598
13.853,0.013853,30.1077229,1.73735051
13.854,0.013854,30.1100123,1.73761698
13.855,0.013855,30.11203,1.73784046
13.856,0.013856,30.113927,1.73808413
13.857,0.013857,30.1155705,1.73832976
13.858,0.013858,30.1170432,1.73859719
13.859,0.013859,30.118345,1.73884745
13.86,0.01386,30.1197008,1.73909227
13.861,0.013861,30.1208239,1.73938332
13.862,0.013862,30.1215505,1.73970263
13.863,0.013863,30.1222025,1.74005919
13.864,0.013864,30.1229882,1.74039684
13.865,0.013865,30.1238089,1.74071242
13.866,0.013866,30.1246653,1.74102345
13.867,0.013867,30.1255404,1.74138181
13.868,0.013868,30.1262874,1.74175127
13.869,0.013869,30.1270638,1.74205821
13.87,0.01387,30.1276637,1.74239296
13.871,0.013871,30.1280556,1.74272434
13.872,0.013872,30.1286406,1.74305852
13.873,0.013873,30.1297385,1.74341991
13.874,0.013874,30.1311148,1.74378095
13.875,0.013875,30.1325554,1.74410928
13.876,0.013876,30.1340304,1.74435581
13.877,0.013877,30.1354435,1.74461968
13.878,0.013878,30.1368885,1.7448303
13.879,0.013879,30.1385108,1.74501879
13.88,0.01388,30.1401285,1.74516458
13.881,0.013881,30.1418538,1.74522577
13.882,0.013882,30.1436363,1.74528789
13.883,0.013883,30.1454447,1.74532902
13.884,0.013884,30.1472076,1.74542342
13.885,0.013885,30.1493686,1.74556542
13.886,0.013886,30.1515493,1.74565376
13.887,0.013887,30.1534512,1.74572899
13.888,0.013888,30.1550716,1.74582034
13.889,0.013889,30.1565216,1.74591734
13.89,0.01389,30.1577553,1.7460362
13.891,0.013891,30.1589885,1.74614122
13.892,0.013892,30.1603223,1.74627149
13.893,0.013893,30.1617273,1.74640544
13.894,0.013894,30.1630978,1.74651107
13.895,0.013895,30.1643144,1.7466053
13.896,0.013896,30.1656544,1.74676621
13.897,0.013897,30.1670356,1.74689973
13.898,0.013898,30.1685506,1.74704823
13.899,0.013899,30.1702448,1.74715856
13.9,0.0139,30.1718476,1.74725601
13.901,0.013901,30.1735884,1.74736751
13.902,0.013902,30.1755016,1.74746599
13.903,0.013903,30.1775158,1.74761063
13.904,0.013904,30.1795556,1.74775534
13.905,0.013905,30.1816731,1.74796284
13.906,0.013906,30.1837032,1.74816917
13.907,0.013907,30.1855031,1.74835163
13.908,0.013908,30.1874315,1.7485048
13.909,0.013909,30.1894754,1.7486509
13.91,0.01391,30.19154,1.74875646
13.911,0.013911,30.1937309,1.74884754
13.912,0.013912,30.1959847,1.74895473
13.913,0.013913,30.1982395,1.74904863
13.914,0.013914,30.2002391,1.74908666
13.915,0.013915,30.2019444,1.74909193
13.916,0.013916,30.2034214,1.7490727
13.917,0.013917,30.2047495,1.74901774
13.918,0.013918,30.2058638,1.74893287
13.919,0.013919,30.2068486,1.74887227
13.92,0.01392,30.2076817,1.74879963
13.921,0.013921,30.2084848,1.74873729
13.922,0.013922,30.2089891,1.7486446
13.923,0.013923,30.2093139,1.74863169
13.924,0.013924,30.2095568,1.74861004
13.925,0.013925,30.2095791,1.74858336
13.926,0.013926,30.2093922,1.74853803
13.927,0.013927,30.2090072,1.74844401
13.928,0.013928,30.2087865,1.7483934
13.929,0.013929,30.208726,1.74836341
13.93,0.01393,30.2085986,1.74835305
13.931,0.013931,30.2080875,1.74834253
13.932,0.013932,30.2073769,1.74833363
13.933,0.013933,30.2066558,1.74833951
13.934,0.013934,30.2058513,1.74834918
13.935,0.013935,30.2048088,1.74838151
13.936,0.013936,30.2035312,1.7484422
13.937,0.013937,30.2023734,1.74852286
13.938,0.013938,30.2013887,1.74861239
13.939,0.013939,30.2003905,1.74876416
13.94,0.01394,30.1994318,1.74891185
13.941,0.013941,30.1984156,1.74904087
13.942,0.013942,30.1973859,1.74916851
13.943,0.013943,30.1965173,1.74927657
13.944,0.013944,30.1957793,1.74940182
13.945,0.013945,30.1949487,1.74956274
13.946,0.013946,30.1939578,1.74977453
13.947,0.013947,30.1928051,1.74998023
13.948,0.013948,30.191365,1.75017139
13.949,0.013949,30.1897992,1.75041023
13.95,0.01395,30.1882317,1.7506819
13.951,0.013951,30.1866431,1.75097747
13.952,0.013952,30.1851941,1.75131828
13.953,0.013953,30.1837752,1.75163679
13.954,0.013954,30.1825432,1.75198275
13.955,0.013955,30.1811987,1.75227403
13.956,0.013956,30.179714,1.75253672
13.957,0.013957,30.1783621,1.75277702
13.958,0.013958,30.1771095,1.75298872
13.959,0.013959,30.1757496,1.7532349
13.96,0.01396,30.1742164,1.75352511
13.961,0.013961,30.1725402,1.75385843
13.962,0.013962,30.1710209,1.75420698
13.963,0.013963,30.1698925,1.75458137
13.964,0.013964,30.1687652,1.75496514
13.965,0.013965,30.1673936,1.75532632
13.966,0.013966,30.1657204,1.75564202
13.967,0.013967,30.1636635,1.75591429
13.968,0.013968,30.1612421,1.75612319
13.969,0.013969,30.1588029,1.75635813
13.97,0.01397,30.1563271,1.75662963
13.971,0.013971,30.1540055,1.75690196
13.972,0.013972,30.1519525,1.75713545
13.973,0.013973,30.1499516,1.75742939
13.974,0.013974,30.1479842,1.75770115
13.975,0.013975,30.146336,1.75807966
13.976,0.013976,30.1449947,1.7585382
13.977,0.013977,30.1439179,1.75894955
13.978,0.013978,30.1428694,1.75933968
13.979,0.013979,30.1417125,1.75972882
13.98,0.01398,30.1402804,1.76004628
13.981,0.013981,30.1389116,1.76035069
13.982,0.013982,30.1372801,1.76067972
13.983,0.013983,30.1354698,1.76101974
13.984,0.013984,30.1337975,1.76143005
13.985,0.013985,30.1322929,1.76187547
13.986,0.013986,30.1306047,1.76232248
13.987,0.013987,30.1286755,1.76279802
13.988,0.013988,30.1268322,1.7632738
13.989,0.013989,30.1251401,1.76377332
13.99,0.01399,30.1234871,1.76427416
13.991,0.013991,30.122081,1.76470597
13.992,0.013992,30.1207449,1.76511341
13.993,0.013993,30.1195689,1.7655448
13.994,0.013994,30.118396,1.76599664
13.995,0.013995,30.1171992,1.76646818
13.996,0.013996,30.1159974,1.76690951
13.997,0.013997,30.1149465,1.76734778
13.998,0.013998,30.1140034,1.76780723
13.999,0.013999,30.1128947,1.76827591
14,0.014,30.1116862,1.76870628
14.001,0.014001,30.1104889,1.76914376
14.002,0.014002,30.109186,1.7696125
14.003,0.014003,30.1080578,1.77007337
14.004,0.014004,30.1066683,1.77055451
14.005,0.014005,30.1051229,1.77105262
14.006,0.014006,30.1037356,1.77151823
14.007,0.014007,30.1026526,1.77196986
14.008,0.014008,30.1014594,1.77236173
14.009,0.014009,30.1001717,1.77277113
14.01,0.01401,30.0987915,1.77316423
14.011,0.014011,30.097175,1.77354076
14.012,0.014012,30.0953136,1.77393381
14.013,0.014013,30.0933197,1.77433559
14.014,0.014014,30.0912027,1.77476694
14.015,0.014015,30.0892615,1.77521538
14.016,0.014016,30.0872976,1.7756879
14.017,0.014017,30.0851878,1.77620134
14.018,0.014018,30.0825981,1.77670857
14.019,0.014019,30.0800376,1.77725637
14.02,0.01402,30.0774467,1.7777972
14.021,0.014021,30.0750609,1.77829475
14.022,0.014022,30.0728432,1.77879989
14.023,0.014023,30.0707071,1.77931225
14.024,0.014024,30.0686873,1.77979858
14.025,0.014025,30.0667567,1.78028614
14.026,0.014026,30.064763,1.78074152
14.027,0.014027,30.0626112,1.78117956
14.028,0.014028,30.0602901,1.78160506
14.029,0.014029,30.0579204,1.78194517
14.03,0.01403,30.0558644,1.78222289
14.031,0.014031,30.0539761,1.78251761
14.032,0.014032,30.0523206,1.78277368
14.033,0.014033,30.0508606,1.7829471
14.034,0.014034,30.0494664,1.78311703
14.035,0.014035,30.0482491,1.78329134
14.036,0.014036,30.0471233,1.78347592
14.037,0.014037,30.0462233,1.78365522
14.038,0.014038,30.0450965,1.78380519
14.039,0.014039,30.0440703,1.78394372
14.04,0.01404,30.0428863,1.78414293
14.041,0.014041,30.0412536,1.78430763
14.042,0.014042,30.0394385,1.78445711
14.043,0.014043,30.0376286,1.78466849
14.044,0.014044,30.0360085,1.78492791
14.045,0.014045,30.03457,1.78523175
14.046,0.014046,30.033322,1.78548894
14.047,0.014047,30.0319193,1.78571352
14.048,0.014048,30.0306237,1.78599735
14.049,0.014049,30.0293022,1.78625407
14.05,0.01405,30.0280528,1.7865545
14.051,0.014051,30.0265147,1.78681406
14.052,0.014052,30.0250641,1.78710954
14.053,0.014053,30.0238048,1.78742621
14.054,0.014054,30.0226807,1.78772534
14.055,0.014055,30.0216366,1.78804895
14.056,0.014056,30.0202933,1.7883823
14.057,0.014057,30.0189326,1.7886581
14.058,0.014058,30.017448,1.78889182
14.059,0.014059,30.0160047,1.78910545
14.06,0.01406,30.0147008,1.78927542
14.061,0.014061,30.0133722,1.78951082
14.062,0.014062,30.0119999,1.78971826
14.063,0.014063,30.010682,1.78999056
14.064,0.014064,30.0094599,1.79027635
14.065,0.014065,30.0083868,1.79061521
14.066,0.014066,30.0071404,1.79097121
14.067,0.014067,30.0059327,1.79134482
14.068,0.014068,30.0047941,1.79172977
14.069,0.014069,30.0041104,1.79214156
14.07,0.01407,30.0038344,1.79264221
14.071,0.014071,30.003712,1.79320984
14.072,0.014072,30.0032074,1.79381407
14.073,0.014073,30.0025784,1.79445034
14.074,0.014074,30.0018746,1.79507389
14.075,0.014075,30.001049,1.79568876
14.076,0.014076,30.000386,1.79635595
14.077,0.014077,29.9997057,1.79706663
14.078,0.014078,29.9988291,1.79778658
14.079,0.014079,29.9976703,1.79847863
14.08,0.01408,29.9960634,1.79914741
14.081,0.014081,29.994202,1.79986336
14.082,0.014082,29.9923809,1.80063054
14.083,0.014083,29.9905335,1.80138058
14.084,0.014084,29.9886337,1.80211571
14.085,0.014085,29.9866971,1.80281012
14.086,0.014086,29.9847253,1.8035387
14.087,0.014087,29.9829315,1.80424323
14.088,0.014088,29.9811493,1.80488997
14.089,0.014089,29.9794197,1.80548239
14.09,0.01409,29.9776385,1.80600835
14.091,0.014091,29.9758815,1.8065567
14.092,0.014092,29.9742775,1.80704776
14.093,0.014093,29.9726026,1.80752865
14.094,0.014094,29.9710498,1.80809543
14.095,0.014095,29.9695115,1.8086597
14.096,0.014096,29.967893,1.80925976
14.097,0.014097,29.9665213,1.80986072
14.098,0.014098,29.9653429,1.81043304
14.099,0.014099,29.964216,1.81099281
14.1,0.0141,29.9632078,1.81156049
14.101,0.014101,29.962341,1.81212869
14.102,0.014102,29.9613949,1.81280351
14.103,0.014103,29.9603838,1.81351432
14.104,0.014104,29.9592265,1.81420143
14.105,0.014105,29.9580989,1.81492267
14.106,0.014106,29.9570929,1.8156085
14.107,0.014107,29.9557154,1.81622005
14.108,0.014108,29.9542681,1.81686606
14.109,0.014109,29.9529329,1.81753174
14.11,0.01411,29.9515184,1.81820593
14.111,0.014111,29.9500353,1.81885312
14.112,0.014112,29.9485677,1.81947535
14.113,0.014113,29.9471478,1.82005448
14.114,0.014114,29.9456692,1.82062392
14.115,0.014115,29.9443966,1.82114238
14.116,0.014116,29.9435553,1.82164937
14.117,0.014117,29.943249,1.82216208
14.118,0.014118,29.9437594,1.82271041
14.119,0.014119,29.9446169,1.82325289
14.12,0.01412,29.945679,1.82378682
14.121,0.014121,29.9469504,1.8243839
14.122,0.014122,29.9481475,1.82493736
14.123,0.014123,29.9492581,1.82546905
14.124,0.014124,29.9503034,1.82597484
14.125,0.014125,29.9511454,1.82648781
14.126,0.014126,29.9520658,1.82702352
14.127,0.014127,29.9532597,1.82765643
14.128,0.014128,29.9546617,1.82834537
14.129,0.014129,29.9563631,1.82906006
14.13,0.01413,29.9582726,1.82982137
14.131,0.014131,29.9602333,1.83053811
14.132,0.014132,29.9622943,1.83124888
14.133,0.014133,29.9642749,1.83187725
14.134,0.014134,29.9662454,1.83250083
14.135,0.014135,29.9681434,1.8331815
14.136,0.014136,29.9700866,1.83384312
14.137,0.014137,29.9718508,1.83453539
14.138,0.014138,29.9735357,1.83521562
14.139,0.014139,29.9751232,1.8358556
14.14,0.01414,29.9768738,1.8364727
14.141,0.014141,29.9788611,1.83701602
14.142,0.014142,29.9811278,1.83753456
14.143,0.014143,29.9835708,1.83800986
14.144,0.014144,29.9857928,1.8385164
14.145,0.014145,29.9874248,1.83902346
14.146,0.014146,29.9887975,1.83955457
14.147,0.014147,29.9901085,1.84012533
14.148,0.014148,29.9913304,1.84072301
14.149,0.014149,29.9926206,1.84135697
14.15,0.01415,29.9941234,1.84201335
14.151,0.014151,29.9956545,1.84264721
14.152,0.014152,29.9970136,1.84325832
14.153,0.014153,29.9984384,1.84387979
14.154,0.014154,29.9999624,1.84453566
14.155,0.014155,30.0014215,1.84522552
14.156,0.014156,30.0030292,1.84597354
14.157,0.014157,30.0046715,1.84672319
14.158,0.014158,30.0063638,1.84751006
14.159,0.014159,30.0080268,1.84831484
14.16,0.01416,30.0095976,1.84906792
14.161,0.014161,30.0110695,1.84975161
14.162,0.014162,30.0125228,1.85041943
14.163,0.014163,30.0139351,1.85113932
14.164,0.014164,30.0154005,1.85191635
14.165,0.014165,30.0171199,1.85279976
14.166,0.014166,30.0191638,1.85370858
14.167,0.014167,30.0211855,1.85461424
14.168,0.014168,30.0232313,1.85553097
14.169,0.014169,30.0253898,1.85634107
14.17,0.01417,30.0273755,1.85714916
14.171,0.014171,30.0293217,1.85797309
14.172,0.014172,30.0312365,1.85877051
14.173,0.014173,30.033106,1.85956477
14.174,0.014174,30.0348184,1.86035239
14.175,0.014175,30.0363265,1.86117609
14.176,0.014176,30.0374767,1.86200188
14.177,0.014177,30.0384099,1.86277806
14.178,0.014178,30.0393838,1.86357969
14.179,0.014179,30.0404212,1.86441888
14.18,0.01418,30.0412887,1.86526214
14.181,0.014181,30.04226,1.86617755
14.182,0.014182,30.043343,1.86708091
14.183,0.014183,30.044479,1.8679822
14.184,0.014184,30.045805,1.86886913
14.185,0.014185,30.0472226,1.86979531
14.186,0.014186,30.048668,1.87078008
14.187,0.014187,30.0500155,1.87173445
14.188,0.014188,30.0513243,1.87269743
14.189,0.014189,30.052613,1.87366259
14.19,0.01419,30.0540319,1.87463313
14.191,0.014191,30.0554859,1.87560595
14.192,0.014192,30.0567535,1.87659064
14.193,0.014193,30.0576804,1.87759121
14.194,0.014194,30.0582393,1.87861346
14.195,0.014195,30.0587681,1.8796841
14.196,0.014196,30.0590031,1.88079365
14.197,0.014197,30.0588674,1.88189572
14.198,0.014198,30.0586151,1.88301887
14.199,0.014199,30.0580073,1.88416689
14.2,0.0142,30.0570967,1.88526022
14.201,0.014201,30.0561386,1.88631244
14.202,0.014202,30.0555388,1.88732718
14.203,0.014203,30.0554504,1.88839544
14.204,0.014204,30.0555191,1.88947709
14.205,0.014205,30.0555251,1.89054711
14.206,0.014206,30.0553426,1.89153928
14.207,0.014207,30.0551354,1.89243925
14.208,0.014208,30.0549467,1.89338039
14.209,0.014209,30.0548615,1.89436649
14.21,0.01421,30.0550928,1.89538513
14.211,0.014211,30.055477,1.89638059
14.212,0.014212,30.0560887,1.89738606
14.213,0.014213,30.0566416,1.89839728
14.214,0.014214,30.0568892,1.89939918
14.215,0.014215,30.0570339,1.90034379
14.216,0.014216,30.0572969,1.90131104
14.217,0.014217,30.0576787,1.90232271
14.218,0.014218,30.0581706,1.90327367
14.219,0.014219,30.0588846,1.9042048
14.22,0.01422,30.0596952,1.90515421
14.221,0.014221,30.0605316,1.9061077
14.222,0.014222,30.0615542,1.90707212
14.223,0.014223,30.0626464,1.90812833
14.224,0.014224,30.063873,1.90927253
14.225,0.014225,30.0651272,1.91050208
14.226,0.014226,30.0663603,1.91172609
14.227,0.014227,30.0677786,1.91291927
14.228,0.014228,30.0690655,1.91411124
14.229,0.014229,30.0702247,1.91532432
14.23,0.01423,30.0712394,1.9164839
14.231,0.014231,30.0722181,1.91762395
14.232,0.014232,30.0734732,1.91880132
14.233,0.014233,30.0748632,1.91994855
14.234,0.014234,30.0764108,1.92109578
14.235,0.014235,30.0780708,1.92224002
14.236,0.014236,30.079575,1.92333812
14.237,0.014237,30.0808855,1.92441313
14.238,0.014238,30.0821183,1.92549135
14.239,0.014239,30.083647,1.92657279
14.24,0.01424,30.0851787,1.92765931
14.241,0.014241,30.0868433,1.92880568
14.242,0.014242,30.0887712,1.93002095
14.243,0.014243,30.0909221,1.93122146
14.244,0.014244,30.093347,1.93241886
14.245,0.014245,30.0958154,1.9336738
14.246,0.014246,30.0983799,1.93500121
14.247,0.014247,30.1010866,1.93637966
14.248,0.014248,30.1034611,1.93771621
14.249,0.014249,30.1059543,1.93907774
14.25,0.01425,30.108736,1.94045481
14.251,0.014251,30.1118101,1.94183316
14.252,0.014252,30.1145539,1.94316832
14.253,0.014253,30.1176111,1.94443049
14.254,0.014254,30.1209596,1.9456823
14.255,0.014255,30.1241411,1.94687783
14.256,0.014256,30.1270272,1.94800739
14.257,0.014257,30.129852,1.9491176
14.258,0.014258,30.1327349,1.95021336
14.259,0.014259,30.1353446,1.95133288
14.26,0.01426,30.1374091,1.95245051
14.261,0.014261,30.1391976,1.95367854
14.262,0.014262,30.1409874,1.95501231
14.263,0.014263,30.1424733,1.95632875
14.264,0.014264,30.1439736,1.95766634
14.265,0.014265,30.1454238,1.95904301
14.266,0.014266,30.1465543,1.96042474
14.267,0.014267,30.1474313,1.96181654
14.268,0.014268,30.147957,1.96317912
14.269,0.014269,30.1484679,1.96452997
14.27,0.01427,30.1488067,1.9659388
14.271,0.014271,30.148885,1.96730545
14.272,0.014272,30.1488648,1.96868082
14.273,0.014273,30.1487457,1.97002398
14.274,0.014274,30.1487521,1.97135704
14.275,0.014275,30.1489244,1.9726743
14.276,0.014276,30.1493398,1.97404575
14.277,0.014277,30.1499121,1.97551724
14.278,0.014278,30.1507637,1.97697644
14.279,0.014279,30.1514601,1.97835924
14.28,0.01428,30.1521445,1.97972546
14.281,0.014281,30.15293,1.9811082
14.282,0.014282,30.1539437,1.98248111
14.283,0.014283,30.1549775,1.98380557
14.284,0.014284,30.1561013,1.98514183
14.285,0.014285,30.1576856,1.98649343
14.286,0.014286,30.1595484,1.98781426
14.287,0.014287,30.1615301,1.98904813
14.288,0.014288,30.1636447,1.99030951
14.289,0.014289,30.1658921,1.99153236
14.29,0.01429,30.1683093,1.99274097
14.291,0.014291,30.1708773,1.99390322
14.292,0.014292,30.1735583,1.99506434
14.293,0.014293,30.1764558,1.99625577
14.294,0.014294,30.179214,1.99741709
14.295,0.014295,30.1817017,1.99857875
14.296,0.014296,30.1842351,1.99976462
14.297,0.014297,30.1869387,2.00091479
14.298,0.014298,30.1897285,2.00203505
14.299,0.014299,30.1927239,2.00317441
14.3,0.0143,30.1957199,2.00432984
14.301,0.014301,30.1985749,2.00547772
14.302,0.014302,30.2015677,2.00659664
14.303,0.014303,30.2048004,2.007664
14.304,0.014304,30.2083934,2.00881115
14.305,0.014305,30.2122302,2.01001665
14.306,0.014306,30.2162928,2.01125168
14.307,0.014307,30.2204528,2.01246435
14.308,0.014308,30.2249305,2.01362414
14.309,0.014309,30.2296464,2.01473376
14.31,0.01431,30.2346593,2.01589623
14.311,0.014311,30.2397544,2.01708491
14.312,0.014312,30.2446527,2.01820685
14.313,0.014313,30.2493368,2.01927602
14.314,0.014314,30.2541153,2.02031685
14.315,0.014315,30.2590315,2.02137793
14.316,0.014316,30.264008,2.02253797
14.317,0.014317,30.2691204,2.02379334
14.318,0.014318,30.2741972,2.02514952
14.319,0.014319,30.2790313,2.02647429
14.32,0.01432,30.2838606,2.02783342
14.321,0.014321,30.288606,2.02920609
14.322,0.014322,30.2931931,2.03053276
14.323,0.014323,30.2975751,2.0318463
14.324,0.014324,30.3018359,2.03320465
14.325,0.014325,30.3060348,2.03457388
14.326,0.014326,30.31,2.03594433
14.327,0.014327,30.3137768,2.03723167
14.328,0.014328,30.3174904,2.03851218
14.329,0.014329,30.3212684,2.03982768
14.33,0.01433,30.3247575,2.04116316
14.331,0.014331,30.3281543,2.04252125
14.332,0.014332,30.3316093,2.04389957
14.333,0.014333,30.3353222,2.04520704
14.334,0.014334,30.3391877,2.04648672
14.335,0.014335,30.3428842,2.04771779
14.336,0.014336,30.3467509,2.04890835
14.337,0.014337,30.3509501,2.05007637
14.338,0.014338,30.3553108,2.05125823
14.339,0.014339,30.359853,2.05243124
14.34,0.01434,30.3645556,2.0536037
14.341,0.014341,30.36931,2.05477684
14.342,0.014342,30.3741386,2.05586489
14.343,0.014343,30.3791286,2.0569353
14.344,0.014344,30.3844109,2.0580356
14.345,0.014345,30.3898353,2.05917765
14.346,0.014346,30.3952468,2.0603898
14.347,0.014347,30.4007059,2.06165208
14.348,0.014348,30.4064158,2.0628887
14.349,0.014349,30.4121338,2.0641545
14.35,0.01435,30.4178408,2.06548882
14.351,0.014351,30.4235672,2.06678516
14.352,0.014352,30.4292301,2.0680428
14.353,0.014353,30.4351543,2.06934355
14.354,0.014354,30.44134,2.07063195
14.355,0.014355,30.4473783,2.07189914
14.356,0.014356,30.4534181,2.07314538
14.357,0.014357,30.4595104,2.0743957
14.358,0.014358,30.465628,2.07565645
14.359,0.014359,30.47148,2.07695986
14.36,0.01436,30.4774292,2.0782585
14.361,0.014361,30.4833984,2.07953524
14.362,0.014362,30.489217,2.08077813
14.363,0.014363,30.4949351,2.08204464
14.364,0.014364,30.5009158,2.08333208
14.365,0.014365,30.5072064,2.08465218
14.366,0.014366,30.5135303,2.08599268
14.367,0.014367,30.5196467,2.08730783
14.368,0.014368,30.5259094,2.08859798
14.369,0.014369,30.5322771,2.08980917
14.37,0.01437,30.538684,2.09100017
14.371,0.014371,30.5451825,2.09217268
14.372,0.014372,30.5516475,2.0933051
14.373,0.014373,30.5582706,2.09443242
14.374,0.014374,30.5653185,2.09550235
14.375,0.014375,30.5724749,2.09657516
14.376,0.014376,30.5796798,2.09763482
14.377,0.014377,30.5870403,2.09864772
14.378,0.014378,30.5943824,2.09963099
14.379,0.014379,30.6018693,2.10058149
14.38,0.01438,30.6093145,2.10145887
14.381,0.014381,30.6168324,2.10234976
14.382,0.014382,30.6243281,2.10323282
14.383,0.014383,30.6317952,2.1040942
14.384,0.014384,30.6392287,2.10493991
14.385,0.014385,30.6466647,2.10582181
14.386,0.014386,30.6541964,2.1067372
14.387,0.014387,30.6617602,2.10766038
14.388,0.014388,30.6693896,2.10860375
14.389,0.014389,30.6769638,2.10953515
14.39,0.01439,30.6848796,2.11046918
14.391,0.014391,30.6930881,2.1114632
14.392,0.014392,30.7017973,2.11249192
14.393,0.014393,30.710642,2.11351828
14.394,0.014394,30.7195752,2.11458339
14.395,0.014395,30.7285803,2.11562955
14.396,0.014396,30.737456,2.11663042
14.397,0.014397,30.746426,2.1176582
14.398,0.014398,30.7554702,2.11868512
14.399,0.014399,30.7647127,2.11975609
14.4,0.0144,30.7740987,2.12087225
14.401,0.014401,30.7835277,2.12196807
14.402,0.014402,30.7927527,2.12308953
14.403,0.014403,30.8019471,2.12418141
14.404,0.014404,30.8109428,2.12527547
14.405,0.014405,30.8199624,2.12633904
14.406,0.014406,30.829036,2.12736812
14.407,0.014407,30.8379731,2.12837591
14.408,0.014408,30.846803,2.12945015
14.409,0.014409,30.8556467,2.13057511
14.41,0.01441,30.864103,2.13170822
14.411,0.014411,30.8721939,2.13281398
14.412,0.014412,30.8800129,2.13390989
14.413,0.014413,30.8878721,2.13498716
14.414,0.014414,30.8961041,2.13605798
14.415,0.014415,30.9044215,2.13712895
14.416,0.014416,30.9127156,2.13819377
14.417,0.014417,30.9209962,2.13924614
14.418,0.014418,30.9292208,2.14033668
14.419,0.014419,30.937433,2.14146818
14.42,0.01442,30.9457162,2.1425884
14.421,0.014421,30.9540407,2.14375783
14.422,0.014422,30.962627,2.14490916
14.423,0.014423,30.9712681,2.1460204
14.424,0.014424,30.9799288,2.14709372
14.425,0.014425,30.9887063,2.14816832
14.426,0.014426,30.997535,2.14934456
14.427,0.014427,31.0065911,2.15056593
14.428,0.014428,31.0157377,2.15180402
14.429,0.014429,31.0248253,2.15307894
14.43,0.01443,31.0341398,2.15438503
14.431,0.014431,31.0437718,2.15569709
14.432,0.014432,31.0534927,2.15700574
14.433,0.014433,31.0631963,2.15835654
14.434,0.014434,31.0727635,2.15974257
14.435,0.014435,31.0822914,2.16108318
14.436,0.014436,31.0919491,2.16241735
14.437,0.014437,31.1016708,2.16380778
14.438,0.014438,31.11137,2.16520189
14.439,0.014439,31.1212538,2.16652137
14.44,0.01444,31.1311264,2.1677661
14.441,0.014441,31.1412123,2.16899613
14.442,0.014442,31.1516822,2.17026013
14.443,0.014443,31.1620528,2.17150841
14.444,0.014444,31.1721683,2.17265587
14.445,0.014445,31.1822745,2.17376627
14.446,0.014446,31.192416,2.17490945
14.447,0.014447,31.2022707,2.17595498
14.448,0.014448,31.2119901,2.17707244
14.449,0.014449,31.2217527,2.17819027
14.45,0.01445,31.231502,2.17924479
14.451,0.014451,31.2412901,2.18033336
14.452,0.014452,31.2511866,2.18142125
14.453,0.014453,31.2611982,2.182532
14.454,0.014454,31.2712016,2.18364186
14.455,0.014455,31.2814094,2.18474783
14.456,0.014456,31.2918102,2.18582653
14.457,0.014457,31.3021931,2.18691778
14.458,0.014458,31.3125574,2.18798849
14.459,0.014459,31.3228413,2.18907973
14.46,0.01446,31.3330559,2.19015606
14.461,0.014461,31.3433313,2.19122284
14.462,0.014462,31.353653,2.19226614
14.463,0.014463,31.364041,2.19332714
14.464,0.014464,31.3742727,2.19442859
14.465,0.014465,31.3842347,2.19545167
14.466,0.014466,31.3939896,2.19639172
14.467,0.014467,31.403623,2.19727045
14.468,0.014468,31.4132543,2.19811881
14.469,0.014469,31.4229917,2.1989899
14.47,0.01447,31.4327408,2.19983248
14.471,0.014471,31.4423477,2.20069028
14.472,0.014472,31.4516638,2.20159402
14.473,0.014473,31.4609315,2.20248559
14.474,0.014474,31.4704847,2.20331023
14.475,0.014475,31.4801857,2.20415502
14.476,0.014476,31.4900996,2.20493851
14.477,0.014477,31.5003332,2.20567153
14.478,0.014478,31.5105806,2.20636458
14.479,0.014479,31.5209154,2.20702778
14.48,0.01448,31.5311898,2.20771782
14.481,0.014481,31.5415436,2.20848933
14.482,0.014482,31.5519807,2.20920016
14.483,0.014483,31.5626713,2.20995817
14.484,0.014484,31.5736997,2.21076695
14.485,0.014485,31.5850801,2.21154967
14.486,0.014486,31.5966725,2.21234717
14.487,0.014487,31.6085838,2.21311479
14.488,0.014488,31.620588,2.21385866
14.489,0.014489,31.6325697,2.21462815
14.49,0.01449,31.6446126,2.21539456
14.491,0.014491,31.6565469,2.21609852
14.492,0.014492,31.66826,2.2167278
14.493,0.014493,31.6797396,2.21738886
14.494,0.014494,31.6909733,2.21804027
14.495,0.014495,31.7017344,2.21868432
14.496,0.014496,31.712401,2.21934514
14.497,0.014497,31.7231311,2.21998287
14.498,0.014498,31.7336762,2.22053748
14.499,0.014499,31.7440709,2.22105274
14.5,0.0145,31.7543851,2.22153667
14.501,0.014501,31.7647381,2.22199383
14.502,0.014502,31.7751254,2.22250333
14.503,0.014503,31.785603,2.22309903
14.504,0.014504,31.7958165,2.22370909
14.505,0.014505,31.805955,2.22432774
14.506,0.014506,31.8161486,2.2248872
14.507,0.014507,31.8263763,2.22541519
14.508,0.014508,31.8365862,2.2259349
14.509,0.014509,31.846909,2.22647048
14.51,0.01451,31.8569865,2.22695666
14.511,0.014511,31.8665193,2.22742171
14.512,0.014512,31.8759275,2.2278902
14.513,0.014513,31.885279,2.2283901
14.514,0.014514,31.8946721,2.22892734
14.515,0.014515,31.9039497,2.22951436
14.516,0.014516,31.9132738,2.2301287
14.517,0.014517,31.9223282,2.23069936
14.518,0.014518,31.931094,2.23123799
14.519,0.014519,31.9398621,2.23177894
14.52,0.01452,31.9487323,2.23234875
14.521,0.014521,31.9575994,2.23290144
14.522,0.014522,31.966489,2.23345136
14.523,0.014523,31.9752979,2.23400084
14.524,0.014524,31.9843278,2.23462118
14.525,0.014525,31.9935641,2.23527063
14.526,0.014526,32.002667,2.23591855
14.527,0.014527,32.011717,2.23659014
14.528,0.014528,32.0206532,2.23718705
14.529,0.014529,32.0290681,2.2377513
14.53,0.01453,32.0372804,2.23832127
14.531,0.014531,32.0454269,2.23888957
14.532,0.014532,32.0533323,2.23953079
14.533,0.014533,32.0611055,2.24023859
14.534,0.014534,32.068949,2.24094658
14.535,0.014535,32.0767212,2.24158127
14.536,0.014536,32.0842678,2.24216677
14.537,0.014537,32.091531,2.24276168
14.538,0.014538,32.0988355,2.24341576
14.539,0.014539,32.1061388,2.24402718
14.54,0.01454,32.1135809,2.24469098
14.541,0.014541,32.1212227,2.24535419
14.542,0.014542,32.1288348,2.24600121
14.543,0.014543,32.1360146,2.24667798
14.544,0.014544,32.142907,2.24736133
14.545,0.014545,32.1495886,2.24805596
14.546,0.014546,32.1558482,2.24876964
14.547,0.014547,32.1616757,2.2494764
14.548,0.014548,32.1674831,2.25016305
14.549,0.014549,32.1736522,2.25085441
14.55,0.01455,32.1801103,2.25152869
14.551,0.014551,32.1869277,2.25223498
14.552,0.014552,32.1935451,2.25291378
14.553,0.014553,32.2000019,2.25354936
14.554,0.014554,32.2063016,2.25418193
14.555,0.014555,32.2125552,2.25480607
14.556,0.014556,32.2188382,2.25541428
14.557,0.014557,32.2252405,2.25604129
14.558,0.014558,32.2320032,2.25667746
14.559,0.014559,32.2386847,2.25735473
14.56,0.01456,32.2454587,2.25810789
14.561,0.014561,32.2524074,2.25882974
14.562,0.014562,32.2593566,2.25954854
14.563,0.014563,32.2660482,2.26028929
14.564,0.014564,32.2725623,2.26106411
14.565,0.014565,32.2787844,2.26181091
14.566,0.014566,32.2849676,2.26256374
14.567,0.014567,32.2913314,2.26330786
14.568,0.014568,32.2975979,2.26403002
14.569,0.014569,32.3040775,2.26475501
14.57,0.01457,32.3106604,2.26552341
14.571,0.014571,32.3172909,2.26631819
14.572,0.014572,32.3236294,2.26702945
14.573,0.014573,32.3297895,2.26768703
14.574,0.014574,32.3358715,2.26836821
14.575,0.014575,32.3419355,2.26903335
14.576,0.014576,32.3481011,2.26969476
14.577,0.014577,32.3539765,2.27023615
14.578,0.014578,32.359633,2.27073412
14.579,0.014579,32.3652694,2.27122687
14.58,0.01458,32.3710083,2.27172308
14.581,0.014581,32.376546,2.27222794
14.582,0.014582,32.3820811,2.27269552
14.583,0.014583,32.3880097,2.27312788
14.584,0.014584,32.3943924,2.27359089
14.585,0.014585,32.4009353,2.27404815
14.586,0.014586,32.407757,2.27452705
14.587,0.014587,32.4145085,2.2750377
14.588,0.014588,32.4210068,2.27561521
14.589,0.014589,32.4272954,2.27624284
14.59,0.01459,32.4333694,2.27693902
14.591,0.014591,32.4393621,2.27769377
14.592,0.014592,32.4453135,2.27838027
14.593,0.014593,32.4512216,2.27910714
14.594,0.014594,32.4571493,2.27986964
14.595,0.014595,32.4628762,2.28067867
14.596,0.014596,32.4685491,2.281488
14.597,0.014597,32.4742184,2.2822918
14.598,0.014598,32.4799195,2.2830822
14.599,0.014599,32.4856164,2.28388974
14.6,0.0146,32.4911915,2.28466955
14.601,0.014601,32.4968138,2.28547061
14.602,0.014602,32.5023636,2.28624293
14.603,0.014603,32.5077703,2.28694209
14.604,0.014604,32.5132245,2.28766557
14.605,0.014605,32.5185425,2.28837391
14.606,0.014606,32.5238151,2.28908233
14.607,0.014607,32.528859,2.28976573
14.608,0.014608,32.5337238,2.29041812
14.609,0.014609,32.5386612,2.29096183
14.61,0.01461,32.5439288,2.29143051
14.611,0.014611,32.5491849,2.29182368
14.612,0.014612,32.554357,2.29221044
14.613,0.014613,32.5597597,2.2926164
14.614,0.014614,32.5653353,2.29304413
14.615,0.014615,32.5707325,2.29349213
14.616,0.014616,32.5759533,2.29389832
14.617,0.014617,32.5809417,2.29425752
14.618,0.014618,32.5856175,2.29463192
14.619,0.014619,32.5904911,2.29500155
14.62,0.01462,32.5954924,2.29533102
14.621,0.014621,32.6005867,2.29567155
14.622,0.014622,32.6058173,2.29597029
14.623,0.014623,32.6109992,2.29625043
14.624,0.014624,32.6160783,2.29647717
14.625,0.014625,32.6207423,2.29668739
14.626,0.014626,32.625024,2.2969088
14.627,0.014627,32.6296112,2.29715821
14.628,0.014628,32.6341586,2.29745251
14.629,0.014629,32.6388467,2.29779636
14.63,0.01463,32.6438076,2.29817571
14.631,0.014631,32.6488566,2.29851127
14.632,0.014632,32.6541437,2.29885952
14.633,0.014633,32.6595073,2.29920962
14.634,0.014634,32.6650992,2.29961543
14.635,0.014635,32.6710946,2.30000459
14.636,0.014636,32.6772274,2.30037292
14.637,0.014637,32.6832266,2.3007587
14.638,0.014638,32.6894401,2.30120034
14.639,0.014639,32.6961626,2.30169778
14.64,0.01464,32.703065,2.30206212
14.641,0.014641,32.710335,2.30244534
14.642,0.014642,32.7178828,2.30287927
14.643,0.014643,32.725525,2.3033117
14.644,0.014644,32.7333265,2.30374627
14.645,0.014645,32.7413444,2.30413487
14.646,0.014646,32.7494099,2.30456523
14.647,0.014647,32.7571869,2.30495228
14.648,0.014648,32.764953,2.30534984
14.649,0.014649,32.7726752,2.30582882
14.65,0.01465,32.7799454,2.30633742
14.651,0.014651,32.787203,2.30684172
14.652,0.014652,32.7943957,2.3073309
14.653,0.014653,32.8011371,2.30776532
14.654,0.014654,32.807523,2.30820066
14.655,0.014655,32.8136189,2.30867394
14.656,0.014656,32.8194635,2.30916103
14.657,0.014657,32.8251484,2.30959227
14.658,0.014658,32.8309066,2.3100007
14.659,0.014659,32.8366854,2.3104528
14.66,0.01466,32.8424163,2.31088677
14.661,0.014661,32.8484275,2.31133927
14.662,0.014662,32.8547729,2.31180093
14.663,0.014663,32.861328,2.31222492
14.664,0.014664,32.867615,2.31270823
14.665,0.014665,32.8738177,2.31324987
14.666,0.014666,32.8802612,2.31378511
14.667,0.014667,32.8866969,2.31439186
14.668,0.014668,32.8929103,2.31498879
14.669,0.014669,32.899203,2.31557221
14.67,0.01467,32.9055715,2.31622954
14.671,0.014671,32.911953,2.3169867
14.672,0.014672,32.9183004,2.31777154
14.673,0.014673,32.9245838,2.31856437
14.674,0.014674,32.9310989,2.3194083
14.675,0.014675,32.9371951,2.32018542
14.676,0.014676,32.9428441,2.3209664
14.677,0.014677,32.9480853,2.32172005
14.678,0.014678,32.9533522,2.32251129
14.679,0.014679,32.9587097,2.32334253
14.68,0.01468,32.9639357,2.32424364
14.681,0.014681,32.9692359,2.32515429
14.682,0.014682,32.9745089,2.32614037
14.683,0.014683,32.9796521,2.32710857
14.684,0.014684,32.9843198,2.32800028
14.685,0.014685,32.988594,2.32884955
14.686,0.014686,32.9926437,2.3297051
14.687,0.014687,32.9969383,2.33048682
14.688,0.014688,33.0015405,2.33124932
14.689,0.014689,33.0060276,2.33203256
14.69,0.01469,33.0103218,2.33277464
14.691,0.014691,33.0145569,2.33353166
14.692,0.014692,33.0190039,2.33432346
14.693,0.014693,33.0236193,2.33514865
14.694,0.014694,33.0284947,2.33592677
14.695,0.014695,33.0336333,2.33663105
14.696,0.014696,33.039031,2.33724292
14.697,0.014697,33.0446429,2.33785421
14.698,0.014698,33.0502814,2.33841201
14.699,0.014699,33.0560213,2.33890462
14.7,0.0147,33.0615646,2.339362
14.701,0.014701,33.0670507,2.33980655
14.702,0.014702,33.0725904,2.34022062
14.703,0.014703,33.0783029,2.34063288
14.704,0.014704,33.0842944,2.34108006
14.705,0.014705,33.0904062,2.34158074
14.706,0.014706,33.0964218,2.34201431
14.707,0.014707,33.1025985,2.34239903
14.708,0.014708,33.1085768,2.3427632
14.709,0.014709,33.1141006,2.34310685
14.71,0.01471,33.1192431,2.34343016
14.711,0.014711,33.1239157,2.34374918
14.712,0.014712,33.1284326,2.34417653
14.713,0.014713,33.1327363,2.344599
14.714,0.014714,33.1371608,2.3450654
14.715,0.014715,33.1415,2.34555491
14.716,0.014716,33.1458981,2.34603815
14.717,0.014717,33.1503633,2.34651169
14.718,0.014718,33.1552464,2.3470428
14.719,0.014719,33.1605865,2.34767521
14.72,0.01472,33.1660226,2.34831632
14.721,0.014721,33.1714922,2.34895389
14.722,0.014722,33.1769313,2.34960374
14.723,0.014723,33.1824267,2.35024162
14.724,0.014724,33.1880575,2.3508746
14.725,0.014725,33.1941264,2.35152692
14.726,0.014726,33.2004945,2.35221005
14.727,0.014727,33.2070483,2.35289224
14.728,0.014728,33.2135667,2.35355972
14.729,0.014729,33.2199965,2.3541812
14.73,0.01473,33.2263696,2.35477097
14.731,0.014731,33.2325638,2.35543343
14.732,0.014732,33.2385682,2.35614419
14.733,0.014733,33.2445804,2.35691336
14.734,0.014734,33.2504815,2.3576898
14.735,0.014735,33.2564523,2.35849682
14.736,0.014736,33.2624453,2.35931607
14.737,0.014737,33.2685145,2.36022528
14.738,0.014738,33.2748787,2.3612471
14.739,0.014739,33.2813136,2.36231886
14.74,0.01474,33.2877444,2.36334832
14.741,0.014741,33.2943111,2.36441309
14.742,0.014742,33.301101,2.36547096
14.743,0.014743,33.3078608,2.36654276
14.744,0.014744,33.3145681,2.36762446
14.745,0.014745,33.3213272,2.36867169
14.746,0.014746,33.3282472,2.36969565
14.747,0.014747,33.3350217,2.37073985
14.748,0.014748,33.3418506,2.37181888
14.749,0.014749,33.3490707,2.37294366
14.75,0.01475,33.3564036,2.37405642
14.751,0.014751,33.3636602,2.37513206
14.752,0.014752,33.370902,2.37619424
14.753,0.014753,33.3786359,2.37722629
14.754,0.014754,33.3865646,2.3782091
14.755,0.014755,33.3945112,2.37913816
14.756,0.014756,33.4022882,2.38001393
14.757,0.014757,33.4099042,2.38088553
14.758,0.014758,33.4173009,2.38167084
14.759,0.014759,33.424551,2.38246255
14.76,0.01476,33.4318284,2.38327145
14.761,0.014761,33.4392942,2.38407548
14.762,0.014762,33.4470212,2.38487669
14.763,0.014763,33.4546979,2.38564694
14.764,0.014764,33.4625747,2.38641655
14.765,0.014765,33.4702558,2.3871564
14.766,0.014766,33.4777455,2.38786775
14.767,0.014767,33.4856309,2.3886655
14.768,0.014768,33.4934202,2.38959883
14.769,0.014769,33.5008432,2.39048157
14.77,0.01477,33.5081314,2.39134457
14.771,0.014771,33.5156538,2.39225387
14.772,0.014772,33.5233139,2.39316326
14.773,0.014773,33.5311085,2.39403625
14.774,0.014774,33.5392252,2.39487957
14.775,0.014775,33.5476038,2.39570761
14.776,0.014776,33.5560589,2.39649532
14.777,0.014777,33.5644164,2.39728574
14.778,0.014778,33.5725768,2.39806835
14.779,0.014779,33.5805748,2.39890039
14.78,0.01478,33.5883342,2.39974575
14.781,0.014781,33.5961492,2.40061972
14.782,0.014782,33.6040456,2.40149382
14.783,0.014783,33.6117986,2.40239103
14.784,0.014784,33.6195388,2.40336379
14.785,0.014785,33.6272563,2.40430946
14.786,0.014786,33.6353433,2.40519684
14.787,0.014787,33.6436354,2.40604633
14.788,0.014788,33.6516634,2.40686122
14.789,0.014789,33.6593944,2.40760747
14.79,0.01479,33.6669685,2.40825689
14.791,0.014791,33.6743988,2.40889524
14.792,0.014792,33.681798,2.40960608
14.793,0.014793,33.6889274,2.41030674
14.794,0.014794,33.6959226,2.41102159
14.795,0.014795,33.7030617,2.41175652
14.796,0.014796,33.7103657,2.41247066
14.797,0.014797,33.7174021,2.41318045
14.798,0.014798,33.7239336,2.41388542
14.799,0.014799,33.7300393,2.41461075
14.8,0.0148,33.7356733,2.41535539
14.801,0.014801,33.7407802,2.41606456
14.802,0.014802,33.7456877,2.41679837
14.803,0.014803,33.7506923,2.41753161
14.804,0.014804,33.7552026,2.4182013
14.805,0.014805,33.759749,2.41885894
14.806,0.014806,33.7644607,2.41950551
14.807,0.014807,33.7692255,2.42014854
14.808,0.014808,33.7739898,2.42080773
14.809,0.014809,33.7786459,2.42145508
14.81,0.01481,33.7833801,2.42207111
14.811,0.014811,33.787851,2.42265584
14.812,0.014812,33.7919927,2.42326809
14.813,0.014813,33.7957466,2.42390849
14.814,0.014814,33.7995155,2.424552
14.815,0.014815,33.8035971,2.42515119
14.816,0.014816,33.8078338,2.4257921
14.817,0.014817,33.8120348,2.4264687
14.818,0.014818,33.8163795,2.42717676
14.819,0.014819,33.8204928,2.42793199
14.82,0.01482,33.8242578,2.4286818
14.821,0.014821,33.828048,2.42944926
14.822,0.014822,33.8316372,2.43034198
14.823,0.014823,33.8351992,2.43123641
14.824,0.014824,33.8385599,2.43212343
14.825,0.014825,33.8421711,2.43302744
14.826,0.014826,33.8458157,2.43396751
14.827,0.014827,33.8495319,2.43487648
14.828,0.014828,33.8531948,2.43567473
14.829,0.014829,33.8567372,2.43637924
14.83,0.01483,33.8602044,2.43705093
14.831,0.014831,33.863754,2.43778407
14.832,0.014832,33.8673377,2.43856072
14.833,0.014833,33.8709067,2.43940283
14.834,0.014834,33.8741398,2.44024216
14.835,0.014835,33.8771763,2.44107239
14.836,0.014836,33.8799776,2.44195666
14.837,0.014837,33.8828993,2.44293082
14.838,0.014838,33.8859014,2.44395613
14.839,0.014839,33.8887246,2.4449417
14.84,0.01484,33.8917626,2.44584906
14.841,0.014841,33.895469,2.44671923
14.842,0.014842,33.8994516,2.44753562
14.843,0.014843,33.9032466,2.44836481
14.844,0.014844,33.9070251,2.44919189
14.845,0.014845,33.9106336,2.44998088
14.846,0.014846,33.9139287,2.4507935
14.847,0.014847,33.917033,2.45153507
14.848,0.014848,33.9201039,2.452254
14.849,0.014849,33.9229103,2.45295481
14.85,0.01485,33.9254417,2.4535904
14.851,0.014851,33.927676,2.45416964
14.852,0.014852,33.929408,2.45472346
14.853,0.014853,33.9311529,2.45527786
14.854,0.014854,33.9329075,2.45577814
14.855,0.014855,33.9353413,2.45630245
14.856,0.014856,33.9380489,2.45675059
14.857,0.014857,33.9410324,2.45715771
14.858,0.014858,33.9444191,2.45754347
14.859,0.014859,33.9482584,2.45793297
14.86,0.01486,33.9523189,2.45827497
14.861,0.014861,33.9561797,2.4585695
14.862,0.014862,33.9601363,2.45880041
14.863,0.014863,33.9642811,2.45902922
14.864,0.014864,33.968757,2.45929639
14.865,0.014865,33.9732904,2.45952655
14.866,0.014866,33.977724,2.45971795
14.867,0.014867,33.9820279,2.45992202
14.868,0.014868,33.9862115,2.46003811
14.869,0.014869,33.9908756,2.46010748
14.87,0.01487,33.9958518,2.4601868
14.871,0.014871,34.0010626,2.46025587
14.872,0.014872,34.0061316,2.46026735
14.873,0.014873,34.0111451,2.46030831
14.874,0.014874,34.0159973,2.4603578
14.875,0.014875,34.0205492,2.46046817
14.876,0.014876,34.0248243,2.46044719
14.877,0.014877,34.0290983,2.46041553
14.878,0.014878,34.0338409,2.46030401
14.879,0.014879,34.0391592,2.46019298
14.88,0.01488,34.0445062,2.46003974
14.881,0.014881,34.050007,2.45988228
14.882,0.014882,34.0553629,2.45967593
14.883,0.014883,34.0601541,2.45945705
14.884,0.014884,34.0650693,2.45928686
14.885,0.014885,34.0704106,2.4591783
14.886,0.014886,34.075866,2.45908777
14.887,0.014887,34.0815098,2.45895007
14.888,0.014888,34.087093,2.45876465
14.889,0.014889,34.0927567,2.45851583
14.89,0.01489,34.0985161,2.45822148
14.891,0.014891,34.1040964,2.45795353
14.892,0.014892,34.1093431,2.45765978
14.893,0.014893,34.1149725,2.45737616
14.894,0.014894,34.1208387,2.45709586
14.895,0.014895,34.1266099,2.45684064
14.896,0.014896,34.1322774,2.45661963
14.897,0.014897,34.1383002,2.45650069
14.898,0.014898,34.1444227,2.45635146
14.899,0.014899,34.1507526,2.45618242
14.9,0.0149,34.1574826,2.45597099
14.901,0.014901,34.1643508,2.45578276
14.902,0.014902,34.1711237,2.45569152
14.903,0.014903,34.1782749,2.45566675
14.904,0.014904,34.1857361,2.45565675
14.905,0.014905,34.1931061,2.45562495
14.906,0.014906,34.2005445,2.45560881
14.907,0.014907,34.2081233,2.45561278
14.908,0.014908,34.2158684,2.45558505
14.909,0.014909,34.2239594,2.45549945
14.91,0.01491,34.232121,2.45541774
14.911,0.014911,34.240447,2.45534892
14.912,0.014912,34.2486652,2.45528256
14.913,0.014913,34.2571095,2.45527768
14.914,0.014914,34.2660215,2.45530614
14.915,0.014915,34.2753177,2.45544298
14.916,0.014916,34.2848162,2.45562551
14.917,0.014917,34.2947094,2.45584682
14.918,0.014918,34.3046514,2.45603354
14.919,0.014919,34.314572,2.45623592
14.92,0.01492,34.3244101,2.45646797
14.921,0.014921,34.3340887,2.456669
14.922,0.014922,34.3435039,2.45693035
14.923,0.014923,34.3528262,2.4572435
14.924,0.014924,34.3621672,2.45754278
14.925,0.014925,34.3715468,2.45784203
14.926,0.014926,34.3806965,2.45817007
14.927,0.014927,34.3898097,2.45850038
14.928,0.014928,34.3987465,2.45884381
14.929,0.014929,34.4082889,2.45921002
14.93,0.01493,34.4182978,2.45954802
14.931,0.014931,34.4290453,2.45991128
14.932,0.014932,34.4403023,2.46029862
14.933,0.014933,34.4515951,2.46072322
14.934,0.014934,34.4627591,2.46117811
14.935,0.014935,34.4736118,2.46162433
14.936,0.014936,34.4839836,2.46204393
14.937,0.014937,34.4942333,2.46252383
14.938,0.014938,34.504641,2.46304238
14.939,0.014939,34.5149925,2.46367274
14.94,0.01494,34.5250323,2.4642769
14.941,0.014941,34.5347594,2.46476969
14.942,0.014942,34.5443057,2.46527692
14.943,0.014943,34.5535613,2.4658093
14.944,0.014944,34.5632279,2.46634528
14.945,0.014945,34.57299,2.46689335
14.946,0.014946,34.5826811,2.46741273
14.947,0.014947,34.5923369,2.46798344
14.948,0.014948,34.6020259,2.46864286
14.949,0.014949,34.6115523,2.4692425
14.95,0.01495,34.6213214,2.46987662
14.951,0.014951,34.631126,2.47052201
14.952,0.014952,34.6412012,2.47113075
14.953,0.014953,34.6514083,2.47170183
14.954,0.014954,34.6615861,2.47222009
14.955,0.014955,34.6721029,2.47282302
14.956,0.014956,34.6828397,2.47339619
14.957,0.014957,34.6936833,2.47393906
14.958,0.014958,34.7047498,2.47454304
14.959,0.014959,34.715745,2.47518213
14.96,0.01496,34.7266477,2.47581651
14.961,0.014961,34.7374587,2.47643901
14.962,0.014962,34.7485681,2.47699043
14.963,0.014963,34.7597392,2.47757044
14.964,0.014964,34.7706973,2.47821641
14.965,0.014965,34.7816911,2.47884794
14.966,0.014966,34.7928092,2.47953329
14.967,0.014967,34.8039629,2.48031802
14.968,0.014968,34.8147467,2.48114609
14.969,0.014969,34.8251371,2.4818853
14.97,0.01497,34.835291,2.48263827
14.971,0.014971,34.8451301,2.48340142
14.972,0.014972,34.8548191,2.48409779
14.973,0.014973,34.8646189,2.48481915
14.974,0.014974,34.8740462,2.48565241
14.975,0.014975,34.8831861,2.48637358
14.976,0.014976,34.8927057,2.48706916
14.977,0.014977,34.9020416,2.4877867
14.978,0.014978,34.9106838,2.48849247
14.979,0.014979,34.9190015,2.48921066
14.98,0.01498,34.9275777,2.48994225
14.981,0.014981,34.9365233,2.49067271
14.982,0.014982,34.945464,2.49141739
14.983,0.014983,34.9547643,2.49225525
14.984,0.014984,34.9647308,2.49301032
14.985,0.014985,34.9751922,2.49374973
14.986,0.014986,34.9858992,2.49446624
14.987,0.014987,34.9970148,2.4951694
14.988,0.014988,35.0082795,2.49592342
14.989,0.014989,35.0193204,2.49668473
14.99,0.01499,35.0302062,2.49741371
14.991,0.014991,35.0410597,2.49814508
14.992,0.014992,35.0522188,2.49894518
14.993,0.014993,35.0634183,2.49978052
14.994,0.014994,35.0742712,2.50060252
14.995,0.014995,35.0848942,2.50152313
14.996,0.014996,35.0952258,2.50246893
14.997,0.014997,35.1060301,2.50354726
14.998,0.014998,35.1172284,2.50454631
14.999,0.014999,35.1285765,2.50543267
15,0.015,35.1401066,2.50621265
15.001,0.015001,35.1518731,2.50705849
15.002,0.015002,35.163526,2.50788042
15.003,0.015003,35.175009,2.50873828
15.004,0.015004,35.1862697,2.50961917
15.005,0.015005,35.1977891,2.51056381
15.006,0.015006,35.2094203,2.51158181
15.007,0.015007,35.2211689,2.51262798
15.008,0.015008,35.2328963,2.51362703
15.009,0.015009,35.2444716,2.51463037
15.01,0.01501,35.2561362,2.51568173
15.011,0.015011,35.2681739,2.51673797
15.012,0.015012,35.2806058,2.51772667
15.013,0.015013,35.2931903,2.51872374
15.014,0.015014,35.3057912,2.51966179
15.015,0.015015,35.3188676,2.52063076
15.016,0.015016,35.3322,2.52165402
15.017,0.015017,35.345559,2.52273198
15.018,0.015018,35.3590699,2.52393236
15.019,0.015019,35.3729524,2.52526657
15.02,0.01502,35.3871559,2.52661355
15.021,0.015021,35.4011126,2.52793797
15.022,0.015022,35.4149234,2.5292465
15.023,0.015023,35.4287276,2.53053501
15.024,0.015024,35.4426438,2.53182143
15.025,0.015025,35.4569118,2.53312849
15.026,0.015026,35.4714905,2.53451196
15.027,0.015027,35.4864278,2.5359595
15.028,0.015028,35.5015159,2.53742906
15.029,0.015029,35.5168214,2.53894917
15.03,0.01503,35.5323121,2.54054429
15.031,0.015031,35.5480604,2.54208618
15.032,0.015032,35.5637746,2.54365988
15.033,0.015033,35.579368,2.54523249
15.034,0.015034,35.5947394,2.54678764
15.035,0.015035,35.6098154,2.54833295
15.036,0.015036,35.6245385,2.54984265
15.037,0.015037,35.6389058,2.55129372
15.038,0.015038,35.6528876,2.55266843
15.039,0.015039,35.6663113,2.55400891
15.04,0.01504,35.679276,2.55531382
15.041,0.015041,35.6918322,2.5566115
15.042,0.015042,35.7041396,2.55796971
15.043,0.015043,35.7165107,2.55931844
15.044,0.015044,35.7286372,2.5605802
15.045,0.015045,35.7402724,2.56183099
15.046,0.015046,35.7517517,2.56302794
15.047,0.015047,35.7630935,2.56414618
15.048,0.015048,35.7742058,2.56519319
15.049,0.015049,35.7854609,2.56630018
15.05,0.01505,35.7967111,2.5673752
15.051,0.015051,35.8080515,2.56854627
15.052,0.015052,35.8194789,2.56966053
15.053,0.015053,35.8313416,2.57080398
15.054,0.015054,35.8434184,2.5718373
15.055,0.015055,35.8558744,2.57289105
15.056,0.015056,35.8683143,2.57394445
15.057,0.015057,35.8804518,2.57499867
15.058,0.015058,35.8923927,2.57594393
15.059,0.015059,35.9043066,2.57680576
15.06,0.01506,35.9163904,2.57764374
15.061,0.015061,35.9282347,2.5784674
15.062,0.015062,35.9396575,2.57924868
15.063,0.015063,35.9503293,2.57993677
15.064,0.015064,35.960247,2.58062362
15.065,0.015065,35.969779,2.58132427
15.066,0.015066,35.9793321,2.58202596
15.067,0.015067,35.9893366,2.58289033
15.068,0.015068,35.9994931,2.58383949
15.069,0.015069,36.0098337,2.58479463
15.07,0.01507,36.0203437,2.585812
15.071,0.015071,36.0305654,2.58685511
15.072,0.015072,36.0407696,2.58789166
15.073,0.015073,36.0512958,2.58877443
15.074,0.015074,36.0615277,2.58952779
15.075,0.015075,36.0717367,2.59026115
15.076,0.015076,36.0818591,2.59102133
15.077,0.015077,36.0920733,2.59162732
15.078,0.015078,36.1023894,2.59200762
15.079,0.015079,36.1128726,2.59232149
15.08,0.01508,36.1235624,2.5926335
15.081,0.015081,36.1344042,2.59294157
15.082,0.015082,36.1454409,2.59321021
15.083,0.015083,36.1566739,2.59348895
15.084,0.015084,36.168261,2.59378746
15.085,0.015085,36.180653,2.59417494
15.086,0.015086,36.1933631,2.59457358
15.087,0.015087,36.205998,2.59496477
15.088,0.015088,36.2184932,2.59533471
15.089,0.015089,36.2309414,2.5957084
15.09,0.01509,36.2433771,2.59609471
15.091,0.015091,36.2556831,2.59638475
15.092,0.015092,36.2681686,2.59672443
15.093,0.015093,36.2806634,2.59704657
15.094,0.015094,36.2929692,2.59729441
15.095,0.015095,36.3054788,2.59756721
15.096,0.015096,36.3180037,2.59777193
15.097,0.015097,36.3306141,2.59795213
15.098,0.015098,36.3432398,2.59809296
15.099,0.015099,36.3555837,2.59816343
15.1,0.0151,36.3677995,2.59824763
15.101,0.015101,36.3798547,2.59835603
15.102,0.015102,36.3920873,2.59851533
15.103,0.015103,36.4043279,2.59875025
15.104,0.015104,36.4166856,2.59894531
15.105,0.015105,36.4286459,2.59908917
15.106,0.015106,36.4406713,2.59923924
15.107,0.015107,36.4525102,2.59932169
15.108,0.015108,36.4642952,2.59931406
15.109,0.015109,36.4768159,2.59940126
15.11,0.01511,36.4897179,2.59943397
15.111,0.015111,36.5028197,2.59944946
15.112,0.015112,36.5158191,2.59942899
15.113,0.015113,36.5286672,2.5993934
15.114,0.015114,36.5411789,2.59931233
15.115,0.015115,36.5533829,2.599221
15.116,0.015116,36.5652857,2.59911244
15.117,0.015117,36.5768044,2.59903434
15.118,0.015118,36.5880939,2.59892253
15.119,0.015119,36.5995789,2.59891325
15.12,0.01512,36.6111757,2.59895374
15.121,0.015121,36.6229946,2.59903877
15.122,0.015122,36.6352077,2.59910196
15.123,0.015123,36.647677,2.59924958
15.124,0.015124,36.6608815,2.59949234
15.125,0.015125,36.6743419,2.59978608
15.126,0.015126,36.6880298,2.60006605
15.127,0.015127,36.7018796,2.60039302
15.128,0.015128,36.7156917,2.60072979
15.129,0.015129,36.7296635,2.60106571
15.13,0.01513,36.7436842,2.60136745
15.131,0.015131,36.7577079,2.60171565
15.132,0.015132,36.771419,2.60215435
15.133,0.015133,36.7846465,2.60261967
15.134,0.015134,36.7971797,2.60296468
15.135,0.015135,36.8094453,2.60327596
15.136,0.015136,36.8217003,2.60352851
15.137,0.015137,36.8336727,2.60369991
15.138,0.015138,36.8452022,2.60384549
15.139,0.015139,36.8567135,2.60396826
15.14,0.01514,36.8679485,2.6040945
15.141,0.015141,36.8789592,2.60429574
15.142,0.015142,36.8894348,2.60441687
15.143,0.015143,36.8995537,2.60449623
15.144,0.015144,36.9096274,2.60451853
15.145,0.015145,36.9200936,2.60463743
15.146,0.015146,36.9305306,2.60477685
15.147,0.015147,36.9407505,2.60485839
15.148,0.015148,36.9508205,2.60493036
15.149,0.015149,36.9606006,2.60508568
15.15,0.01515,36.9697945,2.60514997
15.151,0.015151,36.9784524,2.60517682
15.152,0.015152,36.9872194,2.60520412
15.153,0.015153,36.9960714,2.60529805
15.154,0.015154,37.0050358,2.60546733
15.155,0.015155,37.0139408,2.60550879
15.156,0.015156,37.023132,2.60557566
15.157,0.015157,37.0327578,2.60567226
15.158,0.015158,37.0423235,2.60584553
15.159,0.015159,37.0517584,2.60607967
15.16,0.01516,37.0610751,2.6063336
15.161,0.015161,37.0702752,2.60652775
15.162,0.015162,37.0791236,2.60659995
15.163,0.015163,37.0878498,2.60661199
15.164,0.015164,37.0962067,2.60664377
15.165,0.015165,37.1043132,2.60670051
15.166,0.015166,37.1120652,2.60684867
15.167,0.015167,37.1194434,2.60701889
15.168,0.015168,37.1264292,2.6072749
15.169,0.015169,37.1331285,2.60760342
15.17,0.01517,37.1396859,2.60789355
15.171,0.015171,37.146495,2.60814263
15.172,0.015172,37.1533312,2.60840604
15.173,0.015173,37.1600476,2.60875784
15.174,0.015174,37.166678,2.60929386
15.175,0.015175,37.1730709,2.6098535
15.176,0.015176,37.1795004,2.61049287
15.177,0.015177,37.1861758,2.61120823
15.178,0.015178,37.1928003,2.61197706
15.179,0.015179,37.1997301,2.61277874
15.18,0.01518,37.2069328,2.61367307
15.181,0.015181,37.2141215,2.61448397
15.182,0.015182,37.221133,2.61518043
15.183,0.015183,37.227641,2.61583981
15.184,0.015184,37.2341012,2.61660812
15.185,0.015185,37.2405863,2.61743408
15.186,0.015186,37.2467584,2.61833628
15.187,0.015187,37.2523608,2.61916578
15.188,0.015188,37.2574262,2.62001464
15.189,0.015189,37.2620679,2.6208729
15.19,0.01519,37.2669264,2.62179131
15.191,0.015191,37.2716281,2.62269874
15.192,0.015192,37.2759772,2.62362346
15.193,0.015193,37.2802838,2.62447948
15.194,0.015194,37.2842978,2.62528077
15.195,0.015195,37.2887993,2.62612867
15.196,0.015196,37.2936542,2.62699449
15.197,0.015197,37.2986021,2.62793313
15.198,0.015198,37.3031445,2.62894575
15.199,0.015199,37.3077219,2.63003885
15.2,0.0152,37.3123846,2.63113918
15.201,0.015201,37.3172329,2.63219685
15.202,0.015202,37.3223164,2.63325185
15.203,0.015203,37.3272841,2.63437134
15.204,0.015204,37.3319765,2.63542977
15.205,0.015205,37.3362673,2.63652034
15.206,0.015206,37.3401064,2.63756739
15.207,0.015207,37.3435137,2.63856764
15.208,0.015208,37.3464949,2.63954569
15.209,0.015209,37.3494938,2.64058992
15.21,0.01521,37.3523393,2.64159501
15.211,0.015211,37.3555567,2.6425846
15.212,0.015212,37.3585729,2.64345508
15.213,0.015213,37.3614042,2.64427053
15.214,0.015214,37.3643624,2.64501243
15.215,0.015215,37.3668588,2.64589563
15.216,0.015216,37.3695725,2.646841
15.217,0.015217,37.3724437,2.64771967
15.218,0.015218,37.3753043,2.64863908
15.219,0.015219,37.3776123,2.64963103
15.22,0.01522,37.3793057,2.65058295
15.221,0.015221,37.3811802,2.6514513
15.222,0.015222,37.3828014,2.65229298
15.223,0.015223,37.3839127,2.65309686
15.224,0.015224,37.3848428,2.65375427
15.225,0.015225,37.3863761,2.65435014
15.226,0.015226,37.3882987,2.65514818
15.227,0.015227,37.3899773,2.65597977
15.228,0.015228,37.3915843,2.65674439
15.229,0.015229,37.392765,2.65743038
15.23,0.01523,37.3938295,2.65809494
15.231,0.015231,37.3947176,2.65873835
15.232,0.015232,37.3955688,2.65936354
15.233,0.015233,37.3964828,2.66002351
15.234,0.015234,37.3970618,2.66081958
15.235,0.015235,37.3975134,2.66170015
15.236,0.015236,37.3982715,2.66258834
15.237,0.015237,37.3991164,2.66361703
15.238,0.015238,37.3996386,2.66470367
15.239,0.015239,37.4000787,2.66589912
15.24,0.01524,37.4005963,2.66720075
15.241,0.015241,37.4012659,2.66853738
15.242,0.015242,37.4019884,2.66970856
15.243,0.015243,37.4027426,2.67077316
15.244,0.015244,37.4035598,2.67182662
15.245,0.015245,37.4040694,2.67276493
15.246,0.015246,37.404578,2.67384157
15.247,0.015247,37.4054444,2.67502354
15.248,0.015248,37.4063362,2.67636256
15.249,0.015249,37.4066842,2.67759391
15.25,0.01525,37.4060247,2.6786639
15.251,0.015251,37.4044664,2.67971051
15.252,0.015252,37.4027088,2.68072397
15.253,0.015253,37.4010701,2.68169842
15.254,0.015254,37.3991912,2.68265815
15.255,0.015255,37.3972958,2.68359889
15.256,0.015256,37.3954778,2.68453722
15.257,0.015257,37.3937393,2.68551658
15.258,0.015258,37.3912703,2.68654535
15.259,0.015259,37.3884274,2.68757584
15.26,0.01526,37.385668,2.68859556
15.261,0.015261,37.3829145,2.68956457
15.262,0.015262,37.3807288,2.69053151
15.263,0.015263,37.3788084,2.69156229
15.264,0.015264,37.376543,2.69268477
15.265,0.015265,37.3733623,2.69374532
15.266,0.015266,37.3692699,2.69471712
15.267,0.015267,37.3652011,2.69560615
15.268,0.015268,37.3616933,2.69664849
15.269,0.015269,37.3587375,2.69765455
15.27,0.01527,37.3562957,2.69868116
15.271,0.015271,37.3540412,2.6996952
15.272,0.015272,37.3518742,2.70069824
15.273,0.015273,37.3501728,2.7017517
15.274,0.015274,37.3481291,2.70285636
15.275,0.015275,37.3457277,2.70393665
15.276,0.015276,37.3431165,2.70512674
15.277,0.015277,37.3404734,2.70630785
15.278,0.015278,37.3379564,2.707686
15.279,0.015279,37.3349621,2.70910902
15.28,0.01528,37.3316001,2.71053062
15.281,0.015281,37.3276931,2.71187784
15.282,0.015282,37.3237518,2.71323546
15.283,0.015283,37.3191269,2.71464455
15.284,0.015284,37.3139858,2.71626745
15.285,0.015285,37.3082304,2.7179145
15.286,0.015286,37.3021905,2.71952803
15.287,0.015287,37.2957184,2.72130604
15.288,0.015288,37.2883557,2.72290796
15.289,0.015289,37.281017,2.72458399
15.29,0.01529,37.2728088,2.72624158
15.291,0.015291,37.2642288,2.72789136
15.292,0.015292,37.2553851,2.72939267
15.293,0.015293,37.2457592,2.7309158
15.294,0.015294,37.2363814,2.73230398
15.295,0.015295,37.2272956,2.73368169
15.296,0.015296,37.2187502,2.73498324
15.297,0.015297,37.211239,2.73625641
15.298,0.015298,37.2045426,2.73763573
15.299,0.015299,37.1988168,2.73901812
15.3,0.0153,37.1929148,2.74033839
15.301,0.015301,37.1870087,2.74158321
15.302,0.015302,37.1809754,2.74281922
15.303,0.015303,37.1744797,2.7440217
15.304,0.015304,37.1676218,2.74530212
15.305,0.015305,37.1602165,2.74664532
15.306,0.015306,37.1530055,2.74801658
15.307,0.015307,37.1460201,2.74936296
15.308,0.015308,37.1390942,2.7506302
15.309,0.015309,37.1318855,2.75190107
15.31,0.01531,37.1240076,2.75319484
15.311,0.015311,37.1161489,2.7544805
15.312,0.015312,37.108109,2.75579183
15.313,0.015313,37.099991,2.75716671
15.314,0.015314,37.0912972,2.75860726
15.315,0.015315,37.0818349,2.76007866
15.316,0.015316,37.072229,2.7616088
15.317,0.015317,37.0628597,2.76303185
15.318,0.015318,37.0536064,2.76445389
15.319,0.015319,37.0451045,2.76582088
15.32,0.01532,37.0371234,2.76713971
15.321,0.015321,37.029745,2.76842867
15.322,0.015322,37.0230621,2.76967186
15.323,0.015323,37.0167915,2.77092285
15.324,0.015324,37.0107929,2.77219699
15.325,0.015325,37.0054288,2.77354618
15.326,0.015326,37.0001364,2.77483339
15.327,0.015327,36.9948317,2.77604176
15.328,0.015328,36.9898646,2.77730636
15.329,0.015329,36.9849076,2.77861254
15.33,0.01533,36.9801833,2.77988104
15.331,0.015331,36.9759416,2.78109909
15.332,0.015332,36.9722618,2.7823367
15.333,0.015333,36.9683992,2.78360481
15.334,0.015334,36.9644716,2.78487691
15.335,0.015335,36.9603244,2.78617319
15.336,0.015336,36.9558948,2.78740947
15.337,0.015337,36.9513355,2.78852218
15.338,0.015338,36.9472338,2.78975631
15.339,0.015339,36.9437439,2.79113492
15.34,0.01534,36.9410022,2.79252548
15.341,0.015341,36.9388849,2.79392641
15.342,0.015342,36.9366535,2.79528651
15.343,0.015343,36.9345024,2.79668654
15.344,0.015344,36.9321309,2.79812257
15.345,0.015345,36.9297817,2.79951904
15.346,0.015346,36.9266819,2.80102207
15.347,0.015347,36.9232178,2.80255367
15.348,0.015348,36.9202112,2.80407976
15.349,0.015349,36.9172627,2.80555778
15.35,0.01535,36.9143533,2.80698914
15.351,0.015351,36.9118409,2.80842211
15.352,0.015352,36.9092832,2.80962281
15.353,0.015353,36.9069768,2.81081342
15.354,0.015354,36.9046237,2.81210411
15.355,0.015355,36.9024793,2.8133777
15.356,0.015356,36.9002494,2.81469414
15.357,0.015357,36.8979967,2.81611363
15.358,0.015358,36.8957507,2.81755597
15.359,0.015359,36.8936134,2.81895484
15.36,0.01536,36.8912654,2.82030472
15.361,0.015361,36.8883978,2.82161956
15.362,0.015362,36.8856317,2.82291319
15.363,0.015363,36.8834149,2.82418464
15.364,0.015364,36.8810386,2.82543011
15.365,0.015365,36.8786828,2.82665632
15.366,0.015366,36.8759154,2.82773921
15.367,0.015367,36.8723475,2.82876587
15.368,0.015368,36.8688199,2.82979217
15.369,0.015369,36.8660609,2.83079953
15.37,0.01537,36.863392,2.83169312
15.371,0.015371,36.8608406,2.83266081
15.372,0.015372,36.8582861,2.83359566
15.373,0.015373,36.8556122,2.83457706
15.374,0.015374,36.8532204,2.83564879
15.375,0.015375,36.8507986,2.83676561
15.376,0.015376,36.8481761,2.83800547
15.377,0.015377,36.8456716,2.8392406
15.378,0.015378,36.8435685,2.84059132
15.379,0.015379,36.8410807,2.84197346
15.38,0.01538,36.8383451,2.84334954
15.381,0.015381,36.8352822,2.84458806
15.382,0.015382,36.8318098,2.84579912
15.383,0.015383,36.8283001,2.8471135
15.384,0.015384,36.8249732,2.84840521
15.385,0.015385,36.8218294,2.8497036
15.386,0.015386,36.8186062,2.8511358
15.387,0.015387,36.8152234,2.85258696
15.388,0.015388,36.8111821,2.85398408
15.389,0.015389,36.8066235,2.85544401
15.39,0.01539,36.8018059,2.85679768
15.391,0.015391,36.7960903,2.8579955
15.392,0.015392,36.7894868,2.85901337
15.393,0.015393,36.7829332,2.85999922
15.394,0.015394,36.7771917,2.8609048
15.395,0.015395,36.7712403,2.86176081
15.396,0.015396,36.7651967,2.86247256
15.397,0.015397,36.7587948,2.86312311
15.398,0.015398,36.7519783,2.8637071
15.399,0.015399,36.7448105,2.86413629
15.4,0.0154,36.7369269,2.86455079
15.401,0.015401,36.7288066,2.86489666
15.402,0.015402,36.7205477,2.86516705
15.403,0.015403,36.7121612,2.86549104
15.404,0.015404,36.7037138,2.86595216
15.405,0.015405,36.6949992,2.86655616
15.406,0.015406,36.6864251,2.86712803
15.407,0.015407,36.6781038,2.86770842
15.408,0.015408,36.6691979,2.86822281
15.409,0.015409,36.6600277,2.86870337
15.41,0.01541,36.6503037,2.86903439
15.411,0.015411,36.6402798,2.86926469
15.412,0.015412,36.63003,2.869432
15.413,0.015413,36.6195514,2.86939549
15.414,0.015414,36.6082297,2.86934891
15.415,0.015415,36.596831,2.86934634
15.416,0.015416,36.5851211,2.86941355
15.417,0.015417,36.5732782,2.8693849
15.418,0.015418,36.5612176,2.8693765
15.419,0.015419,36.5491177,2.86934075
15.42,0.01542,36.5370421,2.86929617
15.421,0.015421,36.5251181,2.86916897
15.422,0.015422,36.5131174,2.8690042
15.423,0.015423,36.5010694,2.86874935
15.424,0.015424,36.4887911,2.86842057
15.425,0.015425,36.4766877,2.8681122
15.426,0.015426,36.4648095,2.8679042
15.427,0.015427,36.4529325,2.86786203
15.428,0.015428,36.4412643,2.86779195
15.429,0.015429,36.4295617,2.86768237
15.43,0.01543,36.417013,2.86755029
15.431,0.015431,36.4037527,2.86722711
15.432,0.015432,36.3902318,2.86675987
15.433,0.015433,36.3766266,2.86623149
15.434,0.015434,36.3618955,2.8656297
15.435,0.015435,36.3460426,2.86494438
15.436,0.015436,36.3299574,2.86430444
15.437,0.015437,36.3135694,2.86368615
15.438,0.015438,36.2969688,2.86282667
15.439,0.015439,36.2802514,2.86195468
15.44,0.01544,36.2631416,2.86117962
15.441,0.015441,36.2455344,2.86038721
15.442,0.015442,36.2277754,2.85966331
15.443,0.015443,36.2102219,2.85898213
15.444,0.015444,36.1929254,2.85833187
15.445,0.015445,36.1753199,2.85761389
15.446,0.015446,36.1576692,2.8568672
15.447,0.015447,36.1399157,2.85604942
15.448,0.015448,36.1216634,2.85519841
15.449,0.015449,36.1035064,2.85444938
15.45,0.01545,36.0855756,2.85376263
15.451,0.015451,36.0676529,2.85291637
15.452,0.015452,36.0502353,2.85196054
15.453,0.015453,36.0325684,2.85084977
15.454,0.015454,36.0155221,2.84989897
15.455,0.015455,35.9999445,2.84905127
15.456,0.015456,35.9844098,2.848334
15.457,0.015457,35.9687308,2.84766375
15.458,0.015458,35.9524612,2.84692045
15.459,0.015459,35.93573,2.84619811
15.46,0.01546,35.9193255,2.84544368
15.461,0.015461,35.9033949,2.84493834
15.462,0.015462,35.8872875,2.84437034
15.463,0.015463,35.871016,2.8437506
15.464,0.015464,35.8549317,2.84320068
15.465,0.015465,35.8390261,2.84270473
15.466,0.015466,35.8232725,2.84218165
15.467,0.015467,35.8073642,2.84171563
15.468,0.015468,35.7909525,2.8412221
15.469,0.015469,35.7744067,2.84076853
15.47,0.01547,35.7577918,2.8403156
15.471,0.015471,35.740871,2.83981151
15.472,0.015472,35.7235678,2.83923278
15.473,0.015473,35.7068324,2.83878711
15.474,0.015474,35.6911781,2.83851106
15.475,0.015475,35.6759143,2.83821958
15.476,0.015476,35.6603816,2.83793682
15.477,0.015477,35.6445275,2.8376567
15.478,0.015478,35.6289849,2.83738168
15.479,0.015479,35.6132236,2.83703118
15.48,0.01548,35.597417,2.8365859
15.481,0.015481,35.5809517,2.83623486
15.482,0.015482,35.564145,2.83606627
15.483,0.015483,35.5468884,2.83588901
15.484,0.015484,35.5303048,2.83546583
15.485,0.015485,35.5143487,2.83511072
15.486,0.015486,35.4989345,2.83465572
15.487,0.015487,35.4839925,2.83421466
15.488,0.015488,35.4692963,2.83377287
15.489,0.015489,35.454662,2.8332689
15.49,0.01549,35.4401717,2.83282296
15.491,0.015491,35.4256401,2.83225795
15.492,0.015492,35.4112662,2.83160138
15.493,0.015493,35.3966061,2.83097002
15.494,0.015494,35.3813156,2.83037903
15.495,0.015495,35.365841,2.82969547
15.496,0.015496,35.3502621,2.82902483
15.497,0.015497,35.3358205,2.8286186
15.498,0.015498,35.3222158,2.82818833
15.499,0.015499,35.308884,2.8278633
15.5,0.0155,35.2960817,2.8275059
15.501,0.015501,35.2837346,2.82716665
15.502,0.015502,35.2710993,2.82685801
15.503,0.015503,35.2582651,2.82649707
15.504,0.015504,35.2454299,2.82610603
15.505,0.015505,35.2320812,2.82579212
15.506,0.015506,35.2186475,2.82555712
15.507,0.015507,35.2055601,2.82526788
15.508,0.015508,35.1921409,2.82476028
15.509,0.015509,35.1789347,2.82423346
15.51,0.01551,35.1660691,2.82397474
15.511,0.015511,35.153933,2.82380614
15.512,0.015512,35.1430245,2.82366418
15.513,0.015513,35.1335123,2.82360112
15.514,0.015514,35.1254289,2.82376758
15.515,0.015515,35.1183692,2.82402799
15.516,0.015516,35.1116716,2.82434699
15.517,0.015517,35.1045293,2.82452882
15.518,0.015518,35.0972831,2.82470333
15.519,0.015519,35.0908006,2.82495154
15.52,0.01552,35.0840488,2.82525236
15.521,0.015521,35.0771454,2.82555735
15.522,0.015522,35.0697005,2.82580869
15.523,0.015523,35.0621152,2.82601825
15.524,0.015524,35.0547098,2.82621632
15.525,0.015525,35.0473136,2.82630093
15.526,0.015526,35.0394978,2.82642717
15.527,0.015527,35.0314494,2.82645404
15.528,0.015528,35.0237156,2.82623564
15.529,0.015529,35.0166646,2.82590728
15.53,0.01553,35.010351,2.82568658
15.531,0.015531,35.0039461,2.82542674
15.532,0.015532,34.9970981,2.82503518
15.533,0.015533,34.9895685,2.8246038
15.534,0.015534,34.9814138,2.82422244
15.535,0.015535,34.9730085,2.8238709
15.536,0.015536,34.9646482,2.82348488
15.537,0.015537,34.9557484,2.82319106
15.538,0.015538,34.9456963,2.82285994
15.539,0.015539,34.9340741,2.82260252
15.54,0.01554,34.9216386,2.82227666
15.541,0.015541,34.9088816,2.8218152
15.542,0.015542,34.8959169,2.82119708
15.543,0.015543,34.8837325,2.82058979
15.544,0.015544,34.8715156,2.8198162
15.545,0.015545,34.8596957,2.81900094
15.546,0.015546,34.8488653,2.81815335
15.547,0.015547,34.8377435,2.8171271
15.548,0.015548,34.8267398,2.81615224
15.549,0.015549,34.8155563,2.81518741
15.55,0.01555,34.8045423,2.81427091
15.551,0.015551,34.794706,2.81340477
15.552,0.015552,34.7858442,2.81250145
15.553,0.015553,34.7775352,2.81179813
15.554,0.015554,34.7693886,2.81136816
15.555,0.015555,34.761295,2.81119967
15.556,0.015556,34.7531557,2.81099565
15.557,0.015557,34.7450321,2.81071435
15.558,0.015558,34.7371353,2.81037509
15.559,0.015559,34.7298295,2.81017766
15.56,0.01556,34.7236537,2.80985117
15.561,0.015561,34.7177856,2.80962068
15.562,0.015562,34.711892,2.80922988
15.563,0.015563,34.7060442,2.80881415
15.564,0.015564,34.6998383,2.80842036
15.565,0.015565,34.6938417,2.80794228
15.566,0.015566,34.6886221,2.80764511
15.567,0.015567,34.6840726,2.80738668
15.568,0.015568,34.6792989,2.80708577
15.569,0.015569,34.6740347,2.80686942
15.57,0.01557,34.668358,2.80668105
15.571,0.015571,34.6621332,2.80641735
15.572,0.015572,34.6558241,2.80610953
15.573,0.015573,34.6504147,2.80592435
15.574,0.015574,34.645317,2.80586085
15.575,0.015575,34.640638,2.8058714
15.576,0.015576,34.6347,2.80570438
15.577,0.015577,34.6278444,2.80541507
15.578,0.015578,34.6210115,2.80505332
15.579,0.015579,34.6133863,2.80479354
15.58,0.01558,34.6057681,2.80447929
15.581,0.015581,34.5986107,2.80422923
15.582,0.015582,34.5911972,2.80397594
15.583,0.015583,34.5830499,2.80383014
15.584,0.015584,34.5743812,2.80373773
15.585,0.015585,34.5654481,2.80380589
15.586,0.015586,34.5563999,2.80390045
15.587,0.015587,34.5463396,2.80387016
15.588,0.015588,34.5359992,2.8036064
15.589,0.015589,34.5259519,2.80327296
15.59,0.01559,34.5162039,2.80297455
15.591,0.015591,34.5068274,2.8027208
15.592,0.015592,34.4975291,2.80260181
15.593,0.015593,34.48826,2.80263221
15.594,0.015594,34.4792682,2.80271714
15.595,0.015595,34.4709666,2.80283475
15.596,0.015596,34.4629517,2.80307565
15.597,0.015597,34.4541441,2.80329767
15.598,0.015598,34.4447392,2.80347468
15.599,0.015599,34.4347953,2.80365438
15.6,0.0156,34.4248408,2.80384216
15.601,0.015601,34.4159198,2.80398943
15.602,0.015602,34.4071853,2.80407353
15.603,0.015603,34.39855,2.80420963
15.604,0.015604,34.3906954,2.80442986
15.605,0.015605,34.383444,2.80458568
15.606,0.015606,34.3767808,2.80464438
15.607,0.015607,34.370015,2.8044356
15.608,0.015608,34.3632168,2.8043683
15.609,0.015609,34.3559022,2.80413978
15.61,0.01561,34.3488242,2.80417771
15.611,0.015611,34.3412071,2.80426957
15.612,0.015612,34.3334379,2.80425762
15.613,0.015613,34.32529,2.80430557
15.614,0.015614,34.3173868,2.80437352
15.615,0.015615,34.3097865,2.80435349
15.616,0.015616,34.3022989,2.80458315
15.617,0.015617,34.2948907,2.8049789
15.618,0.015618,34.2879929,2.80530403
15.619,0.015619,34.2814283,2.80537468
15.62,0.01562,34.2744851,2.80536866
15.621,0.015621,34.2667323,2.80538745
15.622,0.015622,34.258955,2.80550235
15.623,0.015623,34.2523427,2.80569255
15.624,0.015624,34.2455634,2.80603657
15.625,0.015625,34.2383758,2.80646015
15.626,0.015626,34.2302971,2.80693439
15.627,0.015627,34.2219802,2.80753885
15.628,0.015628,34.2138982,2.80803292
15.629,0.015629,34.2063198,2.80820844
15.63,0.01563,34.1989461,2.80831296
15.631,0.015631,34.1918279,2.80860927
15.632,0.015632,34.1846595,2.80884084
15.633,0.015633,34.1773047,2.80906354
15.634,0.015634,34.1701041,2.80937696
15.635,0.015635,34.1631163,2.80983331
15.636,0.015636,34.156495,2.81028585
15.637,0.015637,34.1505305,2.81063147
15.638,0.015638,34.1455011,2.81097414
15.639,0.015639,34.1404327,2.81151888
15.64,0.01564,34.1352663,2.81208682
15.641,0.015641,34.1302924,2.81294482
15.642,0.015642,34.125115,2.81386299
15.643,0.015643,34.121088,2.81481635
15.644,0.015644,34.1169797,2.81589212
15.645,0.015645,34.1130983,2.81687973
15.646,0.015646,34.1098317,2.81790605
15.647,0.015647,34.1073436,2.81897943
15.648,0.015648,34.1056455,2.82006019
15.649,0.015649,34.1049218,2.8214037
15.65,0.01565,34.1041872,2.82258469
15.651,0.015651,34.1035741,2.82365358
15.652,0.015652,34.1027612,2.82484454
15.653,0.015653,34.1021348,2.82614506
15.654,0.015654,34.1014794,2.82725342
15.655,0.015655,34.101328,2.82833375
15.656,0.015656,34.101392,2.82961481
15.657,0.015657,34.1011778,2.83098116
15.658,0.015658,34.1008137,2.83233256
15.659,0.015659,34.1006876,2.83352979
15.66,0.01566,34.1011481,2.83467469
15.661,0.015661,34.1016479,2.83577421
15.662,0.015662,34.1015227,2.83691325
15.663,0.015663,34.1008014,2.83804769
15.664,0.015664,34.0979782,2.83893402
15.665,0.015665,34.0942831,2.83974789
15.666,0.015666,34.089998,2.84026712
15.667,0.015667,34.0858821,2.8408322
15.668,0.015668,34.082245,2.84143615
15.669,0.015669,34.0794848,2.84200995
15.67,0.01567,34.0770021,2.84259473
15.671,0.015671,34.0748668,2.84318304
15.672,0.015672,34.0712203,2.84370844
15.673,0.015673,34.0674687,2.84416071
15.674,0.015674,34.0637624,2.84443979
15.675,0.015675,34.0594952,2.84479866
15.676,0.015676,34.0543906,2.8450509
15.677,0.015677,34.0488839,2.84532376
15.678,0.015678,34.0439995,2.84556974
15.679,0.015679,34.0402174,2.84587299
15.68,0.01568,34.0374991,2.84633448
15.681,0.015681,34.0351714,2.84694076
15.682,0.015682,34.0336371,2.84773878
15.683,0.015683,34.03297,2.84850901
15.684,0.015684,34.0330455,2.84924831
15.685,0.015685,34.0337617,2.84998189
15.686,0.015686,34.0348091,2.85076493
15.687,0.015687,34.0359966,2.85146728
15.688,0.015688,34.0364194,2.85203907
15.689,0.015689,34.0370655,2.85275333
15.69,0.01569,34.0374082,2.85338464
15.691,0.015691,34.0364847,2.85386093
15.692,0.015692,34.035665,2.8543913
15.693,0.015693,34.0354421,2.85490373
15.694,0.015694,34.0351937,2.85543959
15.695,0.015695,34.0342722,2.85588294
15.696,0.015696,34.0331472,2.85631627
15.697,0.015697,34.0315637,2.85665296
15.698,0.015698,34.0299212,2.85703507
15.699,0.015699,34.0290512,2.85753434
15.7,0.0157,34.0285268,2.85794861
15.701,0.015701,34.0285685,2.85820651
15.702,0.015702,34.0290955,2.85851039
15.703,0.015703,34.0294816,2.85872478
15.704,0.015704,34.0295553,2.85892212
15.705,0.015705,34.0306787,2.85927485
15.706,0.015706,34.0316827,2.85971174
15.707,0.015707,34.0324304,2.86012969
15.708,0.015708,34.0336114,2.86058831
15.709,0.015709,34.0341036,2.86083194
15.71,0.01571,34.0339363,2.860991
15.711,0.015711,34.0337239,2.86130349
15.712,0.015712,34.0342479,2.86165698
15.713,0.015713,34.0360084,2.86207838
15.714,0.015714,34.0384967,2.86279294
15.715,0.015715,34.0418452,2.86362054
15.716,0.015716,34.0464567,2.8645958
15.717,0.015717,34.0513085,2.86568467
15.718,0.015718,34.0560225,2.86680181
15.719,0.015719,34.0604918,2.86790101
15.72,0.01572,34.065411,2.86898026
15.721,0.015721,34.0704409,2.87041584
15.722,0.015722,34.0755172,2.8716744
15.723,0.015723,34.0804272,2.87294494
15.724,0.015724,34.0844562,2.87410634
15.725,0.015725,34.0877319,2.87513951
15.726,0.015726,34.0902292,2.87599541
15.727,0.015727,34.0938593,2.87703177
15.728,0.015728,34.0983379,2.87822712
15.729,0.015729,34.1027656,2.87942393
15.73,0.01573,34.1070353,2.88025512
15.731,0.015731,34.1114836,2.88119899
15.732,0.015732,34.1152062,2.88233115
15.733,0.015733,34.1194702,2.88350344
15.734,0.015734,34.1248818,2.88487269
15.735,0.015735,34.1303261,2.88611156
15.736,0.015736,34.1356159,2.88740177
15.737,0.015737,34.139992,2.8883766
15.738,0.015738,34.1436517,2.88926359
15.739,0.015739,34.14589,2.89035764
15.74,0.01574,34.1470378,2.89138928
15.741,0.015741,34.148414,2.89239412
15.742,0.015742,34.149639,2.89327617
15.743,0.015743,34.1501957,2.89422101
15.744,0.015744,34.1500737,2.89520761
15.745,0.015745,34.1495696,2.89621281
15.746,0.015746,34.1487301,2.89712344
15.747,0.015747,34.1473602,2.89787472
15.748,0.015748,34.145839,2.89858233
15.749,0.015749,34.1438668,2.89936453
15.75,0.01575,34.1411536,2.9000456
15.751,0.015751,34.1372682,2.9007781
15.752,0.015752,34.1339283,2.90157743
15.753,0.015753,34.1321385,2.90236958
15.754,0.015754,34.1305213,2.90314565
15.755,0.015755,34.1286686,2.90409824
15.756,0.015756,34.1263797,2.90503568
15.757,0.015757,34.1248848,2.90625058
15.758,0.015758,34.1239648,2.90760828
15.759,0.015759,34.1228062,2.9090605
15.76,0.01576,34.1221485,2.91079691
15.761,0.015761,34.1215329,2.91250323
15.762,0.015762,34.1204512,2.91428537
15.763,0.015763,34.1199997,2.91571936
15.764,0.015764,34.1199887,2.91714776
15.765,0.015765,34.1197693,2.91866838
15.766,0.015766,34.1191263,2.92027721
15.767,0.015767,34.1176532,2.92196794
15.768,0.015768,34.1150429,2.92365394
15.769,0.015769,34.1106466,2.92549961
15.77,0.01577,34.1067387,2.92723257
15.771,0.015771,34.1036715,2.92891515
15.772,0.015772,34.0996791,2.93041465
15.773,0.015773,34.0952951,2.931776
15.774,0.015774,34.0907648,2.93307502
15.775,0.015775,34.0865961,2.93429996
15.776,0.015776,34.0833863,2.935681
15.777,0.015777,34.0807313,2.93705363
15.778,0.015778,34.0776459,2.93838571
15.779,0.015779,34.0744698,2.93969114
15.78,0.01578,34.0711065,2.94101437
15.781,0.015781,34.0682963,2.94236214
15.782,0.015782,34.0658376,2.94367637
15.783,0.015783,34.0627513,2.94513487
15.784,0.015784,34.0592973,2.9466736
15.785,0.015785,34.0573757,2.94853225
15.786,0.015786,34.0566934,2.95060883
15.787,0.015787,34.0554967,2.952685
15.788,0.015788,34.0540222,2.95481324
15.789,0.015789,34.0513013,2.95679418
15.79,0.01579,34.0469305,2.95868259
15.791,0.015791,34.0411258,2.96043299
15.792,0.015792,34.0351856,2.96221163
15.793,0.015793,34.0291302,2.96399834
15.794,0.015794,34.0229971,2.96598287
15.795,0.015795,34.0177666,2.96811943
15.796,0.015796,34.0140006,2.97029413
15.797,0.015797,34.011839,2.97265427
15.798,0.015798,34.011152,2.97499418
15.799,0.015799,34.0123182,2.9774553
15.8,0.0158,34.0133983,2.97997592
15.801,0.015801,34.0140924,2.98256195
15.802,0.015802,34.0151532,2.98526252
15.803,0.015803,34.0168476,2.98801016
15.804,0.015804,34.0200353,2.99055005
15.805,0.015805,34.023569,2.99314854
15.806,0.015806,34.0259081,2.99579446
15.807,0.015807,34.027675,2.99824855
15.808,0.015808,34.0294282,3.00060768
15.809,0.015809,34.0315749,3.00328059
15.81,0.01581,34.0341029,3.00604729
15.811,0.015811,34.036979,3.00877913
15.812,0.015812,34.0395598,3.01129228
15.813,0.015813,34.0415682,3.01367443
15.814,0.015814,34.0431768,3.016236
15.815,0.015815,34.0435543,3.01871607
15.816,0.015816,34.0420371,3.02080699
15.817,0.015817,34.0386918,3.02272597
15.818,0.015818,34.0339566,3.02468992
15.819,0.015819,34.0283253,3.02665393
15.82,0.01582,34.0225651,3.02878647
15.821,0.015821,34.0166656,3.03123677
15.822,0.015822,34.010563,3.03348061
15.823,0.015823,34.0036631,3.0354404
15.824,0.015824,33.9971473,3.03739155
15.825,0.015825,33.991213,3.03927595
15.826,0.015826,33.9857638,3.04111897
15.827,0.015827,33.9812987,3.0429799
15.828,0.015828,33.9781605,3.04506976
15.829,0.015829,33.9759091,3.04694378
15.83,0.01583,33.9747792,3.04874334
15.831,0.015831,33.9737416,3.05073264
15.832,0.015832,33.9728955,3.05268325
15.833,0.015833,33.9725281,3.05483727
15.834,0.015834,33.9709734,3.05697813
15.835,0.015835,33.9685059,3.05908509
15.836,0.015836,33.9648577,3.0611384
15.837,0.015837,33.9587894,3.06278311
15.838,0.015838,33.9513916,3.06430054
15.839,0.015839,33.9428822,3.06585274
15.84,0.01584,33.9338562,3.06741264
15.841,0.015841,33.924474,3.06887825
15.842,0.015842,33.9132101,3.07013003
15.843,0.015843,33.900531,3.07138634
15.844,0.015844,33.8865344,3.07245789
15.845,0.015845,33.8723907,3.07325877
15.846,0.015846,33.8583021,3.07384014
15.847,0.015847,33.8449116,3.07456321
15.848,0.015848,33.8298079,3.0754797
15.849,0.015849,33.8136617,3.07655284
15.85,0.01585,33.7959385,3.07733244
15.851,0.015851,33.7769169,3.07791974
15.852,0.015852,33.7573323,3.07823922
15.853,0.015853,33.7376162,3.07872628
15.854,0.015854,33.7177132,3.0791854
15.855,0.015855,33.6996845,3.07944592
15.856,0.015856,33.6824269,3.07957587
15.857,0.015857,33.6667529,3.07981224
15.858,0.015858,33.6515285,3.08006468
15.859,0.015859,33.6362791,3.08037508
15.86,0.01586,33.6200084,3.08028494
15.861,0.015861,33.6035209,3.08010756
15.862,0.015862,33.5874877,3.08001366
15.863,0.015863,33.5725748,3.07995002
15.864,0.015864,33.5593203,3.07969858
15.865,0.015865,33.547057,3.0794405
15.866,0.015866,33.5359955,3.07943664
15.867,0.015867,33.5258434,3.07938923
15.868,0.015868,33.5151152,3.07928566
15.869,0.015869,33.5047701,3.07902343
15.87,0.01587,33.4952487,3.07917499
15.871,0.015871,33.4859838,3.07916891
15.872,0.015872,33.4772431,3.07894118
15.873,0.015873,33.46914,3.0789586
15.874,0.015874,33.4613355,3.07920106
15.875,0.015875,33.4537005,3.0794602
15.876,0.015876,33.445701,3.07949123
15.877,0.015877,33.4371396,3.07933489
15.878,0.015878,33.4285685,3.07938723
15.879,0.015879,33.4200956,3.07964628
15.88,0.01588,33.412047,3.07999462
15.881,0.015881,33.4050139,3.08043054
15.882,0.015882,33.3985325,3.08069306
15.883,0.015883,33.3915541,3.08046207
15.884,0.015884,33.3847446,3.08036354
15.885,0.015885,33.3785919,3.08035886
15.886,0.015886,33.3729637,3.08024944
15.887,0.015887,33.3667657,3.0803309
15.888,0.015888,33.3597581,3.08021702
15.889,0.015889,33.3531166,3.08000185
15.89,0.01589,33.3485572,3.08009704
15.891,0.015891,33.3454647,3.08013556
15.892,0.015892,33.3423182,3.08017579
15.893,0.015893,33.3385438,3.08011504
15.894,0.015894,33.3330296,3.079877
15.895,0.015895,33.3245345,3.07937426
15.896,0.015896,33.3136965,3.07851266
15.897,0.015897,33.303336,3.07798597
15.898,0.015898,33.2926641,3.07722903
15.899,0.015899,33.2820112,3.07641393
15.9,0.0159,33.2705044,3.07516032
15.901,0.015901,33.2600344,3.0741861
15.902,0.015902,33.249809,3.07297535
15.903,0.015903,33.2393774,3.07196214
15.904,0.015904,33.2286903,3.07125528
15.905,0.015905,33.2178552,3.07054079
15.906,0.015906,33.2050244,3.06967371
15.907,0.015907,33.191609,3.06886581
15.908,0.015908,33.1790824,3.06844112
15.909,0.015909,33.167889,3.0680221
15.91,0.01591,33.1572914,3.06726194
15.911,0.015911,33.1478175,3.0668899
15.912,0.015912,33.1385107,3.06671802
15.913,0.015913,33.1316274,3.06617743
15.914,0.015914,33.12726,3.06562003
15.915,0.015915,33.123904,3.06519387
15.916,0.015916,33.1213521,3.06465506
15.917,0.015917,33.120621,3.06433981
15.918,0.015918,33.1205376,3.06398028
15.919,0.015919,33.1201892,3.06337949
15.92,0.01592,33.1194927,3.06264721
15.921,0.015921,33.1182103,3.06204756
15.922,0.015922,33.1168756,3.06169762
15.923,0.015923,33.1135516,3.06106128
15.924,0.015924,33.1078944,3.06026723
15.925,0.015925,33.1008631,3.05917024
15.926,0.015926,33.0937311,3.05817485
15.927,0.015927,33.0850494,3.05709786
15.928,0.015928,33.0752873,3.05588217
15.929,0.015929,33.0647596,3.05500264
15.93,0.01593,33.0541629,3.05399963
15.931,0.015931,33.0444507,3.05317827
15.932,0.015932,33.0341809,3.05241634
15.933,0.015933,33.023083,3.05162015
15.934,0.015934,33.0118032,3.05095208
15.935,0.015935,33.0000738,3.05029119
15.936,0.015936,32.9878842,3.04921296
15.937,0.015937,32.9752151,3.04789116
15.938,0.015938,32.9629487,3.0460618
15.939,0.015939,32.9510071,3.04384795
15.94,0.01594,32.9397528,3.0414755
15.941,0.015941,32.9266713,3.03914317
15.942,0.015942,32.9115952,3.03670846
15.943,0.015943,32.8968688,3.03434763
15.944,0.015944,32.883094,3.03189643
15.945,0.015945,32.8691728,3.02939886
15.946,0.015946,32.8555895,3.02694139
15.947,0.015947,32.8427032,3.02507077
15.948,0.015948,32.8276561,3.02279783
15.949,0.015949,32.8115899,3.02037855
15.95,0.01595,32.7943464,3.01764117
15.951,0.015951,32.776198,3.01474622
15.952,0.015952,32.7587053,3.0118405
15.953,0.015953,32.7426469,3.00921639
15.954,0.015954,32.7272621,3.00654173
15.955,0.015955,32.7117186,3.00374594
15.956,0.015956,32.6971674,3.00073169
15.957,0.015957,32.6824371,2.99727272
15.958,0.015958,32.6688485,2.9937897
15.959,0.015959,32.6554469,2.99009081
15.96,0.01596,32.6429421,2.98613818
15.961,0.015961,32.6302732,2.98238032
15.962,0.015962,32.6187825,2.9788436
15.963,0.015963,32.6087149,2.97541343
15.964,0.015964,32.5992578,2.97228117
15.965,0.015965,32.5903332,2.96968257
15.966,0.015966,32.5811293,2.9672935
15.967,0.015967,32.5733969,2.96500867
15.968,0.015968,32.5672894,2.96249428
15.969,0.015969,32.5625486,2.96031477
15.97,0.01597,32.5562686,2.95779292
15.971,0.015971,32.55122,2.95482688
15.972,0.015972,32.5474488,2.95151695
15.973,0.015973,32.5445598,2.94821642
15.974,0.015974,32.5422627,2.94500473
15.975,0.015975,32.5421191,2.94194029
15.976,0.015976,32.5412957,2.93878177
15.977,0.015977,32.5389357,2.9358542
15.978,0.015978,32.5355637,2.93292313
15.979,0.015979,32.532046,2.93015966
15.98,0.01598,32.5287917,2.92757723
15.981,0.015981,32.5284316,2.92535006
15.982,0.015982,32.5317804,2.92318243
15.983,0.015983,32.5354787,2.9210581
15.984,0.015984,32.5400868,2.91950759
15.985,0.015985,32.5446225,2.91753476
15.986,0.015986,32.5479958,2.91510433
15.987,0.015987,32.5500146,2.91214457
15.988,0.015988,32.5513331,2.90902589
15.989,0.015989,32.5524686,2.90557956
15.99,0.01599,32.5544336,2.90222167
15.991,0.015991,32.5549777,2.89865001
15.992,0.015992,32.5570187,2.89529027
15.993,0.015993,32.5593799,2.89188888
15.994,0.015994,32.5618901,2.88897663
15.995,0.015995,32.5626459,2.88618633
15.996,0.015996,32.5611296,2.88376645
15.997,0.015997,32.5601935,2.88149428
15.998,0.015998,32.5585934,2.87952006
15.999,0.015999,32.554109,2.87752608
16,0.016,32.5484295,2.8754435
16.001,0.016001,32.5392102,2.87279745
16.002,0.016002,32.5269179,2.86981038
16.003,0.016003,32.5120762,2.86652542
16.004,0.016004,32.496004,2.86315428
16.005,0.016005,32.4811008,2.85991018
16.006,0.016006,32.4670663,2.85635043
16.007,0.016007,32.4545401,2.85274394
16.008,0.016008,32.441952,2.8491944
16.009,0.016009,32.4279924,2.84583195
16.01,0.01601,32.4138452,2.84261032
16.011,0.016011,32.399785,2.83994415
16.012,0.016012,32.3869046,2.83719102
16.013,0.016013,32.3765458,2.83419864
16.014,0.016014,32.3654334,2.83066233
16.015,0.016015,32.3524804,2.82656862
16.016,0.016016,32.3394718,2.82229229
16.017,0.016017,32.3269105,2.81809661
16.018,0.016018,32.3118706,2.81369257
16.019,0.016019,32.2962308,2.80901486
16.02,0.01602,32.2813176,2.80491277
16.021,0.016021,32.2651901,2.80091361
16.022,0.016022,32.247838,2.79709577
16.023,0.016023,32.228252,2.79321993
16.024,0.016024,32.2079523,2.78919223
16.025,0.016025,32.1863723,2.78543731
16.026,0.016026,32.162847,2.78151022
16.027,0.016027,32.13846,2.77773214
16.028,0.016028,32.1136681,2.7742378
16.029,0.016029,32.0895885,2.77132097
16.03,0.01603,32.065045,2.76835998
16.031,0.016031,32.0414198,2.76616483
16.032,0.016032,32.0189503,2.76416933
16.033,0.016033,31.9952101,2.76170566
16.034,0.016034,31.9692961,2.75922444
16.035,0.016035,31.9444031,2.7569133
16.036,0.016036,31.9187837,2.75478927
16.037,0.016037,31.8942899,2.75328146
16.038,0.016038,31.8696575,2.7516936
16.039,0.016039,31.8448707,2.74960337
16.04,0.01604,31.8191804,2.74711827
16.041,0.016041,31.7903717,2.74478525
16.042,0.016042,31.7565945,2.74223088
16.043,0.016043,31.7186427,2.73934394
16.044,0.016044,31.6799334,2.73642966
16.045,0.016045,31.6414687,2.73342024
16.046,0.016046,31.60364,2.73031909
16.047,0.016047,31.567651,2.72733233
16.048,0.016048,31.5308663,2.72449449
16.049,0.016049,31.4948242,2.7221662
16.05,0.01605,31.4624801,2.71961526
16.051,0.016051,31.4279702,2.71692623
16.052,0.016052,31.3954147,2.71460571
16.053,0.016053,31.364885,2.71250672
16.054,0.016054,31.3339481,2.71107346
16.055,0.016055,31.3024906,2.7098227
16.056,0.016056,31.2710768,2.70870468
16.057,0.016057,31.2399365,2.70695385
16.058,0.016058,31.2088838,2.70443014
16.059,0.016059,31.1796284,2.7021312
16.06,0.01606,31.1511679,2.69939601
16.061,0.016061,31.1214443,2.69685451
16.062,0.016062,31.0913131,2.69437378
16.063,0.016063,31.0599599,2.69197625
16.064,0.016064,31.0285197,2.68931456
16.065,0.016065,31.000825,2.6871449
16.066,0.016066,30.9759133,2.68510699
16.067,0.016067,30.9496642,2.6826022
16.068,0.016068,30.9229732,2.68015476
16.069,0.016069,30.8951799,2.6774098
16.07,0.01607,30.8679674,2.67497654
16.071,0.016071,30.841869,2.67292483
16.072,0.016072,30.8151384,2.66982813
16.073,0.016073,30.790394,2.66707116
16.074,0.016074,30.7672139,2.66476865
16.075,0.016075,30.7407765,2.66187937
16.076,0.016076,30.7108882,2.65877226
16.077,0.016077,30.6789698,2.6547775
16.078,0.016078,30.6495159,2.65111091
16.079,0.016079,30.6239066,2.6483368
16.08,0.01608,30.5993318,2.64616922
16.081,0.016081,30.5740194,2.64415191
16.082,0.016082,30.5465797,2.64182233
16.083,0.016083,30.5155691,2.63907243
16.084,0.016084,30.4822539,2.63597072
16.085,0.016085,30.4489227,2.632928
16.086,0.016086,30.4157775,2.63052595
16.087,0.016087,30.3812235,2.62838995
16.088,0.016088,30.3466003,2.62580648
16.089,0.016089,30.3137286,2.62318695
16.09,0.01609,30.2803915,2.62067241
16.091,0.016091,30.248443,2.6183221
16.092,0.016092,30.2146627,2.61567719
16.093,0.016093,30.1800862,2.61258214
16.094,0.016094,30.1466908,2.60969139
16.095,0.016095,30.1135377,2.60649889
16.096,0.016096,30.0795726,2.60279285
16.097,0.016097,30.0464554,2.59902336
16.098,0.016098,30.0132498,2.59537446
16.099,0.016099,29.982031,2.59167752
16.1,0.0161,29.9528267,2.58820815
16.101,0.016101,29.9237613,2.58383133
16.102,0.016102,29.8935997,2.5792038
16.103,0.016103,29.8644513,2.5747019
16.104,0.016104,29.8359372,2.57011164
16.105,0.016105,29.8083489,2.56580903
16.106,0.016106,29.7786906,2.56137943
16.107,0.016107,29.7497789,2.55685258
16.108,0.016108,29.7240976,2.55204691
16.109,0.016109,29.701126,2.54816448
16.11,0.01611,29.6811958,2.54463564
16.111,0.016111,29.6629141,2.54174089
16.112,0.016112,29.6460632,2.53980407
16.113,0.016113,29.6255788,2.53845865
16.114,0.016114,29.6036788,2.53766866
16.115,0.016115,29.5821081,2.53772166
16.116,0.016116,29.5612064,2.5383355
16.117,0.016117,29.5384366,2.53887047
16.118,0.016118,29.5153495,2.53927074
16.119,0.016119,29.4961675,2.53954042
16.12,0.01612,29.4789397,2.53971806
16.121,0.016121,29.4611503,2.54042717
16.122,0.016122,29.4401786,2.54082468
16.123,0.016123,29.4202411,2.54100098
16.124,0.016124,29.4002545,2.54094816
16.125,0.016125,29.3777321,2.54062357
16.126,0.016126,29.3580672,2.54070114
16.127,0.016127,29.3389812,2.54118855
16.128,0.016128,29.3141781,2.54164223
16.129,0.016129,29.2878526,2.54245367
16.13,0.01613,29.263841,2.54345358
16.131,0.016131,29.2421301,2.54445247
16.132,0.016132,29.2203658,2.54545733
16.133,0.016133,29.2009747,2.54613504
16.134,0.016134,29.184527,2.54673833
16.135,0.016135,29.1692322,2.54785006
16.136,0.016136,29.1548039,2.54876591
16.137,0.016137,29.1443479,2.55018529
16.138,0.016138,29.1373496,2.55184667
16.139,0.016139,29.1355315,2.5533966
16.14,0.01614,29.1378525,2.5554164
16.141,0.016141,29.1457971,2.55793355
16.142,0.016142,29.1521689,2.56050116
16.143,0.016143,29.1529912,2.56311755
16.144,0.016144,29.1530618,2.56558082
16.145,0.016145,29.1475219,2.56819698
16.146,0.016146,29.1348887,2.57066644
16.147,0.016147,29.116054,2.57301093
16.148,0.016148,29.0978436,2.57620076
16.149,0.016149,29.0764695,2.58001661
16.15,0.01615,29.0510623,2.58458235
16.151,0.016151,29.020817,2.58816381
16.152,0.016152,28.9897436,2.5917816
16.153,0.016153,28.9567942,2.59607636
16.154,0.016154,28.9199002,2.60080587
16.155,0.016155,28.8806587,2.60531759
16.156,0.016156,28.8398792,2.60946442
16.157,0.016157,28.7981104,2.61435687
16.158,0.016158,28.7578187,2.61943834
16.159,0.016159,28.7169969,2.62500358
16.16,0.01616,28.6754073,2.63051883
16.161,0.016161,28.6346366,2.63678333
16.162,0.016162,28.5993958,2.64257101
16.163,0.016163,28.5703519,2.64958907
16.164,0.016164,28.5440777,2.65763343
16.165,0.016165,28.5179046,2.66541272
16.166,0.016166,28.489145,2.67259233
16.167,0.016167,28.4617447,2.67985968
16.168,0.016168,28.4326883,2.6874927
16.169,0.016169,28.3980765,2.69484763
16.17,0.01617,28.3609329,2.70155031
16.171,0.016171,28.3205702,2.70722737
16.172,0.016172,28.2837801,2.71215283
16.173,0.016173,28.2534271,2.71681244
16.174,0.016174,28.2255036,2.72080816
16.175,0.016175,28.2116901,2.72570112
16.176,0.016176,28.2003446,2.72997758
16.177,0.016177,28.1876971,2.73280559
16.178,0.016178,28.1689167,2.73493197
16.179,0.016179,28.1467531,2.73752479
16.18,0.01618,28.1266378,2.74095032
16.181,0.016181,28.1060969,2.74329604
16.182,0.016182,28.0879607,2.74673771
16.183,0.016183,28.0688725,2.75071817
16.184,0.016184,28.0545748,2.75649484
16.185,0.016185,28.043115,2.76312113
16.186,0.016186,28.0324267,2.76915867
16.187,0.016187,28.0202927,2.77493489
16.188,0.016188,28.0056126,2.77924164
16.189,0.016189,27.9836397,2.78181215
16.19,0.01619,27.9559015,2.7818599
16.191,0.016191,27.9291523,2.78332697
16.192,0.016192,27.9023489,2.78377495
16.193,0.016193,27.8761376,2.78210734
16.194,0.016194,27.8518925,2.7812183
16.195,0.016195,27.8359585,2.7791514
16.196,0.016196,27.8236511,2.77747718
16.197,0.016197,27.8114963,2.77673192
16.198,0.016198,27.7978827,2.77444412
16.199,0.016199,27.773123,2.77187739
16.2,0.0162,27.7430134,2.76782129
16.201,0.016201,27.7159261,2.76657575
16.202,0.016202,27.6933232,2.76626518
16.203,0.016203,27.6698842,2.76548213
16.204,0.016204,27.6478454,2.76439528
16.205,0.016205,27.6271967,2.76285713
16.206,0.016206,27.6053334,2.76234725
16.207,0.016207,27.569347,2.76086894
16.208,0.016208,27.5420659,2.7597068
16.209,0.016209,27.5170075,2.75927283
16.21,0.01621,27.4887282,2.75747335
16.211,0.016211,27.4443198,2.75401089
16.212,0.016212,27.397534,2.75096253
16.213,0.016213,27.3539057,2.74897963
16.214,0.016214,27.3055532,2.74541789
16.215,0.016215,27.2556536,2.74059447
16.216,0.016216,27.2089818,2.73420449
16.217,0.016217,27.1756472,2.72779399
16.218,0.016218,27.1590333,2.72097617
16.219,0.016219,27.155413,2.71850826
16.22,0.01622,27.1511702,2.7167613
16.221,0.016221,27.1616317,2.71442989
16.222,0.016222,27.1822126,2.71444678
16.223,0.016223,27.2018765,2.71884173
16.224,0.016224,27.2167759,2.7255515
16.225,0.016225,27.2369432,2.72945833
16.226,0.016226,27.2683879,2.73464162
16.227,0.016227,27.3052392,2.73710578
16.228,0.016228,27.3431313,2.74076096
16.229,0.016229,27.3924118,2.74713367
16.23,0.01623,27.4403449,2.75463347
16.231,0.016231,27.4831421,2.75834276
16.232,0.016232,27.5250385,2.7610029
16.233,0.016233,27.5699843,2.76435179
16.234,0.016234,27.6139879,2.76619434
16.235,0.016235,27.6338356,2.76576401
16.236,0.016236,27.6514015,2.76682125
16.237,0.016237,27.6701967,2.76657758
16.238,0.016238,27.681977,2.76752125
16.239,0.016239,27.7181899,2.77223646
16.24,0.01624,27.7728418,2.77695053
16.241,0.016241,27.8608265,2.78046713
16.242,0.016242,27.9720209,2.78186372
16.243,0.016243,28.0952643,2.79377628
16.244,0.016244,28.2211413,2.8169276
16.245,0.016245,28.3525265,2.85336504
16.246,0.016246,28.4622334,2.88318706
16.247,0.016247,28.5458835,2.90046619
16.248,0.016248,28.6030953,2.91723691
16.249,0.016249,28.6492518,2.93094482
16.25,0.01625,28.7299638,2.96268336
16.251,0.016251,28.8232483,2.97589629
16.252,0.016252,28.935172,2.98785942
16.253,0.016253,28.9584048,3.00155738
16.254,0.016254,28.8251739,2.99449448
16.255,0.016255,28.6905403,3.02958803
